#VRML V2.0 utf8
# 3D model generated by Easy ECAD Downloader

Shape{
    appearance Appearance {
        material  Material {
            diffuseColor 1.0 1.0 1.0
            specularColor 0.5019607843137255 0.5019607843137255 0.5019607843137255
            ambientIntensity 0.2
            transparency 0
            shininess 0.5
        }
    }
    geometry IndexedFaceSet {
        ccw TRUE
        solid FALSE
        coord DEF co Coordinate {
            point [
                0.5118 0.6693 0.0079, 0.5118 0.6693 0.0000, 0.5127 0.6607 0.0000, 0.5127 0.6607 0.0079, 0.5155 0.6526 0.0000, 0.5155 0.6526 0.0079, 0.5200 0.6453 0.0000, 0.5200 0.6453 0.0079, 0.5906 0.7158 0.0079, 0.5906 0.7158 0.0000, 0.5906 0.7874 0.0079, 0.5906 0.7913 0.0000, 0.5906 0.7874 0.0866, 0.5906 0.7913 0.0866, 0.5118 0.7913 0.0000, -0.5906 0.7874 0.0866, -0.5906 0.7913 0.0866, -0.5906 0.7874 0.0079, -0.5906 0.7913 0.0000, -0.5906 0.7158 0.0079, -0.5906 0.7158 0.0000, -0.5200 0.6453 0.0079, -0.5200 0.6453 0.0000, -0.5155 0.6526 0.0000, -0.5155 0.6526 0.0079, -0.5127 0.6607 0.0000, -0.5127 0.6607 0.0079, -0.5118 0.6693 0.0000, -0.5118 0.6693 0.0079, -0.5118 0.7913 0.0000, -0.6693 0.5118 0.0079, -0.6693 0.5118 0.0000, -0.6607 0.5127 0.0000, -0.6607 0.5127 0.0079, -0.6526 0.5155 0.0000, -0.6526 0.5155 0.0079, -0.6453 0.5200 0.0000, -0.6453 0.5200 0.0079, -0.7158 0.5906 0.0079, -0.7158 0.5906 0.0000, -0.7874 0.5906 0.0079, -0.7913 0.5906 0.0000, -0.7874 0.5906 0.0866, -0.7913 0.5906 0.0866, -0.7913 0.5118 0.0000, 0.5906 -0.7874 0.0866, 0.5906 -0.7913 0.0866, 0.5906 -0.7874 0.0079, 0.5906 -0.7913 0.0000, 0.5906 -0.7158 0.0079, 0.5906 -0.7158 0.0000, 0.5200 -0.6453 0.0079, 0.5200 -0.6453 0.0000, 0.5155 -0.6526 0.0000, 0.5155 -0.6526 0.0079, 0.5127 -0.6607 0.0000, 0.5127 -0.6607 0.0079, 0.5118 -0.6693 0.0000, 0.5118 -0.6693 0.0079, 0.5118 -0.7913 0.0000, 0.6693 -0.5118 0.0079, 0.6693 -0.5118 0.0000, 0.6607 -0.5127 0.0000, 0.6607 -0.5127 0.0079, 0.6526 -0.5155 0.0000, 0.6526 -0.5155 0.0079, 0.6453 -0.5200 0.0000, 0.6453 -0.5200 0.0079, 0.7158 -0.5906 0.0079, 0.7158 -0.5906 0.0000, 0.7874 -0.5906 0.0079, 0.7913 -0.5906 0.0000, 0.7874 -0.5906 0.0866, 0.7913 -0.5906 0.0866, 0.7913 -0.5118 0.0000, 0.7874 0.5906 0.0866, 0.7913 0.5906 0.0866, 0.7874 0.5906 0.0079, 0.7913 0.5906 0.0000, 0.7158 0.5906 0.0079, 0.7158 0.5906 0.0000, 0.6453 0.5200 0.0079, 0.6453 0.5200 0.0000, 0.6526 0.5155 0.0000, 0.6526 0.5155 0.0079, 0.6607 0.5127 0.0000, 0.6607 0.5127 0.0079, 0.6693 0.5118 0.0000, 0.6693 0.5118 0.0079, 0.7913 0.5118 0.0000, -0.7874 -0.5906 0.0866, -0.7913 -0.5906 0.0866, -0.7874 -0.5906 0.0079, -0.7913 -0.5906 0.0000, -0.7158 -0.5906 0.0079, -0.7158 -0.5906 0.0000, -0.6453 -0.5200 0.0079, -0.6453 -0.5200 0.0000, -0.6526 -0.5155 0.0000, -0.6526 -0.5155 0.0079, -0.6607 -0.5127 0.0000, -0.6607 -0.5127 0.0079, -0.6693 -0.5118 0.0000, -0.6693 -0.5118 0.0079, -0.7913 -0.5118 0.0000, -0.5118 -0.6693 0.0079, -0.5118 -0.6693 0.0000, -0.5127 -0.6607 0.0000, -0.5127 -0.6607 0.0079, -0.5155 -0.6526 0.0000, -0.5155 -0.6526 0.0079, -0.5200 -0.6453 0.0000, -0.5200 -0.6453 0.0079, -0.5906 -0.7158 0.0079, -0.5906 -0.7158 0.0000, -0.5906 -0.7874 0.0079, -0.5906 -0.7913 0.0000, -0.5906 -0.7874 0.0866, -0.5906 -0.7913 0.0866, -0.5118 -0.7913 0.0000, -0.5118 -0.7913 0.0000
            ]
        }
        coordIndex [
            0 1 2 -1,0 2 3 -1,3 2 4 -1,3 4 5 -1,5 4 6 -1,5 6 7 -1,8 9 10 -1,10 9 11 -1,10 11 12 -1,12 11 13 -1,14 11 1 -1,1 11 9 -1,6 4 9 -1,9 4 2 -1,9 2 1 -1,15 16 17 -1,17 16 18 -1,17 18 19 -1,19 18 20 -1,21 22 23 -1,21 23 24 -1,24 23 25 -1,24 25 26 -1,26 25 27 -1,26 27 28 -1,18 29 20 -1,20 29 27 -1,27 25 20 -1,20 25 23 -1,20 23 22 -1,30 31 32 -1,30 32 33 -1,33 32 34 -1,33 34 35 -1,35 34 36 -1,35 36 37 -1,38 39 40 -1,40 39 41 -1,40 41 42 -1,42 41 43 -1,39 36 34 -1,44 41 31 -1,31 41 39 -1,31 39 32 -1,32 39 34 -1,45 46 47 -1,47 46 48 -1,47 48 49 -1,49 48 50 -1,51 52 53 -1,51 53 54 -1,54 53 55 -1,54 55 56 -1,56 55 57 -1,56 57 58 -1,48 59 50 -1,50 59 57 -1,57 55 50 -1,50 55 53 -1,50 53 52 -1,60 61 62 -1,60 62 63 -1,63 62 64 -1,63 64 65 -1,65 64 66 -1,65 66 67 -1,68 69 70 -1,70 69 71 -1,70 71 72 -1,72 71 73 -1,69 66 64 -1,74 71 61 -1,61 71 69 -1,61 69 62 -1,62 69 64 -1,75 76 77 -1,77 76 78 -1,77 78 79 -1,79 78 80 -1,81 82 83 -1,81 83 84 -1,84 83 85 -1,84 85 86 -1,86 85 87 -1,86 87 88 -1,78 89 80 -1,80 89 87 -1,87 85 80 -1,80 85 83 -1,80 83 82 -1,90 91 92 -1,92 91 93 -1,92 93 94 -1,94 93 95 -1,96 97 98 -1,96 98 99 -1,99 98 100 -1,99 100 101 -1,101 100 102 -1,101 102 103 -1,93 104 95 -1,95 104 102 -1,102 100 95 -1,95 100 98 -1,95 98 97 -1,105 106 107 -1,105 107 108 -1,108 107 109 -1,108 109 110 -1,110 109 111 -1,110 111 112 -1,113 114 115 -1,115 114 116 -1,115 116 117 -1,117 116 118 -1,119 116 106 -1,106 116 114 -1,111 109 114 -1,114 109 107 -1,114 107 106 -1,
        ]
    }
}
Shape{
    appearance Appearance {
        material  Material {
            diffuseColor 0.2235294117647059 0.2235294117647059 0.2235294117647059
            specularColor 0.11372549019607843 0.11372549019607843 0.11372549019607843
            ambientIntensity 0.2
            transparency 0
            shininess 0.5
        }
    }
    geometry IndexedFaceSet {
        ccw TRUE
        solid FALSE
        coord DEF co Coordinate {
            point [
                -0.4455 -0.6846 0.3819, -0.4477 -0.6832 0.3819, -0.4477 -0.6930 0.3819, -0.4385 -0.6976 0.3819, -0.4400 -0.6978 0.3819, -0.4307 -0.6978 0.3819, -0.5491 -0.6305 0.3819, -0.5419 -0.6366 0.3819, -0.5024 -0.6013 0.3819, -0.5024 -0.6390 0.3819, -0.5828 -0.5982 0.3819, -0.5783 -0.6013 0.3819, -0.5724 -0.6054 0.3819, -0.5634 -0.6160 0.3819, -0.5582 -0.6262 0.3819, -0.5569 -0.6266 0.3819, -0.5959 -0.5932 0.3819, -0.5024 -0.0544 0.3819, -0.6083 -0.5917 0.3819, -0.6893 -0.0544 0.3819, -0.6203 -0.5930 0.3819, -0.6325 -0.5974 0.3819, -0.6942 -0.6338 0.3819, -0.6893 -0.6275 0.3819, -0.6893 -0.6013 0.3819, -0.6879 -0.6257 0.3819, -0.6679 -0.6143 0.3819, -0.6576 -0.6130 0.3819, -0.6861 -0.6240 0.3819, -0.6777 -0.6181 0.3819, -0.6388 -0.6013 0.3819, -0.6399 -0.6019 0.3819, -0.6461 -0.6072 0.3819, -0.6545 -0.6132 0.3819, -0.6515 -0.6135 0.3819, -0.7874 -0.6013 0.3819, -0.7874 -0.6390 0.3819, -0.6965 -0.6390 0.3819, -0.6893 -0.6842 0.3819, -0.6952 -0.6758 0.3819, -0.7874 -0.6978 0.3819, -0.6990 -0.6660 0.3819, -0.7874 -0.6499 0.3819, -0.7003 -0.6557 0.3819, -0.7002 -0.6532 0.3819, -0.6996 -0.6499 0.3819, -0.6984 -0.6433 0.3819, -0.6681 -0.6971 0.3819, -0.6714 -0.6961 0.3819, -0.6893 -0.6978 0.3819, -0.6810 -0.6915 0.3819, -0.6892 -0.6844 0.3819, -0.6564 -0.7115 0.3819, -0.6615 -0.7076 0.3819, -0.6893 -0.7125 0.3819, -0.6655 -0.7027 0.3819, -0.6678 -0.6978 0.3819, -0.6431 -0.7150 0.3819, -0.6893 -0.7874 0.3819, -0.6367 -0.7142 0.3819, -0.5024 -0.7874 0.3819, -0.6322 -0.7125 0.3819, -0.6441 -0.7150 0.3819, -0.6503 -0.7140 0.3819, -0.6540 -0.7125 0.3819, -0.6184 -0.6978 0.3819, -0.6184 -0.6979 0.3819, -0.5024 -0.7125 0.3819, -0.6215 -0.7038 0.3819, -0.6256 -0.7083 0.3819, -0.6308 -0.7120 0.3819, -0.5333 -0.6521 0.3819, -0.5321 -0.6607 0.3819, -0.5024 -0.6499 0.3819, -0.5847 -0.6823 0.3819, -0.5829 -0.6815 0.3819, -0.5798 -0.6665 0.3819, -0.6233 -0.6710 0.3819, -0.5880 -0.6525 0.3819, -0.6279 -0.6668 0.3819, -0.6335 -0.6638 0.3819, -0.5863 -0.6834 0.3819, -0.5486 -0.6587 0.3819, -0.5498 -0.6536 0.3819, -0.5518 -0.6499 0.3819, -0.6830 -0.6499 0.3819, -0.5333 -0.6701 0.3819, -0.5366 -0.6785 0.3819, -0.5024 -0.6978 0.3819, -0.5419 -0.6858 0.3819, -0.5490 -0.6918 0.3819, -0.5809 -0.6813 0.3819, -0.5806 -0.6813 0.3819, -0.5798 -0.6815 0.3819, -0.6815 -0.6657 0.3819, -0.6783 -0.6710 0.3819, -0.6649 -0.6738 0.3819, -0.6736 -0.6759 0.3819, -0.6678 -0.6794 0.3819, -0.6552 -0.6650 0.3819, -0.6606 -0.6688 0.3819, -0.6837 -0.6552 0.3819, -0.6833 -0.6592 0.3819, -0.6494 -0.6628 0.3819, -0.6431 -0.6620 0.3819, -0.6399 -0.6622 0.3819, -0.5890 -0.6894 0.3819, -0.5890 -0.6884 0.3819, -0.6167 -0.6860 0.3819, -0.5884 -0.6864 0.3819, -0.5874 -0.6846 0.3819, -0.5538 -0.6749 0.3819, -0.5509 -0.6708 0.3819, -0.5491 -0.6661 0.3819, -0.5485 -0.6610 0.3819, -0.5829 -0.6974 0.3819, -0.5846 -0.6967 0.3819, -0.5863 -0.6955 0.3819, -0.5869 -0.6948 0.3819, -0.5881 -0.6932 0.3819, -0.5888 -0.6914 0.3819, -0.6169 -0.6914 0.3819, -0.6167 -0.6887 0.3819, -0.5571 -0.6958 0.3819, -0.5658 -0.6976 0.3819, -0.5814 -0.6976 0.3819, -0.5793 -0.6815 0.3819, -0.5674 -0.6815 0.3819, -0.5627 -0.6806 0.3819, -0.5581 -0.6785 0.3819, -0.5542 -0.6753 0.3819, -0.5711 -0.6404 0.3819, -0.6806 -0.6429 0.3819, -0.6829 -0.6488 0.3819, -0.5690 -0.6404 0.3819, -0.5523 -0.6491 0.3819, -0.5553 -0.6457 0.3819, -0.5594 -0.6428 0.3819, -0.5640 -0.6410 0.3819, -0.5768 -0.6246 0.3819, -0.5827 -0.6175 0.3819, -0.6433 -0.6328 0.3819, -0.5834 -0.6169 0.3819, -0.5908 -0.6117 0.3819, -0.6393 -0.6244 0.3819, -0.6779 -0.6390 0.3819, -0.6452 -0.6317 0.3819, -0.5714 -0.6390 0.3819, -0.5727 -0.6331 0.3819, -0.6511 -0.6296 0.3819, -0.6573 -0.6288 0.3819, -0.6600 -0.6290 0.3819, -0.6334 -0.6174 0.3819, -0.5991 -0.6086 0.3819, -0.6263 -0.6122 0.3819, -0.6080 -0.6075 0.3819, -0.6177 -0.6087 0.3819, -0.6666 -0.6305 0.3819, -0.6724 -0.6336 0.3819, -0.6770 -0.6377 0.3819, -0.5402 -0.6390 0.3819, -0.5365 -0.6441 0.3819, -0.5342 -0.6499 0.3819, -0.3621 -0.6285 0.3819, -0.3757 -0.6285 0.3819, -0.3583 -0.6387 0.3819, -0.3757 -0.6390 0.3819, -0.3530 -0.6387 0.3819, 0.7874 -0.6390 0.3819, 0.7874 -0.6013 0.3819, -0.3671 -0.6016 0.3819, -0.3757 -0.6013 0.3819, -0.3775 -0.6285 0.3819, -0.3811 -0.6387 0.3819, -0.3874 -0.6390 0.3819, -0.3863 -0.6387 0.3819, -0.3874 -0.6013 0.3819, -0.3757 -0.6106 0.3819, -0.3722 -0.6016 0.3819, -0.4307 -0.6220 0.3819, -0.4407 -0.6220 0.3819, -0.4307 -0.6345 0.3819, -0.4407 -0.6345 0.3819, -0.4221 -0.6013 0.3819, -0.4307 -0.6013 0.3819, -0.4264 -0.6016 0.3819, -0.4307 -0.6016 0.3819, -0.4275 -0.6220 0.3819, -0.4256 -0.6345 0.3819, -0.4275 -0.6177 0.3819, -0.4264 -0.6059 0.3819, -0.4307 -0.6177 0.3819, -0.4307 -0.6059 0.3819, -0.4407 -0.6059 0.3819, -0.4407 -0.6177 0.3819, -0.4455 -0.6387 0.3819, -0.4477 -0.6390 0.3819, -0.4307 -0.6390 0.3819, -0.4221 -0.6390 0.3819, -0.4256 -0.6387 0.3819, -0.4307 -0.6387 0.3819, -0.4455 -0.6016 0.3819, -0.4477 -0.6013 0.3819, -0.4577 -0.6013 0.3819, -0.4569 -0.6014 0.3819, -0.4529 -0.6025 0.3819, -0.4529 -0.6075 0.3819, -0.4529 -0.6326 0.3819, -0.4529 -0.6371 0.3819, -0.4617 -0.6053 0.3819, -0.4634 -0.6054 0.3819, -0.4536 -0.6375 0.3819, -0.4575 -0.6388 0.3819, -0.4599 -0.6390 0.3819, -0.4571 -0.6059 0.3819, -0.4533 -0.6073 0.3819, -0.4666 -0.6061 0.3819, -0.4695 -0.6075 0.3819, -0.4718 -0.6094 0.3819, -0.4720 -0.6097 0.3819, -0.4738 -0.6123 0.3819, -0.4751 -0.6155 0.3819, -0.4757 -0.6206 0.3819, -0.4756 -0.6222 0.3819, -0.4566 -0.6342 0.3819, -0.4608 -0.6350 0.3819, -0.4625 -0.6350 0.3819, -0.4750 -0.6259 0.3819, -0.4737 -0.6288 0.3819, -0.4720 -0.6311 0.3819, -0.4710 -0.6321 0.3819, -0.4658 -0.6347 0.3819, -0.4685 -0.6338 0.3819, -0.4671 -0.6016 0.3819, -0.4643 -0.6013 0.3819, -0.4790 -0.6013 0.3819, -0.4790 -0.0544 0.3819, -0.4813 -0.0544 0.3819, -0.4617 -0.6010 0.3819, -0.4477 -0.0544 0.3819, -0.4790 -0.6123 0.3819, -0.4780 -0.6100 0.3819, -0.4753 -0.6064 0.3819, -0.4744 -0.6056 0.3819, -0.4709 -0.6031 0.3819, -0.4806 -0.6189 0.3819, -0.4798 -0.6141 0.3819, -0.4813 -0.6013 0.3819, -0.4790 -0.6293 0.3819, -0.4800 -0.6269 0.3819, -0.4813 -0.6390 0.3819, -0.4807 -0.6208 0.3819, -0.4790 -0.6390 0.3819, -0.4700 -0.6382 0.3819, -0.4735 -0.6364 0.3819, -0.4759 -0.6342 0.3819, -0.4762 -0.6339 0.3819, -0.4785 -0.6307 0.3819, -0.4667 -0.6390 0.3819, -0.4790 -0.6499 0.3819, -0.4661 -0.6391 0.3819, -0.4632 -0.6393 0.3819, -0.4477 -0.6499 0.3819, -0.3894 -0.6264 0.3819, -0.3912 -0.6302 0.3819, -0.4016 -0.6013 0.3819, -0.4016 -0.6025 0.3819, -0.3979 -0.6039 0.3819, -0.4016 -0.6377 0.3819, -0.4016 -0.6390 0.3819, -0.3979 -0.6363 0.3819, -0.3940 -0.6335 0.3819, -0.3940 -0.6065 0.3819, -0.3927 -0.6078 0.3819, -0.3904 -0.6110 0.3819, -0.3890 -0.6146 0.3819, -0.3884 -0.6197 0.3819, -0.3885 -0.6220 0.3819, -0.4080 -0.6016 0.3819, -0.4023 -0.6022 0.3819, -0.4021 -0.6379 0.3819, -0.4084 -0.6387 0.3819, -0.4186 -0.6387 0.3819, -0.4186 -0.6016 0.3819, -0.4754 -0.6848 0.3819, -0.4748 -0.6774 0.3819, -0.4764 -0.6861 0.3819, -0.4770 -0.6877 0.3819, -0.4607 -0.6975 0.3819, -0.4665 -0.6978 0.3819, -0.4561 -0.6975 0.3819, -0.4477 -0.6978 0.3819, -0.4718 -0.6978 0.3819, -0.4735 -0.6971 0.3819, -0.4790 -0.6978 0.3819, -0.4766 -0.6941 0.3819, -0.4771 -0.6925 0.3819, -0.4748 -0.6729 0.3819, -0.4738 -0.6723 0.3819, -0.4609 -0.6713 0.3819, -0.4490 -0.6750 0.3819, -0.4482 -0.6737 0.3819, -0.4740 -0.6836 0.3819, -0.4720 -0.6826 0.3819, -0.4720 -0.6756 0.3819, -0.4686 -0.6818 0.3819, -0.4645 -0.6743 0.3819, -0.4661 -0.6742 0.3819, -0.4691 -0.6745 0.3819, -0.4607 -0.6934 0.3819, -0.4609 -0.6934 0.3819, -0.4621 -0.6951 0.3819, -0.4636 -0.6965 0.3819, -0.4751 -0.6960 0.3819, -0.4756 -0.6955 0.3819, -0.4645 -0.6971 0.3819, -0.4663 -0.6978 0.3819, -0.4704 -0.6710 0.3819, -0.4657 -0.6704 0.3819, -0.4628 -0.6707 0.3819, -0.4774 -0.6904 0.3819, -0.4774 -0.6897 0.3819, -0.4593 -0.6722 0.3819, -0.4581 -0.6734 0.3819, -0.4496 -0.6765 0.3819, -0.4572 -0.6749 0.3819, -0.4564 -0.6770 0.3819, -0.4607 -0.6807 0.3819, -0.4609 -0.6786 0.3819, -0.4614 -0.6769 0.3819, -0.4619 -0.6760 0.3819, -0.4477 -0.6831 0.3819, -0.4498 -0.6918 0.3819, -0.4480 -0.6929 0.3819, -0.4485 -0.6823 0.3819, -0.4491 -0.6814 0.3819, -0.4561 -0.6804 0.3819, -0.4496 -0.6800 0.3819, -0.4498 -0.6782 0.3819, -0.4626 -0.6752 0.3819, -0.4635 -0.6747 0.3819, -0.4790 -0.7125 0.3819, -0.4690 -0.6981 0.3819, -0.4717 -0.6978 0.3819, -0.4498 -0.6966 0.3819, -0.4477 -0.6973 0.3819, -0.4470 -0.6976 0.3819, -0.4453 -0.6978 0.3819, -0.4426 -0.6981 0.3819, -0.4477 -0.7125 0.3819, -0.4332 -0.6716 0.3819, -0.4332 -0.6761 0.3819, -0.4468 -0.6725 0.3819, -0.4453 -0.6716 0.3819, -0.4477 -0.6733 0.3819, -0.4322 -0.6921 0.3819, -0.4327 -0.6936 0.3819, -0.4336 -0.6948 0.3819, -0.4427 -0.6707 0.3819, -0.4395 -0.6704 0.3819, -0.4307 -0.6499 0.3819, -0.4362 -0.6707 0.3819, -0.4335 -0.6859 0.3819, -0.4326 -0.6872 0.3819, -0.4321 -0.6886 0.3819, -0.4319 -0.6903 0.3819, -0.4349 -0.6960 0.3819, -0.4360 -0.6967 0.3819, -0.4399 -0.6742 0.3819, -0.4413 -0.6743 0.3819, -0.4450 -0.6777 0.3819, -0.4425 -0.6746 0.3819, -0.4436 -0.6752 0.3819, -0.4450 -0.6784 0.3819, -0.4448 -0.6791 0.3819, -0.4444 -0.6797 0.3819, -0.4440 -0.6802 0.3819, -0.4423 -0.6812 0.3819, -0.4369 -0.6745 0.3819, -0.4395 -0.6825 0.3819, -0.4343 -0.6755 0.3819, -0.4377 -0.6832 0.3819, -0.4346 -0.6849 0.3819, -0.4443 -0.6758 0.3819, -0.4447 -0.6764 0.3819, -0.4449 -0.6770 0.3819, -0.4385 -0.6878 0.3819, -0.4428 -0.6858 0.3819, -0.4380 -0.6934 0.3819, -0.4422 -0.6943 0.3819, -0.4420 -0.6943 0.3819, -0.4450 -0.6940 0.3819, -0.4396 -0.6941 0.3819, -0.4384 -0.6936 0.3819, -0.4370 -0.6923 0.3819, -0.4368 -0.6916 0.3819, -0.4379 -0.6882 0.3819, -0.4367 -0.6907 0.3819, -0.4367 -0.6902 0.3819, -0.4373 -0.6888 0.3819, -0.4370 -0.6894 0.3819, -0.4374 -0.6929 0.3819, -0.4089 -0.6710 0.3819, -0.4041 -0.6710 0.3819, -0.4016 -0.6499 0.3819, -0.4174 -0.6909 0.3819, -0.4168 -0.6931 0.3819, -0.4167 -0.6931 0.3819, -0.4221 -0.6499 0.3819, -0.4221 -0.6775 0.3819, -0.4161 -0.6909 0.3819, -0.4165 -0.6922 0.3819, -0.4221 -0.6978 0.3819, -0.4221 -0.6899 0.3819, -0.4295 -0.6710 0.3819, -0.4243 -0.6710 0.3819, -0.4191 -0.6974 0.3819, -0.4193 -0.6978 0.3819, -0.4212 -0.7022 0.3819, -0.4307 -0.7125 0.3819, -0.4286 -0.7096 0.3819, -0.4286 -0.7054 0.3819, -0.4230 -0.7049 0.3819, -0.4221 -0.7039 0.3819, -0.4221 -0.7039 0.3819, -0.4276 -0.7058 0.3819, -0.4259 -0.7060 0.3819, -0.4221 -0.7091 0.3819, -0.4237 -0.7097 0.3819, -0.4221 -0.7125 0.3819, -0.4256 -0.7100 0.3819, -0.4266 -0.7099 0.3819, -0.4248 -0.7058 0.3819, -0.4237 -0.7054 0.3819, -0.4161 -0.7015 0.3819, -0.4182 -0.7056 0.3819, -0.4016 -0.7125 0.3819, -0.4147 -0.6978 0.3819, -0.4199 -0.7076 0.3819, -0.4202 -0.7079 0.3819, -0.4219 -0.7090 0.3819, -0.3874 -0.6808 0.3819, -0.3943 -0.6808 0.3819, -0.3874 -0.6933 0.3819, -0.3943 -0.6933 0.3819, -0.3800 -0.6604 0.3819, -0.3800 -0.6647 0.3819, -0.3757 -0.6499 0.3819, -0.3792 -0.6933 0.3819, -0.3757 -0.6978 0.3819, -0.3792 -0.6975 0.3819, -0.3874 -0.6978 0.3819, -0.3811 -0.6808 0.3819, -0.3811 -0.6765 0.3819, -0.3874 -0.6765 0.3819, -0.3874 -0.6647 0.3819, -0.3943 -0.6647 0.3819, -0.3943 -0.6765 0.3819, -0.3874 -0.6975 0.3819, -0.3991 -0.6975 0.3819, -0.4016 -0.6978 0.3819, -0.3991 -0.6604 0.3819, -0.3874 -0.6604 0.3819, -0.3874 -0.6499 0.3819, -0.5024 0.7874 0.3819, -0.4813 0.7874 0.3819, -0.4790 0.7874 0.3819, -0.4477 0.7874 0.3819, -0.4307 -0.0544 0.3819, -0.4307 0.7874 0.3819, -0.4221 -0.0544 0.3819, -0.4221 0.7874 0.3819, -0.4016 -0.0544 0.3819, -0.4016 0.7874 0.3819, -0.3874 -0.0544 0.3819, -0.3874 0.7874 0.3819, -0.3757 -0.0544 0.3819, -0.3757 0.7874 0.3819, 0.7874 -0.0544 0.3819, 0.7874 0.7874 0.3819, -0.5031 0.5704 0.3819, -0.5061 0.5477 0.3819, -0.6346 0.4945 0.3819, -0.6527 0.5085 0.3819, -0.6667 0.5266 0.3819, -0.6667 0.6143 0.3819, -0.6527 0.6324 0.3819, -0.6893 0.7874 0.3819, -0.5148 0.5266 0.3819, -0.5288 0.5085 0.3819, -0.5469 0.4945 0.3819, -0.5681 0.4858 0.3819, -0.5908 0.4828 0.3819, -0.6134 0.4858 0.3819, -0.6754 0.5477 0.3819, -0.6784 0.5704 0.3819, -0.6754 0.5931 0.3819, -0.6346 0.6464 0.3819, -0.6134 0.6551 0.3819, -0.5908 0.6581 0.3819, -0.5681 0.6551 0.3819, -0.5469 0.6464 0.3819, -0.5288 0.6324 0.3819, -0.5148 0.6143 0.3819, -0.5061 0.5931 0.3819, -0.7874 0.7874 0.3819, -0.7874 -0.0544 0.3819, -0.4822 -0.6345 0.3819, -0.4822 -0.6387 0.3819, -0.5018 -0.6387 0.3819, -0.5018 -0.6016 0.3819, -0.4970 -0.6016 0.3819, -0.4970 -0.6345 0.3819, -0.4813 -0.6499 0.3819, -0.3346 -0.6975 0.3819, -0.3399 -0.6975 0.3819, 0.7874 -0.6499 0.3819, -0.3207 -0.6604 0.3819, 0.7874 -0.6978 0.3819, -0.3066 -0.6975 0.3819, -0.3119 -0.6975 0.3819, -0.3156 -0.6873 0.3819, -0.3311 -0.6873 0.3819, -0.3430 -0.6852 0.3819, -0.3421 -0.6808 0.3819, -0.3258 -0.6604 0.3819, -0.3420 -0.6785 0.3819, -0.3426 -0.6734 0.3819, -0.3448 -0.6890 0.3819, -0.3476 -0.6923 0.3819, -0.3514 -0.6951 0.3819, -0.3722 -0.6604 0.3819, -0.3722 -0.6975 0.3819, -0.3620 -0.6975 0.3819, -0.3557 -0.6967 0.3819, -0.3476 -0.6653 0.3819, -0.3463 -0.6666 0.3819, -0.3440 -0.6698 0.3819, -0.3616 -0.6604 0.3819, -0.3559 -0.6610 0.3819, -0.3514 -0.6627 0.3819, -0.4813 -0.6978 0.3819, -0.4827 -0.6604 0.3819, -0.5018 -0.6604 0.3819, -0.4827 -0.6647 0.3819, -0.4818 -0.6933 0.3819, -0.4818 -0.6975 0.3819, -0.5018 -0.6975 0.3819, -0.4970 -0.6808 0.3819, -0.4970 -0.6933 0.3819, -0.4837 -0.6808 0.3819, -0.4837 -0.6765 0.3819, -0.4970 -0.6765 0.3819, -0.4970 -0.6647 0.3819, -0.3874 -0.7125 0.3819, -0.3757 -0.7125 0.3819, 0.7874 -0.7125 0.3819, -0.4813 -0.7125 0.3819, -0.4813 -0.7874 0.3819, -0.4790 -0.7874 0.3819, -0.4477 -0.7874 0.3819, -0.4307 -0.7874 0.3819, -0.4221 -0.7874 0.3819, -0.4016 -0.7874 0.3819, -0.3874 -0.7874 0.3819, -0.3757 -0.7874 0.3819, 0.7874 -0.7874 0.3819, -0.7874 -0.7125 0.3819, -0.7874 -0.7874 0.3819, 0.7874 -0.7874 0.0079, 0.7874 -0.7087 0.0787, 0.7874 -0.6299 0.0787, 0.7874 0.4331 0.0866, 0.7874 0.4331 0.0079, 0.7874 0.5118 0.0079, 0.7874 0.5118 0.0866, 0.7874 0.5906 0.0866, 0.7874 -0.5118 0.0866, 0.7874 -0.5906 0.0866, 0.7874 -0.5906 0.0079, 0.7874 -0.6299 0.0472, 0.7874 -0.7087 0.0472, 0.7874 0.6299 0.0787, 0.7874 0.6299 0.0472, 0.7874 0.5906 0.0079, 0.7874 0.7087 0.0472, 0.7874 0.7874 0.0079, 0.7874 0.7087 0.0787, 0.7874 -0.5118 0.0079, 0.7874 -0.4331 0.0079, 0.7874 -0.4331 0.0866, 0.7874 -0.3543 0.0866, 0.7874 -0.3543 0.0079, 0.7874 -0.2756 0.0079, 0.7874 -0.2756 0.0866, 0.7874 -0.1969 0.0866, 0.7874 -0.1969 0.0079, 0.7874 -0.1181 0.0079, 0.7874 -0.1181 0.0866, 0.7874 -0.0394 0.0866, 0.7874 -0.0394 0.0079, 0.7874 0.0394 0.0079, 0.7874 0.0394 0.0866, 0.7874 0.1181 0.0866, 0.7874 0.1181 0.0079, 0.7874 0.1969 0.0079, 0.7874 0.1969 0.0866, 0.7874 0.2756 0.0866, 0.7874 0.3543 0.0866, 0.7874 0.3543 0.0079, 0.7874 0.2756 0.0079, -0.3543 -0.7874 0.0866, -0.3543 -0.7874 0.0079, -0.2756 -0.7874 0.0079, -0.7874 -0.7874 0.0079, -0.7087 -0.7874 0.0787, -0.6299 -0.7874 0.0787, -0.5118 -0.7874 0.0866, -0.5906 -0.7874 0.0866, -0.5906 -0.7874 0.0079, -0.6299 -0.7874 0.0472, -0.7087 -0.7874 0.0472, -0.2756 -0.7874 0.0866, -0.1969 -0.7874 0.0866, 0.6299 -0.7874 0.0787, 0.7087 -0.7874 0.0787, 0.7087 -0.7874 0.0472, 0.5906 -0.7874 0.0079, 0.6299 -0.7874 0.0472, 0.5906 -0.7874 0.0866, -0.5118 -0.7874 0.0079, -0.4331 -0.7874 0.0079, -0.4331 -0.7874 0.0866, -0.1969 -0.7874 0.0079, -0.1181 -0.7874 0.0079, -0.1181 -0.7874 0.0866, -0.0394 -0.7874 0.0866, -0.0394 -0.7874 0.0079, 0.0394 -0.7874 0.0079, 0.0394 -0.7874 0.0866, 0.1181 -0.7874 0.0866, 0.1181 -0.7874 0.0079, 0.1969 -0.7874 0.0079, 0.1969 -0.7874 0.0866, 0.2756 -0.7874 0.0866, 0.2756 -0.7874 0.0079, 0.3543 -0.7874 0.0079, 0.3543 -0.7874 0.0866, 0.4331 -0.7874 0.0866, 0.5118 -0.7874 0.0866, 0.5118 -0.7874 0.0079, 0.4331 -0.7874 0.0079, -0.7874 0.1181 0.0866, -0.7874 0.0394 0.0866, -0.7874 0.1969 0.0866, -0.7874 0.1969 0.0079, -0.7874 0.1181 0.0079, -0.7874 -0.1969 0.0866, -0.7874 -0.2756 0.0866, -0.7874 0.5906 0.0866, -0.7874 0.6299 0.0787, -0.7874 0.5906 0.0079, -0.7874 0.6299 0.0472, -0.7874 0.7874 0.0079, -0.7874 0.3543 0.0866, -0.7874 0.4331 0.0866, -0.7874 0.5118 0.0866, -0.7874 0.4331 0.0079, -0.7874 0.5118 0.0079, -0.7874 0.7087 0.0472, -0.7874 0.7087 0.0787, -0.7874 0.2756 0.0866, -0.7874 0.2756 0.0079, -0.7874 0.3543 0.0079, -0.7874 -0.1181 0.0866, -0.7874 -0.1181 0.0079, -0.7874 -0.1969 0.0079, -0.7874 -0.5118 0.0866, -0.7874 -0.5906 0.0866, -0.7874 -0.0394 0.0866, -0.7874 -0.0394 0.0079, -0.7874 0.0394 0.0079, -0.7874 -0.4331 0.0866, -0.7874 -0.4331 0.0079, -0.7874 -0.5118 0.0079, -0.7874 -0.3543 0.0866, -0.7874 -0.3543 0.0079, -0.7874 -0.2756 0.0079, -0.7874 -0.6299 0.0787, -0.7874 -0.6299 0.0472, -0.7874 -0.5906 0.0079, -0.7874 -0.7087 0.0472, -0.7874 -0.7087 0.0787, 0.3543 0.7874 0.0866, 0.3543 0.7874 0.0079, 0.2756 0.7874 0.0079, 0.7087 0.7874 0.0787, 0.6299 0.7874 0.0787, -0.1181 0.7874 0.0866, -0.1181 0.7874 0.0079, -0.1969 0.7874 0.0079, 0.5118 0.7874 0.0866, 0.5906 0.7874 0.0866, 0.5906 0.7874 0.0079, 0.6299 0.7874 0.0472, 0.7087 0.7874 0.0472, 0.2756 0.7874 0.0866, 0.1969 0.7874 0.0866, 0.5118 0.7874 0.0079, 0.4331 0.7874 0.0079, 0.4331 0.7874 0.0866, 0.1969 0.7874 0.0079, 0.1181 0.7874 0.0079, 0.1181 0.7874 0.0866, 0.0394 0.7874 0.0866, -0.1969 0.7874 0.0866, -0.2756 0.7874 0.0866, -0.6299 0.7874 0.0787, -0.7087 0.7874 0.0787, -0.7087 0.7874 0.0472, -0.5906 0.7874 0.0079, -0.6299 0.7874 0.0472, -0.5906 0.7874 0.0866, 0.0394 0.7874 0.0079, -0.0394 0.7874 0.0079, -0.0394 0.7874 0.0866, -0.2756 0.7874 0.0079, -0.3543 0.7874 0.0079, -0.3543 0.7874 0.0866, -0.4331 0.7874 0.0866, -0.5118 0.7874 0.0866, -0.5118 0.7874 0.0079, -0.4331 0.7874 0.0079, 0.5906 0.7158 0.0079, -0.5906 -0.7158 0.0079, 0.6453 0.5200 0.0079, -0.6415 0.3659 0.0079, -0.6352 0.3740 0.0079, 0.6496 -0.3596 0.0079, 0.6415 -0.3659 0.0079, 0.6591 -0.2742 0.0079, -0.6313 0.3835 0.0079, -0.6299 0.3937 0.0079, -0.6313 0.4039 0.0079, -0.6352 0.4134 0.0079, -0.6415 0.4215 0.0079, -0.6453 0.5200 0.0079, -0.6496 0.4278 0.0079, -0.6591 0.4317 0.0079, -0.5906 0.7158 0.0079, -0.7158 0.5906 0.0079, -0.4134 -0.6352 0.0079, -0.4215 -0.6415 0.0079, -0.6453 -0.5200 0.0079, -0.6299 0.0787 0.0079, -0.6313 0.0889 0.0079, -0.2756 0.1969 0.0079, 0.4278 0.6496 0.0079, 0.4317 0.6591 0.0079, 0.5200 0.6453 0.0079, 0.6313 -0.3835 0.0079, 0.6299 -0.3937 0.0079, 0.5200 -0.6453 0.0079, 0.6496 -0.4278 0.0079, 0.6591 -0.4317 0.0079, 0.6453 -0.5200 0.0079, 0.5906 -0.7158 0.0079, -0.4278 -0.6496 0.0079, -0.4317 -0.6591 0.0079, -0.5200 -0.6453 0.0079, -0.6591 -0.4317 0.0079, -0.6496 -0.4278 0.0079, -0.6415 -0.4215 0.0079, -0.6352 -0.4134 0.0079, -0.2756 -0.2756 0.0079, -0.6313 -0.4039 0.0079, -0.6299 -0.3937 0.0079, -0.6591 0.3557 0.0079, -0.6496 0.3596 0.0079, -0.6693 0.4331 0.0079, -0.5200 0.6453 0.0079, -0.4317 0.6591 0.0079, 0.6352 -0.3740 0.0079, 0.4317 -0.6591 0.0079, 0.4278 -0.6496 0.0079, -0.6313 -0.3835 0.0079, -0.6352 -0.3740 0.0079, -0.6415 -0.3659 0.0079, -0.6299 -0.0787 0.0079, -0.6313 -0.0686 0.0079, -0.6352 -0.0591 0.0079, -0.6415 -0.0509 0.0079, -0.1969 0.2756 0.0079, -0.6693 0.5118 0.0079, -0.6607 0.5127 0.0079, -0.6526 0.5155 0.0079, -0.3659 0.6415 0.0079, -0.3596 0.6496 0.0079, -0.2742 0.6591 0.0079, -0.0446 0.6496 0.0079, -0.0407 0.6591 0.0079, 0.0509 0.6415 0.0079, 0.2021 0.6496 0.0079, 0.2084 0.6415 0.0079, 0.1168 0.6591 0.0079, 0.4215 0.6415 0.0079, 0.4134 0.6352 0.0079, 0.4039 0.6313 0.0079, 0.7158 0.5906 0.0079, 0.6313 -0.4039 0.0079, 0.6352 -0.4134 0.0079, 0.6415 -0.4215 0.0079, 0.3659 -0.6415 0.0079, 0.3596 -0.6496 0.0079, 0.2742 -0.6591 0.0079, -0.3596 -0.6496 0.0079, -0.3659 -0.6415 0.0079, -0.2742 -0.6591 0.0079, -0.7158 -0.5906 0.0079, -0.6313 -0.2260 0.0079, -0.6352 -0.2165 0.0079, -0.6415 -0.2084 0.0079, -0.6313 0.0686 0.0079, -0.6415 0.2084 0.0079, -0.6352 0.2165 0.0079, 0.6415 0.4215 0.0079, 0.6496 0.4278 0.0079, 0.6591 0.4317 0.0079, 0.6415 0.2084 0.0079, 0.6496 0.2021 0.0079, 0.6415 0.1066 0.0079, 0.6591 0.1982 0.0079, 0.6496 0.1128 0.0079, 0.6313 -0.0889 0.0079, 0.6352 -0.0984 0.0079, 0.2756 -0.2756 0.0079, -0.4278 0.6496 0.0079, -0.4215 0.6415 0.0079, -0.4134 0.6352 0.0079, -0.0509 0.6415 0.0079, 0.3659 0.6415 0.0079, 0.3740 0.6352 0.0079, 0.3835 0.6313 0.0079, 0.3937 0.6299 0.0079, 0.7158 -0.5906 0.0079, 0.6693 -0.4331 0.0079, 0.5118 -0.6693 0.0079, 0.4331 -0.6693 0.0079, 0.5127 -0.6607 0.0079, 0.5155 -0.6526 0.0079, -0.6496 0.2021 0.0079, -0.6591 0.1168 0.0079, -0.6313 0.2464 0.0079, -0.6352 0.2559 0.0079, -0.6415 0.2641 0.0079, -0.6496 0.2703 0.0079, 0.6299 0.0787 0.0079, 0.6313 0.0686 0.0079, 0.6415 -0.0509 0.0079, 0.6352 0.0591 0.0079, 0.6496 -0.0446 0.0079, -0.5118 0.6693 0.0079, -0.4331 0.6693 0.0079, -0.5127 0.6607 0.0079, -0.5155 0.6526 0.0079, 0.4331 0.6693 0.0079, 0.6693 -0.5118 0.0079, 0.6607 -0.5127 0.0079, 0.6526 -0.5155 0.0079, 0.4215 -0.6415 0.0079, 0.4134 -0.6352 0.0079, -0.0686 -0.6313 0.0079, -0.0591 -0.6352 0.0079, -0.0509 -0.6415 0.0079, -0.1066 -0.6415 0.0079, -0.1128 -0.6496 0.0079, -0.2084 -0.6415 0.0079, -0.1168 -0.6591 0.0079, -0.2021 -0.6496 0.0079, -0.3740 -0.6352 0.0079, -0.4331 -0.6693 0.0079, -0.6352 -0.2559 0.0079, -0.6313 -0.2464 0.0079, -0.6299 -0.2362 0.0079, -0.6496 -0.2021 0.0079, -0.6591 -0.1168 0.0079, -0.6496 -0.1128 0.0079, -0.6415 -0.1066 0.0079, -0.6352 -0.0984 0.0079, -0.6313 -0.0889 0.0079, -0.6591 0.0407 0.0079, -0.6496 -0.0446 0.0079, -0.6496 0.0446 0.0079, -0.6415 0.0509 0.0079, -0.6352 0.0591 0.0079, -0.6313 0.2260 0.0079, -0.6299 0.2362 0.0079, 0.6693 0.3543 0.0079, -0.3543 0.6693 0.0079, -0.2464 0.6313 0.0079, -0.2559 0.6352 0.0079, -0.2641 0.6415 0.0079, -0.2084 0.6415 0.0079, -0.2021 0.6496 0.0079, -0.1066 0.6415 0.0079, -0.1982 0.6591 0.0079, -0.1128 0.6496 0.0079, -0.0889 0.6313 0.0079, -0.0984 0.6352 0.0079, -0.0394 0.6693 0.0079, 0.2165 0.6352 0.0079, 0.5118 0.6693 0.0079, 0.5127 0.6607 0.0079, 0.5155 0.6526 0.0079, 0.3543 -0.6693 0.0079, -0.2165 -0.6352 0.0079, -0.5118 -0.6693 0.0079, -0.5127 -0.6607 0.0079, -0.5155 -0.6526 0.0079, -0.6693 -0.5118 0.0079, -0.6693 -0.4331 0.0079, -0.6607 -0.5127 0.0079, -0.6526 -0.5155 0.0079, -0.6693 -0.3543 0.0079, -0.6496 -0.3596 0.0079, -0.6591 -0.2742 0.0079, -0.6496 -0.2703 0.0079, -0.6415 -0.2641 0.0079, -0.6693 -0.0394 0.0079, -0.6693 0.2756 0.0079, 0.6693 0.5118 0.0079, 0.6693 0.4331 0.0079, 0.6607 0.5127 0.0079, 0.6526 0.5155 0.0079, 0.6313 0.3835 0.0079, 0.6352 0.3740 0.0079, 0.6591 0.2742 0.0079, 0.6415 0.3659 0.0079, 0.6496 0.3596 0.0079, 0.6591 0.3557 0.0079, 0.6693 0.2756 0.0079, 0.2756 0.2756 0.0079, 0.6693 0.1969 0.0079, 0.6693 0.1181 0.0079, 0.6591 0.1168 0.0079, 0.6496 -0.2703 0.0079, -0.3557 0.6591 0.0079, -0.2756 0.6693 0.0079, -0.4039 0.6313 0.0079, -0.3937 0.6299 0.0079, -0.3835 0.6313 0.0079, 0.0394 0.6693 0.0079, 0.0407 0.6591 0.0079, 0.0446 0.6496 0.0079, 0.0591 0.6352 0.0079, 0.2756 0.6693 0.0079, 0.3557 -0.6591 0.0079, 0.2756 -0.6693 0.0079, 0.4039 -0.6313 0.0079, 0.3937 -0.6299 0.0079, 0.3835 -0.6313 0.0079, 0.2464 -0.6313 0.0079, 0.2559 -0.6352 0.0079, 0.2641 -0.6415 0.0079, 0.2084 -0.6415 0.0079, 0.2021 -0.6496 0.0079, 0.1066 -0.6415 0.0079, 0.1982 -0.6591 0.0079, 0.1128 -0.6496 0.0079, 0.0889 -0.6313 0.0079, 0.0984 -0.6352 0.0079, 0.0509 -0.6415 0.0079, 0.0446 -0.6496 0.0079, 0.0407 -0.6591 0.0079, -0.0787 -0.6299 0.0079, -0.0889 -0.6313 0.0079, -0.0984 -0.6352 0.0079, -0.3835 -0.6313 0.0079, -0.3937 -0.6299 0.0079, -0.4039 -0.6313 0.0079, -0.6591 -0.3557 0.0079, -0.6693 -0.2756 0.0079, -0.6693 -0.1969 0.0079, -0.6591 -0.0407 0.0079, -0.6693 0.0394 0.0079, -0.6352 0.0984 0.0079, -0.6415 0.1066 0.0079, -0.6496 0.1128 0.0079, -0.6591 0.2742 0.0079, -0.6693 0.3543 0.0079, 0.6352 0.4134 0.0079, 0.6313 0.4039 0.0079, 0.6299 0.3937 0.0079, 0.6352 0.2165 0.0079, 0.6313 0.2260 0.0079, 0.6299 0.2362 0.0079, 0.6591 -0.0407 0.0079, 0.6415 0.0509 0.0079, 0.6496 0.0446 0.0079, 0.6693 0.0394 0.0079, 0.6415 -0.1066 0.0079, 0.6591 -0.1982 0.0079, 0.6496 -0.1128 0.0079, 0.6693 -0.1181 0.0079, -0.2703 0.6496 0.0079, -0.3740 0.6352 0.0079, -0.1969 0.6693 0.0079, -0.1181 0.6693 0.0079, -0.1168 0.6591 0.0079, 0.1181 0.6693 0.0079, 0.1969 0.6693 0.0079, 0.1982 0.6591 0.0079, 0.3543 0.6693 0.0079, 0.3557 0.6591 0.0079, 0.2742 0.6591 0.0079, 0.3596 0.6496 0.0079, 0.2703 -0.6496 0.0079, 0.3740 -0.6352 0.0079, -0.1181 -0.6693 0.0079, -0.1969 -0.6693 0.0079, -0.1982 -0.6591 0.0079, -0.2756 -0.6693 0.0079, -0.3543 -0.6693 0.0079, -0.3557 -0.6591 0.0079, -0.6591 -0.1982 0.0079, -0.6693 -0.1181 0.0079, 0.6496 0.2703 0.0079, 0.6415 0.2641 0.0079, 0.6352 0.2559 0.0079, 0.6313 0.2464 0.0079, 0.6591 0.0407 0.0079, 0.6693 -0.0394 0.0079, 0.6591 -0.1168 0.0079, 0.6693 -0.1969 0.0079, -0.0787 0.6299 0.0079, -0.0686 0.6313 0.0079, -0.0591 0.6352 0.0079, 0.0686 0.6313 0.0079, 0.0787 0.6299 0.0079, 0.0889 0.6313 0.0079, 0.0984 0.6352 0.0079, 0.1066 0.6415 0.0079, 0.1128 0.6496 0.0079, 0.2260 0.6313 0.0079, 0.2362 0.6299 0.0079, 0.2464 0.6313 0.0079, 0.2559 0.6352 0.0079, 0.2641 0.6415 0.0079, 0.2703 0.6496 0.0079, 0.1969 -0.6693 0.0079, 0.1181 -0.6693 0.0079, 0.1168 -0.6591 0.0079, 0.0787 -0.6299 0.0079, 0.0686 -0.6313 0.0079, 0.0591 -0.6352 0.0079, -0.2260 -0.6313 0.0079, -0.2362 -0.6299 0.0079, -0.2464 -0.6313 0.0079, -0.2559 -0.6352 0.0079, -0.2641 -0.6415 0.0079, -0.2703 -0.6496 0.0079, -0.6693 0.1181 0.0079, -0.6693 0.1969 0.0079, -0.6591 0.1982 0.0079, 0.6352 0.0984 0.0079, 0.6313 0.0889 0.0079, 0.6313 -0.2260 0.0079, 0.6299 -0.2362 0.0079, 0.6313 -0.2464 0.0079, 0.6352 -0.2559 0.0079, 0.6415 -0.2641 0.0079, -0.2362 0.6299 0.0079, -0.2260 0.6313 0.0079, -0.2165 0.6352 0.0079, 0.0394 -0.6693 0.0079, 0.6352 -0.0591 0.0079, 0.6313 -0.0686 0.0079, 0.6299 -0.0787 0.0079, 0.6496 -0.2021 0.0079, 0.6415 -0.2084 0.0079, 0.6352 -0.2165 0.0079, 0.6693 -0.2756 0.0079, 0.6693 -0.3543 0.0079, 0.6591 -0.3557 0.0079, 0.2362 -0.6299 0.0079, 0.2260 -0.6313 0.0079, 0.2165 -0.6352 0.0079, -0.0394 -0.6693 0.0079, -0.0407 -0.6591 0.0079, -0.0446 -0.6496 0.0079, -0.0446 -0.6496 0.0079
            ]
        }
        coordIndex [
            0 1 2 -1,3 4 5 -1,6 7 8 -1,8 7 9 -1,10 11 8 -1,8 11 12 -1,8 12 13 -1,13 14 8 -1,8 14 15 -1,8 15 6 -1,16 17 18 -1,18 17 19 -1,18 19 20 -1,20 19 21 -1,22 23 24 -1,24 23 25 -1,24 26 27 -1,25 28 24 -1,24 28 29 -1,24 29 26 -1,21 19 30 -1,30 19 24 -1,30 24 31 -1,31 24 27 -1,31 27 32 -1,32 27 33 -1,32 33 34 -1,35 36 37 -1,38 39 40 -1,40 39 41 -1,40 41 42 -1,42 41 43 -1,43 44 42 -1,42 44 45 -1,42 45 36 -1,36 45 46 -1,36 46 37 -1,47 48 49 -1,49 48 50 -1,49 50 51 -1,52 53 54 -1,54 53 55 -1,54 55 49 -1,49 55 56 -1,49 56 47 -1,57 58 59 -1,59 58 60 -1,59 60 61 -1,57 62 58 -1,58 62 63 -1,58 63 54 -1,54 63 64 -1,54 64 52 -1,65 66 67 -1,67 66 68 -1,68 69 67 -1,67 69 70 -1,67 70 61 -1,71 72 73 -1,74 75 76 -1,77 78 79 -1,79 78 80 -1,74 76 81 -1,82 83 78 -1,78 83 84 -1,78 84 85 -1,86 87 88 -1,88 87 89 -1,88 89 90 -1,75 91 76 -1,76 91 92 -1,76 92 93 -1,94 95 96 -1,96 95 97 -1,96 97 98 -1,99 85 100 -1,100 85 101 -1,100 101 96 -1,96 101 102 -1,96 102 94 -1,99 103 85 -1,85 103 104 -1,85 104 78 -1,78 104 105 -1,78 105 80 -1,106 107 108 -1,108 107 109 -1,108 109 76 -1,76 109 110 -1,76 110 81 -1,111 112 76 -1,76 112 113 -1,76 113 78 -1,78 113 114 -1,78 114 82 -1,115 116 65 -1,65 116 117 -1,65 117 118 -1,118 119 65 -1,65 119 120 -1,65 120 121 -1,121 120 106 -1,121 106 122 -1,122 106 108 -1,90 123 88 -1,88 123 124 -1,88 124 65 -1,65 124 125 -1,65 125 115 -1,93 126 76 -1,76 126 127 -1,76 127 128 -1,128 129 76 -1,76 129 130 -1,76 130 111 -1,131 132 133 -1,133 85 131 -1,131 85 84 -1,131 84 134 -1,134 84 135 -1,135 136 134 -1,134 136 137 -1,134 137 138 -1,139 140 141 -1,140 142 141 -1,141 142 143 -1,141 143 144 -1,145 141 146 -1,132 131 145 -1,145 131 147 -1,145 147 141 -1,141 147 148 -1,141 148 139 -1,146 149 145 -1,145 149 150 -1,145 150 151 -1,144 143 152 -1,152 143 153 -1,152 153 154 -1,154 153 155 -1,154 155 156 -1,157 158 151 -1,151 158 159 -1,151 159 145 -1,7 160 9 -1,9 160 161 -1,9 161 73 -1,73 161 162 -1,73 162 71 -1,163 164 165 -1,165 164 166 -1,165 166 167 -1,168 169 170 -1,170 169 171 -1,164 172 166 -1,166 172 173 -1,166 173 174 -1,174 173 175 -1,174 175 176 -1,176 175 177 -1,176 177 171 -1,171 177 178 -1,171 178 170 -1,179 180 181 -1,181 180 182 -1,183 184 185 -1,185 184 186 -1,179 181 187 -1,187 181 188 -1,187 188 189 -1,189 188 190 -1,189 190 191 -1,190 192 191 -1,191 192 193 -1,191 193 194 -1,195 196 197 -1,185 190 183 -1,183 190 188 -1,183 188 198 -1,198 188 199 -1,198 199 197 -1,197 199 200 -1,197 200 195 -1,186 184 201 -1,201 184 202 -1,201 202 195 -1,203 204 202 -1,202 204 205 -1,202 205 206 -1,207 208 196 -1,209 210 207 -1,208 211 196 -1,196 211 212 -1,196 212 213 -1,209 207 214 -1,195 202 196 -1,196 202 206 -1,196 206 207 -1,207 206 215 -1,207 215 214 -1,210 216 207 -1,207 216 217 -1,207 217 218 -1,218 219 207 -1,207 219 220 -1,207 220 221 -1,221 222 207 -1,207 222 223 -1,207 223 224 -1,224 223 225 -1,225 223 226 -1,226 223 227 -1,226 227 228 -1,228 229 226 -1,226 229 230 -1,226 230 231 -1,231 230 232 -1,233 234 235 -1,235 234 236 -1,235 236 237 -1,234 238 236 -1,236 238 203 -1,236 203 239 -1,240 241 235 -1,235 241 242 -1,242 243 235 -1,235 243 244 -1,235 244 233 -1,245 246 247 -1,248 249 250 -1,250 249 251 -1,252 253 254 -1,254 255 252 -1,252 255 256 -1,252 256 257 -1,253 252 258 -1,258 252 259 -1,258 259 260 -1,260 259 261 -1,261 259 262 -1,261 262 213 -1,263 264 174 -1,265 266 176 -1,176 266 267 -1,268 269 270 -1,270 269 174 -1,270 174 271 -1,271 174 264 -1,267 272 176 -1,176 272 273 -1,176 273 274 -1,274 275 176 -1,176 275 276 -1,176 276 174 -1,174 276 277 -1,174 277 263 -1,183 278 265 -1,265 278 279 -1,265 279 266 -1,268 280 269 -1,269 280 281 -1,269 281 198 -1,198 281 282 -1,198 282 183 -1,183 282 283 -1,183 283 278 -1,284 285 286 -1,286 285 287 -1,288 289 290 -1,290 289 291 -1,292 293 294 -1,294 295 296 -1,259 297 298 -1,299 300 301 -1,284 302 285 -1,285 302 303 -1,285 303 304 -1,304 303 305 -1,306 307 305 -1,305 307 308 -1,305 308 304 -1,309 310 288 -1,288 310 311 -1,288 311 312 -1,293 313 294 -1,294 313 314 -1,294 314 295 -1,312 315 288 -1,288 315 316 -1,288 316 289 -1,298 317 259 -1,259 317 318 -1,259 318 319 -1,296 320 294 -1,294 320 321 -1,294 321 259 -1,259 321 287 -1,259 287 297 -1,297 287 285 -1,299 322 300 -1,300 322 323 -1,300 323 324 -1,324 323 325 -1,324 325 326 -1,327 328 305 -1,305 328 329 -1,305 329 330 -1,331 332 1 -1,1 332 333 -1,1 333 2 -1,334 335 336 -1,336 335 337 -1,336 337 326 -1,326 337 338 -1,326 338 324 -1,330 339 305 -1,305 339 340 -1,305 340 306 -1,341 342 343 -1,331 334 332 -1,332 334 336 -1,332 336 344 -1,344 336 290 -1,344 290 345 -1,345 290 291 -1,345 291 346 -1,346 291 347 -1,348 347 349 -1,349 347 291 -1,349 291 341 -1,341 291 289 -1,341 289 342 -1,350 351 5 -1,352 353 262 -1,319 299 259 -1,259 299 301 -1,259 301 262 -1,262 301 354 -1,262 354 352 -1,355 356 5 -1,5 356 357 -1,353 358 262 -1,262 358 359 -1,262 359 360 -1,360 359 361 -1,360 361 350 -1,362 363 351 -1,351 363 364 -1,351 364 5 -1,5 364 365 -1,5 365 355 -1,357 366 5 -1,5 366 367 -1,5 367 3 -1,368 369 370 -1,370 369 371 -1,370 371 372 -1,370 373 368 -1,368 373 374 -1,368 374 375 -1,375 376 368 -1,368 376 377 -1,368 377 378 -1,378 377 379 -1,378 379 380 -1,380 379 381 -1,380 381 351 -1,351 381 382 -1,351 382 362 -1,383 384 372 -1,372 384 385 -1,372 385 370 -1,386 387 388 -1,389 390 387 -1,0 2 387 -1,387 2 391 -1,387 391 389 -1,390 392 387 -1,387 392 393 -1,387 393 388 -1,394 395 396 -1,395 397 396 -1,396 397 398 -1,396 398 399 -1,399 398 400 -1,386 388 396 -1,396 388 401 -1,396 401 394 -1,402 403 404 -1,405 406 407 -1,404 408 402 -1,402 408 409 -1,402 409 410 -1,410 409 405 -1,410 405 411 -1,411 405 407 -1,412 413 5 -1,5 413 414 -1,350 5 360 -1,360 5 414 -1,360 414 408 -1,408 414 415 -1,408 415 409 -1,416 413 417 -1,417 413 412 -1,417 412 418 -1,419 420 421 -1,422 423 412 -1,412 423 424 -1,412 424 418 -1,348 349 4 -1,4 349 419 -1,4 419 5 -1,5 419 421 -1,5 421 412 -1,412 421 425 -1,412 425 426 -1,427 428 429 -1,429 428 430 -1,429 430 419 -1,419 430 431 -1,419 431 420 -1,426 432 412 -1,412 432 433 -1,412 433 422 -1,434 435 436 -1,434 436 437 -1,435 438 436 -1,436 438 439 -1,436 439 429 -1,429 439 440 -1,429 440 427 -1,441 442 443 -1,443 442 444 -1,445 446 447 -1,447 446 448 -1,447 448 449 -1,449 448 450 -1,449 450 451 -1,441 443 452 -1,452 443 448 -1,452 448 453 -1,453 448 446 -1,453 446 454 -1,446 455 454 -1,454 455 456 -1,454 456 457 -1,450 458 451 -1,451 458 459 -1,451 459 460 -1,460 459 461 -1,445 447 462 -1,462 447 463 -1,462 463 461 -1,461 463 404 -1,461 404 460 -1,460 404 403 -1,460 403 437 -1,464 237 465 -1,465 237 236 -1,465 236 466 -1,466 236 239 -1,466 239 467 -1,467 239 468 -1,467 468 469 -1,469 468 470 -1,469 470 471 -1,471 470 472 -1,471 472 473 -1,473 472 474 -1,473 474 475 -1,475 474 476 -1,475 476 477 -1,477 476 478 -1,477 478 479 -1,480 481 17 -1,482 483 19 -1,19 483 484 -1,485 486 487 -1,481 488 17 -1,17 488 489 -1,17 489 490 -1,490 491 17 -1,17 491 492 -1,17 492 19 -1,19 492 493 -1,19 493 482 -1,484 494 19 -1,19 494 495 -1,19 495 487 -1,487 495 496 -1,487 496 485 -1,486 497 487 -1,487 497 498 -1,487 498 464 -1,498 499 464 -1,464 499 500 -1,464 500 501 -1,501 502 464 -1,464 502 503 -1,464 503 504 -1,203 202 239 -1,239 202 184 -1,239 184 468 -1,468 184 183 -1,468 183 470 -1,470 183 265 -1,470 265 472 -1,472 265 176 -1,472 176 474 -1,474 176 171 -1,474 171 476 -1,476 171 169 -1,476 169 478 -1,504 480 464 -1,464 480 17 -1,464 17 237 -1,237 17 247 -1,237 247 235 -1,235 247 246 -1,235 246 240 -1,487 505 19 -1,19 505 506 -1,19 506 24 -1,24 506 35 -1,24 35 22 -1,22 35 37 -1,507 250 247 -1,247 250 251 -1,247 251 245 -1,508 509 9 -1,9 509 8 -1,8 509 510 -1,8 510 511 -1,512 507 511 -1,511 507 247 -1,511 247 8 -1,8 247 17 -1,8 17 10 -1,10 17 16 -1,213 262 196 -1,196 262 360 -1,196 360 197 -1,197 360 408 -1,197 408 198 -1,198 408 404 -1,198 404 269 -1,269 404 463 -1,269 463 174 -1,174 463 447 -1,174 447 166 -1,507 508 250 -1,250 508 9 -1,250 9 513 -1,513 9 73 -1,514 515 449 -1,516 517 518 -1,518 517 519 -1,518 519 449 -1,449 519 520 -1,449 520 514 -1,514 520 521 -1,514 521 522 -1,523 515 524 -1,524 515 525 -1,524 525 526 -1,526 525 527 -1,523 528 515 -1,515 528 529 -1,515 529 530 -1,531 447 532 -1,532 447 449 -1,532 449 533 -1,533 449 515 -1,533 515 534 -1,534 515 530 -1,170 167 168 -1,168 167 166 -1,168 166 516 -1,516 166 447 -1,516 447 517 -1,517 447 525 -1,535 536 525 -1,525 536 537 -1,525 537 527 -1,531 538 447 -1,447 538 539 -1,447 539 525 -1,525 539 540 -1,525 540 535 -1,257 248 252 -1,252 248 250 -1,252 250 259 -1,259 250 513 -1,259 513 294 -1,294 513 541 -1,542 513 543 -1,543 513 73 -1,543 73 88 -1,88 73 72 -1,88 72 86 -1,542 544 513 -1,513 544 545 -1,513 545 541 -1,541 545 546 -1,541 546 88 -1,88 546 547 -1,88 547 543 -1,548 549 550 -1,550 549 545 -1,550 545 551 -1,551 545 544 -1,551 544 552 -1,552 544 553 -1,437 436 460 -1,460 436 554 -1,460 554 451 -1,451 554 555 -1,451 555 449 -1,449 555 556 -1,449 556 518 -1,65 67 88 -1,88 67 557 -1,88 557 541 -1,541 557 341 -1,541 341 294 -1,294 341 343 -1,294 343 292 -1,61 60 67 -1,67 60 558 -1,67 558 557 -1,557 558 559 -1,557 559 341 -1,341 559 560 -1,341 560 349 -1,349 560 561 -1,349 561 419 -1,419 561 562 -1,419 562 429 -1,429 562 563 -1,429 563 436 -1,436 563 564 -1,436 564 554 -1,554 564 565 -1,554 565 555 -1,555 565 566 -1,555 566 556 -1,51 38 49 -1,49 38 40 -1,49 40 54 -1,54 40 567 -1,54 567 58 -1,58 567 568 -1,569 570 566 -1,566 570 571 -1,566 571 479 -1,572 573 574 -1,575 576 479 -1,577 479 578 -1,578 479 571 -1,578 571 579 -1,579 571 580 -1,579 580 569 -1,569 580 581 -1,569 581 570 -1,582 576 583 -1,583 576 584 -1,583 584 585 -1,585 584 586 -1,585 586 587 -1,587 586 479 -1,587 479 582 -1,582 479 576 -1,588 589 577 -1,577 589 590 -1,577 590 479 -1,479 590 591 -1,592 593 591 -1,591 593 594 -1,591 594 479 -1,479 594 595 -1,596 597 595 -1,595 597 598 -1,595 598 479 -1,479 598 599 -1,600 601 599 -1,599 601 602 -1,599 602 479 -1,479 602 603 -1,604 605 603 -1,603 605 606 -1,603 606 479 -1,479 606 607 -1,574 575 572 -1,572 575 479 -1,572 479 608 -1,608 479 607 -1,608 607 609 -1,609 607 610 -1,611 612 613 -1,614 615 568 -1,568 615 616 -1,617 568 618 -1,618 568 616 -1,618 616 619 -1,619 616 620 -1,619 620 614 -1,614 620 621 -1,614 621 615 -1,568 622 623 -1,568 624 566 -1,566 624 625 -1,566 625 569 -1,569 625 626 -1,569 626 627 -1,627 626 628 -1,627 628 629 -1,630 631 617 -1,617 631 632 -1,617 632 568 -1,568 632 611 -1,568 611 622 -1,622 611 613 -1,633 634 623 -1,623 634 635 -1,623 635 568 -1,568 635 636 -1,637 638 636 -1,636 638 639 -1,636 639 568 -1,568 639 640 -1,641 642 640 -1,640 642 643 -1,640 643 568 -1,568 643 644 -1,645 646 644 -1,644 646 647 -1,644 647 568 -1,568 647 648 -1,628 624 629 -1,629 624 568 -1,629 568 649 -1,649 568 648 -1,649 648 650 -1,650 648 651 -1,652 653 568 -1,654 655 656 -1,657 658 568 -1,659 660 661 -1,661 660 662 -1,661 662 663 -1,664 568 665 -1,665 568 666 -1,665 666 667 -1,667 666 668 -1,662 669 663 -1,663 669 670 -1,663 670 505 -1,505 670 660 -1,505 660 568 -1,568 660 659 -1,568 659 666 -1,656 652 654 -1,654 652 568 -1,654 568 671 -1,671 568 664 -1,671 664 672 -1,672 664 673 -1,674 675 676 -1,677 678 568 -1,676 657 674 -1,674 657 568 -1,674 568 679 -1,679 568 653 -1,679 653 680 -1,680 653 681 -1,682 683 684 -1,684 677 682 -1,682 677 568 -1,682 568 685 -1,685 568 658 -1,685 658 686 -1,686 658 687 -1,688 678 689 -1,689 678 690 -1,689 690 691 -1,691 690 614 -1,691 614 692 -1,692 614 568 -1,692 568 688 -1,688 568 678 -1,693 694 695 -1,586 696 479 -1,479 696 697 -1,698 699 700 -1,701 479 702 -1,702 479 697 -1,702 697 703 -1,703 697 704 -1,703 704 586 -1,586 704 705 -1,586 705 696 -1,479 706 707 -1,708 709 701 -1,701 709 710 -1,701 710 479 -1,479 710 693 -1,479 693 706 -1,706 693 695 -1,711 712 707 -1,707 712 713 -1,707 713 479 -1,479 713 714 -1,479 715 716 -1,479 717 505 -1,505 717 718 -1,505 718 663 -1,663 718 719 -1,663 719 720 -1,720 719 721 -1,720 721 722 -1,723 724 714 -1,714 724 725 -1,714 725 479 -1,479 725 698 -1,479 698 715 -1,715 698 700 -1,726 727 716 -1,716 727 728 -1,716 728 479 -1,479 728 729 -1,721 717 722 -1,722 717 479 -1,722 479 730 -1,730 479 729 -1,730 729 731 -1,731 729 732 -1,733 703 586 -1,734 619 614 -1,735 736 737 -1,738 739 740 -1,737 741 735 -1,735 741 742 -1,735 742 743 -1,743 744 735 -1,735 744 745 -1,735 745 746 -1,746 745 747 -1,746 747 748 -1,663 720 661 -1,661 720 749 -1,661 749 750 -1,751 752 753 -1,754 755 756 -1,757 758 759 -1,760 761 762 -1,763 764 765 -1,569 627 579 -1,579 627 766 -1,767 768 769 -1,770 771 753 -1,753 771 772 -1,772 773 774 -1,774 773 775 -1,774 775 776 -1,756 777 778 -1,779 667 668 -1,750 749 746 -1,746 749 780 -1,746 780 781 -1,760 762 782 -1,782 762 783 -1,782 783 784 -1,776 785 774 -1,774 785 786 -1,774 786 787 -1,788 789 756 -1,756 789 790 -1,756 790 791 -1,756 778 792 -1,668 793 779 -1,779 793 794 -1,779 794 748 -1,748 794 795 -1,748 795 746 -1,796 797 798 -1,799 800 801 -1,802 803 804 -1,805 735 806 -1,806 735 807 -1,805 757 735 -1,735 757 759 -1,735 759 808 -1,808 759 733 -1,808 733 584 -1,584 733 586 -1,761 809 762 -1,762 809 810 -1,762 810 811 -1,812 813 814 -1,815 816 817 -1,752 767 753 -1,753 767 769 -1,753 769 818 -1,818 769 734 -1,818 734 690 -1,690 734 614 -1,774 819 756 -1,756 819 820 -1,756 820 821 -1,754 756 822 -1,823 824 756 -1,825 735 826 -1,826 735 827 -1,828 829 830 -1,830 829 831 -1,830 831 832 -1,833 834 835 -1,781 836 746 -1,746 836 837 -1,746 837 838 -1,799 801 839 -1,840 841 746 -1,746 841 842 -1,746 842 735 -1,735 842 843 -1,735 843 807 -1,811 763 762 -1,762 763 765 -1,762 765 766 -1,766 765 844 -1,766 844 579 -1,845 589 588 -1,650 651 846 -1,846 651 847 -1,846 847 848 -1,848 847 783 -1,848 783 849 -1,849 783 762 -1,850 823 851 -1,852 853 756 -1,756 853 854 -1,756 854 777 -1,777 854 855 -1,856 857 858 -1,858 857 859 -1,858 859 860 -1,731 732 861 -1,861 732 862 -1,861 862 863 -1,863 862 781 -1,863 781 864 -1,864 781 780 -1,865 709 708 -1,588 866 845 -1,845 866 867 -1,845 867 764 -1,764 867 868 -1,764 868 765 -1,784 869 782 -1,782 869 870 -1,782 870 739 -1,871 739 872 -1,872 739 873 -1,874 875 876 -1,876 875 877 -1,876 877 878 -1,739 816 879 -1,880 631 630 -1,881 882 774 -1,774 882 883 -1,774 883 819 -1,884 885 821 -1,821 885 886 -1,886 887 821 -1,821 887 888 -1,821 888 756 -1,756 888 889 -1,756 889 788 -1,890 791 891 -1,890 892 791 -1,791 892 893 -1,791 893 756 -1,756 893 894 -1,756 894 822 -1,824 895 756 -1,756 895 896 -1,756 896 852 -1,897 609 610 -1,898 727 726 -1,899 746 900 -1,900 746 901 -1,902 903 904 -1,904 903 905 -1,904 905 906 -1,907 746 908 -1,908 746 904 -1,909 724 723 -1,746 803 910 -1,708 911 865 -1,865 911 912 -1,865 912 758 -1,758 912 913 -1,758 913 759 -1,914 646 645 -1,739 876 915 -1,630 916 880 -1,880 916 917 -1,880 917 768 -1,768 917 918 -1,768 918 769 -1,684 683 919 -1,919 683 920 -1,919 920 921 -1,921 920 770 -1,921 770 922 -1,922 770 753 -1,923 686 687 -1,924 925 787 -1,787 925 926 -1,787 926 774 -1,774 926 927 -1,774 927 881 -1,928 680 681 -1,929 672 673 -1,574 573 930 -1,930 573 931 -1,930 931 932 -1,932 931 827 -1,932 827 933 -1,933 827 735 -1,934 935 936 -1,936 935 937 -1,936 937 938 -1,938 939 936 -1,936 939 897 -1,936 897 940 -1,940 897 610 -1,778 736 792 -1,792 736 735 -1,792 735 941 -1,941 735 825 -1,605 604 942 -1,942 604 943 -1,942 943 831 -1,831 943 944 -1,831 944 832 -1,740 739 945 -1,797 946 798 -1,798 946 898 -1,798 898 947 -1,947 898 726 -1,838 948 746 -1,746 948 949 -1,746 949 950 -1,723 951 909 -1,909 951 952 -1,909 952 800 -1,800 952 953 -1,800 953 801 -1,746 801 954 -1,955 695 694 -1,813 956 814 -1,814 956 914 -1,814 914 957 -1,957 914 645 -1,870 958 739 -1,739 958 959 -1,739 959 960 -1,961 739 962 -1,962 739 963 -1,964 965 966 -1,966 965 967 -1,966 967 968 -1,969 739 970 -1,970 739 966 -1,971 972 873 -1,873 972 973 -1,871 974 739 -1,739 974 975 -1,739 975 876 -1,876 975 976 -1,876 976 874 -1,879 977 739 -1,739 977 978 -1,739 978 753 -1,753 978 979 -1,753 979 751 -1,924 980 925 -1,925 980 923 -1,925 923 981 -1,981 923 687 -1,982 676 675 -1,891 983 890 -1,890 983 928 -1,890 928 984 -1,984 928 681 -1,755 985 756 -1,756 985 986 -1,756 986 823 -1,823 986 987 -1,823 987 851 -1,855 988 777 -1,777 988 929 -1,777 929 989 -1,989 929 673 -1,825 990 941 -1,941 990 991 -1,941 991 992 -1,993 835 994 -1,994 835 941 -1,994 941 995 -1,860 859 996 -1,996 859 997 -1,996 997 998 -1,999 601 600 -1,834 1000 1001 -1,1001 1000 1002 -1,1003 597 596 -1,901 746 1004 -1,1004 746 950 -1,1004 950 798 -1,798 950 1005 -1,798 1005 796 -1,700 699 1006 -1,1006 699 1007 -1,1006 1007 905 -1,905 1007 1008 -1,905 1008 906 -1,712 711 1009 -1,1009 711 1010 -1,1009 1010 804 -1,804 1010 1011 -1,804 1011 802 -1,694 1012 955 -1,955 1012 1013 -1,955 1013 1014 -1,1014 1013 1015 -1,1014 1015 840 -1,963 739 1016 -1,1016 739 960 -1,1016 960 814 -1,814 960 1017 -1,814 1017 812 -1,634 633 1018 -1,1018 633 1019 -1,1018 1019 877 -1,877 1019 1020 -1,877 1020 878 -1,613 612 1021 -1,1021 612 1022 -1,1021 1022 817 -1,817 1022 1023 -1,817 1023 815 -1,884 1024 885 -1,885 1024 982 -1,885 982 1025 -1,1025 982 675 -1,936 1026 934 -1,934 1026 1027 -1,934 1027 992 -1,992 1027 1028 -1,992 1028 941 -1,941 1028 1029 -1,941 1029 995 -1,998 1030 996 -1,996 1030 999 -1,996 999 1031 -1,1031 999 600 -1,1002 1032 1001 -1,1001 1032 1003 -1,1001 1003 1033 -1,1033 1003 596 -1,907 1034 746 -1,746 1034 1035 -1,746 1035 801 -1,801 1035 1036 -1,801 1036 839 -1,954 1037 746 -1,746 1037 1038 -1,746 1038 803 -1,803 1038 1039 -1,803 1039 1040 -1,1040 1041 803 -1,803 1041 1042 -1,803 1042 804 -1,910 1043 746 -1,746 1043 1044 -1,746 1044 840 -1,840 1044 1045 -1,840 1045 1046 -1,1046 1047 840 -1,840 1047 1048 -1,840 1048 1014 -1,642 641 1049 -1,1049 641 1050 -1,1049 1050 967 -1,967 1050 1051 -1,967 1051 968 -1,969 1052 739 -1,739 1052 1053 -1,739 1053 873 -1,873 1053 1054 -1,873 1054 971 -1,915 1055 739 -1,739 1055 1056 -1,739 1056 816 -1,816 1056 1057 -1,816 1057 1058 -1,1058 1059 816 -1,816 1059 1060 -1,816 1060 817 -1,656 655 1061 -1,1061 655 1062 -1,1061 1062 851 -1,851 1062 1063 -1,851 1063 850 -1,828 830 993 -1,993 830 1064 -1,993 1064 835 -1,835 1064 1065 -1,835 1065 856 -1,835 1066 1067 -1,1067 1068 835 -1,835 1068 1069 -1,835 1069 1070 -1,899 1071 746 -1,746 1071 1072 -1,746 1072 904 -1,904 1072 1073 -1,904 1073 902 -1,1074 638 637 -1,858 1075 856 -1,856 1075 1076 -1,856 1076 835 -1,835 1076 1077 -1,835 1077 833 -1,1001 1078 834 -1,834 1078 1079 -1,834 1079 835 -1,835 1079 1080 -1,835 1080 1066 -1,593 592 1081 -1,1081 592 1082 -1,1081 1082 740 -1,740 1082 1083 -1,740 1083 738 -1,961 1084 739 -1,739 1084 1085 -1,739 1085 966 -1,966 1085 1086 -1,966 1086 964 -1,637 1087 1074 -1,1074 1087 1088 -1,1074 1088 973 -1,973 1088 1089 -1,973 1089 873 -1,772 774 753 -1,753 774 835 -1,753 835 739 -1,739 835 1070 -1,739 1070 945 -1,
        ]
    }
}
Shape{
    appearance Appearance {
        material  Material {
            diffuseColor 0.7529411764705882 0.7529411764705882 0.7529411764705882
            specularColor 0.3764705882352941 0.3764705882352941 0.3764705882352941
            ambientIntensity 0.2
            transparency 0
            shininess 0.5
        }
    }
    geometry IndexedFaceSet {
        ccw TRUE
        solid FALSE
        coord DEF co Coordinate {
            point [
                -0.5031 0.5704 0.3815, -0.5031 0.5704 0.3819, -0.5061 0.5931 0.3815, -0.5061 0.5931 0.3819, -0.5148 0.6143 0.3815, -0.5148 0.6143 0.3819, -0.5288 0.6324 0.3815, -0.5288 0.6324 0.3819, -0.5469 0.6464 0.3815, -0.5469 0.6464 0.3819, -0.5681 0.6551 0.3815, -0.5681 0.6551 0.3819, -0.5908 0.6581 0.3815, -0.5908 0.6581 0.3819, -0.6134 0.6551 0.3815, -0.6134 0.6551 0.3819, -0.6346 0.6464 0.3815, -0.6346 0.6464 0.3819, -0.6527 0.6324 0.3815, -0.6527 0.6324 0.3819, -0.6667 0.6143 0.3815, -0.6667 0.6143 0.3819, -0.6754 0.5931 0.3815, -0.6754 0.5931 0.3819, -0.6784 0.5704 0.3815, -0.6784 0.5704 0.3819, -0.6754 0.5477 0.3815, -0.6754 0.5477 0.3819, -0.6667 0.5266 0.3815, -0.6667 0.5266 0.3819, -0.6527 0.5085 0.3815, -0.6527 0.5085 0.3819, -0.6346 0.4945 0.3815, -0.6346 0.4945 0.3819, -0.6134 0.4858 0.3815, -0.6134 0.4858 0.3819, -0.5908 0.4828 0.3815, -0.5908 0.4828 0.3819, -0.5681 0.4858 0.3815, -0.5681 0.4858 0.3819, -0.5469 0.4945 0.3815, -0.5469 0.4945 0.3819, -0.5288 0.5085 0.3815, -0.5288 0.5085 0.3819, -0.5148 0.5266 0.3815, -0.5148 0.5266 0.3819, -0.5061 0.5477 0.3815, -0.5061 0.5477 0.3819, -0.5908 0.5704 0.3815, -0.5908 0.5704 0.3815
            ]
        }
        coordIndex [
            0 1 2 -1,2 1 3 -1,2 3 4 -1,4 3 5 -1,4 5 6 -1,6 5 7 -1,6 7 8 -1,8 7 9 -1,8 9 10 -1,10 9 11 -1,10 11 12 -1,12 11 13 -1,12 13 14 -1,14 13 15 -1,14 15 16 -1,16 15 17 -1,16 17 18 -1,18 17 19 -1,18 19 20 -1,20 19 21 -1,20 21 22 -1,22 21 23 -1,22 23 24 -1,24 23 25 -1,24 25 26 -1,26 25 27 -1,26 27 28 -1,28 27 29 -1,28 29 30 -1,30 29 31 -1,30 31 32 -1,32 31 33 -1,32 33 34 -1,34 33 35 -1,34 35 36 -1,36 35 37 -1,36 37 38 -1,38 37 39 -1,38 39 40 -1,40 39 41 -1,40 41 42 -1,42 41 43 -1,42 43 44 -1,44 43 45 -1,44 45 46 -1,46 45 47 -1,46 47 0 -1,0 47 1 -1,44 46 48 -1,48 46 0 -1,48 0 2 -1,38 40 48 -1,48 40 42 -1,48 42 44 -1,32 34 48 -1,48 34 36 -1,48 36 38 -1,26 28 48 -1,48 28 30 -1,48 30 32 -1,20 22 48 -1,48 22 24 -1,48 24 26 -1,14 16 48 -1,48 16 18 -1,48 18 20 -1,8 10 48 -1,48 10 12 -1,48 12 14 -1,2 4 48 -1,48 4 6 -1,48 6 8 -1,
        ]
    }
}
Shape{
    appearance Appearance {
        material  Material {
            diffuseColor 1.0 1.0 1.0
            specularColor 0.5019607843137255 0.5019607843137255 0.5019607843137255
            ambientIntensity 0.2
            transparency 0
            shininess 0.5
        }
    }
    geometry IndexedFaceSet {
        ccw TRUE
        solid FALSE
        coord DEF co Coordinate {
            point [
                -0.0394 0.7913 0.0866, -0.1181 0.7913 0.0866, -0.0394 0.7874 0.0866, -0.1181 0.7874 0.0866, -0.1181 0.7874 0.0079, -0.1181 0.7913 0.0000, -0.1181 0.6693 0.0079, -0.1181 0.6693 0.0000, -0.1168 0.6591 0.0000, -0.1168 0.6591 0.0079, -0.1128 0.6496 0.0000, -0.1128 0.6496 0.0079, -0.1066 0.6415 0.0000, -0.1066 0.6415 0.0079, -0.0984 0.6352 0.0000, -0.0984 0.6352 0.0079, -0.0889 0.6313 0.0000, -0.0889 0.6313 0.0079, -0.0787 0.6299 0.0000, -0.0787 0.6299 0.0079, -0.0686 0.6313 0.0000, -0.0686 0.6313 0.0079, -0.0591 0.6352 0.0000, -0.0591 0.6352 0.0079, -0.0509 0.6415 0.0000, -0.0509 0.6415 0.0079, -0.0446 0.6496 0.0000, -0.0446 0.6496 0.0079, -0.0407 0.6591 0.0000, -0.0407 0.6591 0.0079, -0.0394 0.6693 0.0000, -0.0394 0.6693 0.0079, -0.0394 0.7874 0.0079, -0.0394 0.7913 0.0000, -0.0394 0.7913 0.0000
            ]
        }
        coordIndex [
            0 1 2 -1,2 1 3 -1,3 1 4 -1,4 1 5 -1,4 5 6 -1,6 5 7 -1,6 7 8 -1,6 8 9 -1,9 8 10 -1,9 10 11 -1,11 10 12 -1,11 12 13 -1,13 12 14 -1,13 14 15 -1,15 14 16 -1,15 16 17 -1,17 16 18 -1,17 18 19 -1,19 18 20 -1,19 20 21 -1,21 20 22 -1,21 22 23 -1,23 22 24 -1,23 24 25 -1,25 24 26 -1,25 26 27 -1,27 26 28 -1,27 28 29 -1,29 28 30 -1,29 30 31 -1,31 30 32 -1,32 30 33 -1,32 33 2 -1,2 33 0 -1,
        ]
    }
}
Shape{
    appearance Appearance {
        material  Material {
            diffuseColor 0.5372549019607843 0.34901960784313724 0.33725490196078434
            specularColor 0.3764705882352941 0.24313725490196078 0.23529411764705882
            ambientIntensity 0.2
            transparency 0
            shininess 0.5
        }
    }
    geometry IndexedFaceSet {
        ccw TRUE
        solid FALSE
        coord DEF co Coordinate {
            point [
                -0.1181 0.7913 0.0000, -0.1181 0.7913 0.0866, -0.0394 0.7913 0.0000, -0.0394 0.7913 0.0866, -0.0394 0.7913 0.0866
            ]
        }
        coordIndex [
            0 1 2 -1,2 1 3 -1,
        ]
    }
}
Shape{
    appearance Appearance {
        material  Material {
            diffuseColor 1.0 1.0 1.0
            specularColor 0.5019607843137255 0.5019607843137255 0.5019607843137255
            ambientIntensity 0.2
            transparency 0
            shininess 0.5
        }
    }
    geometry IndexedFaceSet {
        ccw TRUE
        solid FALSE
        coord DEF co Coordinate {
            point [
                -0.0407 0.6591 0.0000, -0.0984 0.6352 0.0000, -0.0394 0.6693 0.0000, -0.1066 0.6415 0.0000, -0.1128 0.6496 0.0000, -0.1181 0.7913 0.0000, -0.0394 0.7913 0.0000, -0.1181 0.6693 0.0000, -0.1168 0.6591 0.0000, -0.0446 0.6496 0.0000, -0.0509 0.6415 0.0000, -0.0591 0.6352 0.0000, -0.0686 0.6313 0.0000, -0.0787 0.6299 0.0000, -0.0889 0.6313 0.0000, 0.1181 0.7913 0.0866, 0.0394 0.7913 0.0866, 0.1181 0.7874 0.0866, 0.0394 0.7874 0.0866, 0.0394 0.7874 0.0079, 0.0394 0.7913 0.0000, 0.0394 0.6693 0.0079, 0.0394 0.6693 0.0000, 0.0407 0.6591 0.0000, 0.0407 0.6591 0.0079, 0.0446 0.6496 0.0000, 0.0446 0.6496 0.0079, 0.0509 0.6415 0.0000, 0.0509 0.6415 0.0079, 0.0591 0.6352 0.0000, 0.0591 0.6352 0.0079, 0.0686 0.6313 0.0000, 0.0686 0.6313 0.0079, 0.0787 0.6299 0.0000, 0.0787 0.6299 0.0079, 0.0889 0.6313 0.0000, 0.0889 0.6313 0.0079, 0.0984 0.6352 0.0000, 0.0984 0.6352 0.0079, 0.1066 0.6415 0.0000, 0.1066 0.6415 0.0079, 0.1128 0.6496 0.0000, 0.1128 0.6496 0.0079, 0.1168 0.6591 0.0000, 0.1168 0.6591 0.0079, 0.1181 0.6693 0.0000, 0.1181 0.6693 0.0079, 0.1181 0.7874 0.0079, 0.1181 0.7913 0.0000, 0.1181 0.7913 0.0000
            ]
        }
        coordIndex [
            0 1 2 -1,2 1 3 -1,2 3 4 -1,5 6 7 -1,7 6 2 -1,7 2 8 -1,8 2 4 -1,0 9 1 -1,1 9 10 -1,1 10 11 -1,11 12 1 -1,1 12 13 -1,1 13 14 -1,15 16 17 -1,17 16 18 -1,18 16 19 -1,19 16 20 -1,19 20 21 -1,21 20 22 -1,21 22 23 -1,21 23 24 -1,24 23 25 -1,24 25 26 -1,26 25 27 -1,26 27 28 -1,28 27 29 -1,28 29 30 -1,30 29 31 -1,30 31 32 -1,32 31 33 -1,32 33 34 -1,34 33 35 -1,34 35 36 -1,36 35 37 -1,36 37 38 -1,38 37 39 -1,38 39 40 -1,40 39 41 -1,40 41 42 -1,42 41 43 -1,42 43 44 -1,44 43 45 -1,44 45 46 -1,46 45 47 -1,47 45 48 -1,47 48 17 -1,17 48 15 -1,
        ]
    }
}
Shape{
    appearance Appearance {
        material  Material {
            diffuseColor 0.5372549019607843 0.34901960784313724 0.33725490196078434
            specularColor 0.3764705882352941 0.24313725490196078 0.23529411764705882
            ambientIntensity 0.2
            transparency 0
            shininess 0.5
        }
    }
    geometry IndexedFaceSet {
        ccw TRUE
        solid FALSE
        coord DEF co Coordinate {
            point [
                0.0394 0.7913 0.0000, 0.0394 0.7913 0.0866, 0.1181 0.7913 0.0000, 0.1181 0.7913 0.0866, 0.1181 0.7913 0.0866
            ]
        }
        coordIndex [
            0 1 2 -1,2 1 3 -1,
        ]
    }
}
Shape{
    appearance Appearance {
        material  Material {
            diffuseColor 1.0 1.0 1.0
            specularColor 0.5019607843137255 0.5019607843137255 0.5019607843137255
            ambientIntensity 0.2
            transparency 0
            shininess 0.5
        }
    }
    geometry IndexedFaceSet {
        ccw TRUE
        solid FALSE
        coord DEF co Coordinate {
            point [
                0.1168 0.6591 0.0000, 0.0591 0.6352 0.0000, 0.1181 0.6693 0.0000, 0.0509 0.6415 0.0000, 0.0446 0.6496 0.0000, 0.0394 0.7913 0.0000, 0.1181 0.7913 0.0000, 0.0394 0.6693 0.0000, 0.0407 0.6591 0.0000, 0.1128 0.6496 0.0000, 0.1066 0.6415 0.0000, 0.0984 0.6352 0.0000, 0.0889 0.6313 0.0000, 0.0787 0.6299 0.0000, 0.0686 0.6313 0.0000, 0.2756 0.7913 0.0866, 0.1969 0.7913 0.0866, 0.2756 0.7874 0.0866, 0.1969 0.7874 0.0866, 0.1969 0.7874 0.0079, 0.1969 0.7913 0.0000, 0.1969 0.6693 0.0079, 0.1969 0.6693 0.0000, 0.1982 0.6591 0.0000, 0.1982 0.6591 0.0079, 0.2021 0.6496 0.0000, 0.2021 0.6496 0.0079, 0.2084 0.6415 0.0000, 0.2084 0.6415 0.0079, 0.2165 0.6352 0.0000, 0.2165 0.6352 0.0079, 0.2260 0.6313 0.0000, 0.2260 0.6313 0.0079, 0.2362 0.6299 0.0000, 0.2362 0.6299 0.0079, 0.2464 0.6313 0.0000, 0.2464 0.6313 0.0079, 0.2559 0.6352 0.0000, 0.2559 0.6352 0.0079, 0.2641 0.6415 0.0000, 0.2641 0.6415 0.0079, 0.2703 0.6496 0.0000, 0.2703 0.6496 0.0079, 0.2742 0.6591 0.0000, 0.2742 0.6591 0.0079, 0.2756 0.6693 0.0000, 0.2756 0.6693 0.0079, 0.2756 0.7874 0.0079, 0.2756 0.7913 0.0000, 0.2756 0.7913 0.0000
            ]
        }
        coordIndex [
            0 1 2 -1,2 1 3 -1,2 3 4 -1,5 6 7 -1,7 6 2 -1,7 2 8 -1,8 2 4 -1,0 9 1 -1,1 9 10 -1,1 10 11 -1,11 12 1 -1,1 12 13 -1,1 13 14 -1,15 16 17 -1,17 16 18 -1,18 16 19 -1,19 16 20 -1,19 20 21 -1,21 20 22 -1,21 22 23 -1,21 23 24 -1,24 23 25 -1,24 25 26 -1,26 25 27 -1,26 27 28 -1,28 27 29 -1,28 29 30 -1,30 29 31 -1,30 31 32 -1,32 31 33 -1,32 33 34 -1,34 33 35 -1,34 35 36 -1,36 35 37 -1,36 37 38 -1,38 37 39 -1,38 39 40 -1,40 39 41 -1,40 41 42 -1,42 41 43 -1,42 43 44 -1,44 43 45 -1,44 45 46 -1,46 45 47 -1,47 45 48 -1,47 48 17 -1,17 48 15 -1,
        ]
    }
}
Shape{
    appearance Appearance {
        material  Material {
            diffuseColor 0.5372549019607843 0.34901960784313724 0.33725490196078434
            specularColor 0.3764705882352941 0.24313725490196078 0.23529411764705882
            ambientIntensity 0.2
            transparency 0
            shininess 0.5
        }
    }
    geometry IndexedFaceSet {
        ccw TRUE
        solid FALSE
        coord DEF co Coordinate {
            point [
                0.1969 0.7913 0.0000, 0.1969 0.7913 0.0866, 0.2756 0.7913 0.0000, 0.2756 0.7913 0.0866, 0.2756 0.7913 0.0866
            ]
        }
        coordIndex [
            0 1 2 -1,2 1 3 -1,
        ]
    }
}
Shape{
    appearance Appearance {
        material  Material {
            diffuseColor 1.0 1.0 1.0
            specularColor 0.5019607843137255 0.5019607843137255 0.5019607843137255
            ambientIntensity 0.2
            transparency 0
            shininess 0.5
        }
    }
    geometry IndexedFaceSet {
        ccw TRUE
        solid FALSE
        coord DEF co Coordinate {
            point [
                0.1982 0.6591 0.0000, 0.1969 0.6693 0.0000, 0.2559 0.6352 0.0000, 0.1969 0.7913 0.0000, 0.2756 0.7913 0.0000, 0.2756 0.6693 0.0000, 0.2742 0.6591 0.0000, 0.2703 0.6496 0.0000, 0.2641 0.6415 0.0000, 0.2464 0.6313 0.0000, 0.2362 0.6299 0.0000, 0.2260 0.6313 0.0000, 0.2165 0.6352 0.0000, 0.2084 0.6415 0.0000, 0.2021 0.6496 0.0000, 0.4331 0.7913 0.0866, 0.3543 0.7913 0.0866, 0.4331 0.7874 0.0866, 0.3543 0.7874 0.0866, 0.3543 0.7874 0.0079, 0.3543 0.7913 0.0000, 0.3543 0.6693 0.0079, 0.3543 0.6693 0.0000, 0.3557 0.6591 0.0000, 0.3557 0.6591 0.0079, 0.3596 0.6496 0.0000, 0.3596 0.6496 0.0079, 0.3659 0.6415 0.0000, 0.3659 0.6415 0.0079, 0.3740 0.6352 0.0000, 0.3740 0.6352 0.0079, 0.3835 0.6313 0.0000, 0.3835 0.6313 0.0079, 0.3937 0.6299 0.0000, 0.3937 0.6299 0.0079, 0.4039 0.6313 0.0000, 0.4039 0.6313 0.0079, 0.4134 0.6352 0.0000, 0.4134 0.6352 0.0079, 0.4215 0.6415 0.0000, 0.4215 0.6415 0.0079, 0.4278 0.6496 0.0000, 0.4278 0.6496 0.0079, 0.4317 0.6591 0.0000, 0.4317 0.6591 0.0079, 0.4331 0.6693 0.0000, 0.4331 0.6693 0.0079, 0.4331 0.7874 0.0079, 0.4331 0.7913 0.0000, 0.4331 0.7913 0.0000
            ]
        }
        coordIndex [
            0 1 2 -1,3 4 1 -1,1 4 5 -1,1 5 6 -1,6 7 1 -1,1 7 8 -1,1 8 2 -1,9 10 2 -1,2 10 11 -1,2 11 12 -1,12 13 2 -1,2 13 14 -1,2 14 0 -1,15 16 17 -1,17 16 18 -1,18 16 19 -1,19 16 20 -1,19 20 21 -1,21 20 22 -1,21 22 23 -1,21 23 24 -1,24 23 25 -1,24 25 26 -1,26 25 27 -1,26 27 28 -1,28 27 29 -1,28 29 30 -1,30 29 31 -1,30 31 32 -1,32 31 33 -1,32 33 34 -1,34 33 35 -1,34 35 36 -1,36 35 37 -1,36 37 38 -1,38 37 39 -1,38 39 40 -1,40 39 41 -1,40 41 42 -1,42 41 43 -1,42 43 44 -1,44 43 45 -1,44 45 46 -1,46 45 47 -1,47 45 48 -1,47 48 17 -1,17 48 15 -1,
        ]
    }
}
Shape{
    appearance Appearance {
        material  Material {
            diffuseColor 0.5372549019607843 0.34901960784313724 0.33725490196078434
            specularColor 0.3764705882352941 0.24313725490196078 0.23529411764705882
            ambientIntensity 0.2
            transparency 0
            shininess 0.5
        }
    }
    geometry IndexedFaceSet {
        ccw TRUE
        solid FALSE
        coord DEF co Coordinate {
            point [
                0.3543 0.7913 0.0000, 0.3543 0.7913 0.0866, 0.4331 0.7913 0.0000, 0.4331 0.7913 0.0866, 0.4331 0.7913 0.0866
            ]
        }
        coordIndex [
            0 1 2 -1,2 1 3 -1,
        ]
    }
}
Shape{
    appearance Appearance {
        material  Material {
            diffuseColor 1.0 1.0 1.0
            specularColor 0.5019607843137255 0.5019607843137255 0.5019607843137255
            ambientIntensity 0.2
            transparency 0
            shininess 0.5
        }
    }
    geometry IndexedFaceSet {
        ccw TRUE
        solid FALSE
        coord DEF co Coordinate {
            point [
                0.3543 0.6693 0.0000, 0.3543 0.7913 0.0000, 0.4331 0.7913 0.0000, 0.4331 0.6693 0.0000, 0.4317 0.6591 0.0000, 0.4278 0.6496 0.0000, 0.4215 0.6415 0.0000, 0.3596 0.6496 0.0000, 0.3557 0.6591 0.0000, 0.4134 0.6352 0.0000, 0.4039 0.6313 0.0000, 0.3937 0.6299 0.0000, 0.3835 0.6313 0.0000, 0.3740 0.6352 0.0000, 0.3659 0.6415 0.0000, 0.5906 0.7913 0.0866, 0.5118 0.7913 0.0866, 0.5906 0.7874 0.0866, 0.5118 0.7874 0.0866, 0.5118 0.7874 0.0079, 0.5118 0.7913 0.0000, 0.5118 0.6693 0.0079, 0.5118 0.6693 0.0000, 0.5118 0.6693 0.0000
            ]
        }
        coordIndex [
            0 1 2 -1,2 3 0 -1,0 3 4 -1,0 4 5 -1,6 7 5 -1,5 7 8 -1,5 8 0 -1,6 9 7 -1,7 9 10 -1,7 10 11 -1,11 12 7 -1,7 12 13 -1,7 13 14 -1,15 16 17 -1,17 16 18 -1,18 16 19 -1,19 16 20 -1,19 20 21 -1,21 20 22 -1,
        ]
    }
}
Shape{
    appearance Appearance {
        material  Material {
            diffuseColor 0.5372549019607843 0.34901960784313724 0.33725490196078434
            specularColor 0.3764705882352941 0.24313725490196078 0.23529411764705882
            ambientIntensity 0.2
            transparency 0
            shininess 0.5
        }
    }
    geometry IndexedFaceSet {
        ccw TRUE
        solid FALSE
        coord DEF co Coordinate {
            point [
                0.5118 0.7913 0.0000, 0.5118 0.7913 0.0866, 0.5906 0.7913 0.0000, 0.5906 0.7913 0.0866, 0.5906 0.7913 0.0866
            ]
        }
        coordIndex [
            0 1 2 -1,2 1 3 -1,
        ]
    }
}
Shape{
    appearance Appearance {
        material  Material {
            diffuseColor 1.0 1.0 1.0
            specularColor 0.5019607843137255 0.5019607843137255 0.5019607843137255
            ambientIntensity 0.2
            transparency 0
            shininess 0.5
        }
    }
    geometry IndexedFaceSet {
        ccw TRUE
        solid FALSE
        coord DEF co Coordinate {
            point [
                -0.1969 0.7913 0.0866, -0.2756 0.7913 0.0866, -0.1969 0.7874 0.0866, -0.2756 0.7874 0.0866, -0.2756 0.7874 0.0079, -0.2756 0.7913 0.0000, -0.2756 0.6693 0.0079, -0.2756 0.6693 0.0000, -0.2742 0.6591 0.0000, -0.2742 0.6591 0.0079, -0.2703 0.6496 0.0000, -0.2703 0.6496 0.0079, -0.2641 0.6415 0.0000, -0.2641 0.6415 0.0079, -0.2559 0.6352 0.0000, -0.2559 0.6352 0.0079, -0.2464 0.6313 0.0000, -0.2464 0.6313 0.0079, -0.2362 0.6299 0.0000, -0.2362 0.6299 0.0079, -0.2260 0.6313 0.0000, -0.2260 0.6313 0.0079, -0.2165 0.6352 0.0000, -0.2165 0.6352 0.0079, -0.2084 0.6415 0.0000, -0.2084 0.6415 0.0079, -0.2021 0.6496 0.0000, -0.2021 0.6496 0.0079, -0.1982 0.6591 0.0000, -0.1982 0.6591 0.0079, -0.1969 0.6693 0.0000, -0.1969 0.6693 0.0079, -0.1969 0.7874 0.0079, -0.1969 0.7913 0.0000, -0.1969 0.7913 0.0000
            ]
        }
        coordIndex [
            0 1 2 -1,2 1 3 -1,3 1 4 -1,4 1 5 -1,4 5 6 -1,6 5 7 -1,6 7 8 -1,6 8 9 -1,9 8 10 -1,9 10 11 -1,11 10 12 -1,11 12 13 -1,13 12 14 -1,13 14 15 -1,15 14 16 -1,15 16 17 -1,17 16 18 -1,17 18 19 -1,19 18 20 -1,19 20 21 -1,21 20 22 -1,21 22 23 -1,23 22 24 -1,23 24 25 -1,25 24 26 -1,25 26 27 -1,27 26 28 -1,27 28 29 -1,29 28 30 -1,29 30 31 -1,31 30 32 -1,32 30 33 -1,32 33 2 -1,2 33 0 -1,
        ]
    }
}
Shape{
    appearance Appearance {
        material  Material {
            diffuseColor 0.5372549019607843 0.34901960784313724 0.33725490196078434
            specularColor 0.3764705882352941 0.24313725490196078 0.23529411764705882
            ambientIntensity 0.2
            transparency 0
            shininess 0.5
        }
    }
    geometry IndexedFaceSet {
        ccw TRUE
        solid FALSE
        coord DEF co Coordinate {
            point [
                -0.2756 0.7913 0.0000, -0.2756 0.7913 0.0866, -0.1969 0.7913 0.0000, -0.1969 0.7913 0.0866, -0.1969 0.7913 0.0866
            ]
        }
        coordIndex [
            0 1 2 -1,2 1 3 -1,
        ]
    }
}
Shape{
    appearance Appearance {
        material  Material {
            diffuseColor 1.0 1.0 1.0
            specularColor 0.5019607843137255 0.5019607843137255 0.5019607843137255
            ambientIntensity 0.2
            transparency 0
            shininess 0.5
        }
    }
    geometry IndexedFaceSet {
        ccw TRUE
        solid FALSE
        coord DEF co Coordinate {
            point [
                -0.2742 0.6591 0.0000, -0.2756 0.6693 0.0000, -0.2165 0.6352 0.0000, -0.2756 0.7913 0.0000, -0.1969 0.7913 0.0000, -0.1969 0.6693 0.0000, -0.1982 0.6591 0.0000, -0.2021 0.6496 0.0000, -0.2084 0.6415 0.0000, -0.2260 0.6313 0.0000, -0.2362 0.6299 0.0000, -0.2464 0.6313 0.0000, -0.2559 0.6352 0.0000, -0.2641 0.6415 0.0000, -0.2703 0.6496 0.0000, -0.3543 0.7913 0.0866, -0.4331 0.7913 0.0866, -0.3543 0.7874 0.0866, -0.4331 0.7874 0.0866, -0.4331 0.7874 0.0079, -0.4331 0.7913 0.0000, -0.4331 0.6693 0.0079, -0.4331 0.6693 0.0000, -0.4317 0.6591 0.0000, -0.4317 0.6591 0.0079, -0.4278 0.6496 0.0000, -0.4278 0.6496 0.0079, -0.4215 0.6415 0.0000, -0.4215 0.6415 0.0079, -0.4134 0.6352 0.0000, -0.4134 0.6352 0.0079, -0.4039 0.6313 0.0000, -0.4039 0.6313 0.0079, -0.3937 0.6299 0.0000, -0.3937 0.6299 0.0079, -0.3835 0.6313 0.0000, -0.3835 0.6313 0.0079, -0.3740 0.6352 0.0000, -0.3740 0.6352 0.0079, -0.3659 0.6415 0.0000, -0.3659 0.6415 0.0079, -0.3596 0.6496 0.0000, -0.3596 0.6496 0.0079, -0.3557 0.6591 0.0000, -0.3557 0.6591 0.0079, -0.3543 0.6693 0.0000, -0.3543 0.6693 0.0079, -0.3543 0.7874 0.0079, -0.3543 0.7913 0.0000, -0.3543 0.7913 0.0000
            ]
        }
        coordIndex [
            0 1 2 -1,3 4 1 -1,1 4 5 -1,1 5 6 -1,6 7 1 -1,1 7 8 -1,1 8 2 -1,9 10 2 -1,2 10 11 -1,2 11 12 -1,12 13 2 -1,2 13 14 -1,2 14 0 -1,15 16 17 -1,17 16 18 -1,18 16 19 -1,19 16 20 -1,19 20 21 -1,21 20 22 -1,21 22 23 -1,21 23 24 -1,24 23 25 -1,24 25 26 -1,26 25 27 -1,26 27 28 -1,28 27 29 -1,28 29 30 -1,30 29 31 -1,30 31 32 -1,32 31 33 -1,32 33 34 -1,34 33 35 -1,34 35 36 -1,36 35 37 -1,36 37 38 -1,38 37 39 -1,38 39 40 -1,40 39 41 -1,40 41 42 -1,42 41 43 -1,42 43 44 -1,44 43 45 -1,44 45 46 -1,46 45 47 -1,47 45 48 -1,47 48 17 -1,17 48 15 -1,
        ]
    }
}
Shape{
    appearance Appearance {
        material  Material {
            diffuseColor 0.5372549019607843 0.34901960784313724 0.33725490196078434
            specularColor 0.3764705882352941 0.24313725490196078 0.23529411764705882
            ambientIntensity 0.2
            transparency 0
            shininess 0.5
        }
    }
    geometry IndexedFaceSet {
        ccw TRUE
        solid FALSE
        coord DEF co Coordinate {
            point [
                -0.4331 0.7913 0.0000, -0.4331 0.7913 0.0866, -0.3543 0.7913 0.0000, -0.3543 0.7913 0.0866, -0.3543 0.7913 0.0866
            ]
        }
        coordIndex [
            0 1 2 -1,2 1 3 -1,
        ]
    }
}
Shape{
    appearance Appearance {
        material  Material {
            diffuseColor 1.0 1.0 1.0
            specularColor 0.5019607843137255 0.5019607843137255 0.5019607843137255
            ambientIntensity 0.2
            transparency 0
            shininess 0.5
        }
    }
    geometry IndexedFaceSet {
        ccw TRUE
        solid FALSE
        coord DEF co Coordinate {
            point [
                -0.4331 0.7913 0.0000, -0.3543 0.7913 0.0000, -0.4331 0.6693 0.0000, -0.3543 0.6693 0.0000, -0.3557 0.6591 0.0000, -0.3596 0.6496 0.0000, -0.3659 0.6415 0.0000, -0.3740 0.6352 0.0000, -0.3835 0.6313 0.0000, -0.3937 0.6299 0.0000, -0.4215 0.6415 0.0000, -0.4278 0.6496 0.0000, -0.4317 0.6591 0.0000, -0.4039 0.6313 0.0000, -0.4134 0.6352 0.0000, -0.5118 0.7913 0.0866, -0.5906 0.7913 0.0866, -0.5118 0.7874 0.0866, -0.5906 0.7874 0.0866, -0.5118 0.6693 0.0079, -0.5118 0.6693 0.0000, -0.5118 0.7874 0.0079, -0.5118 0.7913 0.0000, -0.5118 0.7913 0.0000
            ]
        }
        coordIndex [
            0 1 2 -1,2 1 3 -1,2 3 4 -1,4 5 2 -1,2 5 6 -1,2 6 7 -1,7 8 9 -1,10 11 7 -1,7 11 12 -1,7 12 2 -1,9 13 7 -1,7 13 14 -1,7 14 10 -1,15 16 17 -1,17 16 18 -1,19 20 21 -1,21 20 22 -1,21 22 17 -1,17 22 15 -1,
        ]
    }
}
Shape{
    appearance Appearance {
        material  Material {
            diffuseColor 0.5372549019607843 0.34901960784313724 0.33725490196078434
            specularColor 0.3764705882352941 0.24313725490196078 0.23529411764705882
            ambientIntensity 0.2
            transparency 0
            shininess 0.5
        }
    }
    geometry IndexedFaceSet {
        ccw TRUE
        solid FALSE
        coord DEF co Coordinate {
            point [
                -0.5906 0.7913 0.0000, -0.5906 0.7913 0.0866, -0.5118 0.7913 0.0000, -0.5118 0.7913 0.0866, -0.5118 0.7913 0.0866
            ]
        }
        coordIndex [
            0 1 2 -1,2 1 3 -1,
        ]
    }
}
Shape{
    appearance Appearance {
        material  Material {
            diffuseColor 1.0 1.0 1.0
            specularColor 0.5019607843137255 0.5019607843137255 0.5019607843137255
            ambientIntensity 0.2
            transparency 0
            shininess 0.5
        }
    }
    geometry IndexedFaceSet {
        ccw TRUE
        solid FALSE
        coord DEF co Coordinate {
            point [
                -0.7913 -0.0394 0.0866, -0.7913 -0.1181 0.0866, -0.7874 -0.0394 0.0866, -0.7874 -0.1181 0.0866, -0.7874 -0.1181 0.0079, -0.7913 -0.1181 0.0000, -0.6693 -0.1181 0.0079, -0.6693 -0.1181 0.0000, -0.6591 -0.1168 0.0000, -0.6591 -0.1168 0.0079, -0.6496 -0.1128 0.0000, -0.6496 -0.1128 0.0079, -0.6415 -0.1066 0.0000, -0.6415 -0.1066 0.0079, -0.6352 -0.0984 0.0000, -0.6352 -0.0984 0.0079, -0.6313 -0.0889 0.0000, -0.6313 -0.0889 0.0079, -0.6299 -0.0787 0.0000, -0.6299 -0.0787 0.0079, -0.6313 -0.0686 0.0000, -0.6313 -0.0686 0.0079, -0.6352 -0.0591 0.0000, -0.6352 -0.0591 0.0079, -0.6415 -0.0509 0.0000, -0.6415 -0.0509 0.0079, -0.6496 -0.0446 0.0000, -0.6496 -0.0446 0.0079, -0.6591 -0.0407 0.0000, -0.6591 -0.0407 0.0079, -0.6693 -0.0394 0.0000, -0.6693 -0.0394 0.0079, -0.7874 -0.0394 0.0079, -0.7913 -0.0394 0.0000, -0.7913 -0.0394 0.0000
            ]
        }
        coordIndex [
            0 1 2 -1,2 1 3 -1,3 1 4 -1,4 1 5 -1,4 5 6 -1,6 5 7 -1,6 7 8 -1,6 8 9 -1,9 8 10 -1,9 10 11 -1,11 10 12 -1,11 12 13 -1,13 12 14 -1,13 14 15 -1,15 14 16 -1,15 16 17 -1,17 16 18 -1,17 18 19 -1,19 18 20 -1,19 20 21 -1,21 20 22 -1,21 22 23 -1,23 22 24 -1,23 24 25 -1,25 24 26 -1,25 26 27 -1,27 26 28 -1,27 28 29 -1,29 28 30 -1,29 30 31 -1,31 30 32 -1,32 30 33 -1,32 33 2 -1,2 33 0 -1,
        ]
    }
}
Shape{
    appearance Appearance {
        material  Material {
            diffuseColor 0.5372549019607843 0.34901960784313724 0.33725490196078434
            specularColor 0.3764705882352941 0.24313725490196078 0.23529411764705882
            ambientIntensity 0.2
            transparency 0
            shininess 0.5
        }
    }
    geometry IndexedFaceSet {
        ccw TRUE
        solid FALSE
        coord DEF co Coordinate {
            point [
                -0.7913 -0.1181 0.0000, -0.7913 -0.1181 0.0866, -0.7913 -0.0394 0.0000, -0.7913 -0.0394 0.0866, -0.7913 -0.0394 0.0866
            ]
        }
        coordIndex [
            0 1 2 -1,2 1 3 -1,
        ]
    }
}
Shape{
    appearance Appearance {
        material  Material {
            diffuseColor 1.0 1.0 1.0
            specularColor 0.5019607843137255 0.5019607843137255 0.5019607843137255
            ambientIntensity 0.2
            transparency 0
            shininess 0.5
        }
    }
    geometry IndexedFaceSet {
        ccw TRUE
        solid FALSE
        coord DEF co Coordinate {
            point [
                -0.7913 -0.1181 0.0000, -0.7913 -0.0394 0.0000, -0.6693 -0.1181 0.0000, -0.6693 -0.0394 0.0000, -0.6299 -0.0787 0.0000, -0.6313 -0.0889 0.0000, -0.6352 -0.0984 0.0000, -0.6415 -0.1066 0.0000, -0.6496 -0.1128 0.0000, -0.6591 -0.1168 0.0000, -0.6313 -0.0686 0.0000, -0.6591 -0.0407 0.0000, -0.6352 -0.0591 0.0000, -0.6496 -0.0446 0.0000, -0.6415 -0.0509 0.0000, -0.7913 0.1181 0.0866, -0.7913 0.0394 0.0866, -0.7874 0.1181 0.0866, -0.7874 0.0394 0.0866, -0.7874 0.0394 0.0079, -0.7913 0.0394 0.0000, -0.6693 0.0394 0.0079, -0.6693 0.0394 0.0000, -0.6591 0.0407 0.0000, -0.6591 0.0407 0.0079, -0.6496 0.0446 0.0000, -0.6496 0.0446 0.0079, -0.6415 0.0509 0.0000, -0.6415 0.0509 0.0079, -0.6352 0.0591 0.0000, -0.6352 0.0591 0.0079, -0.6313 0.0686 0.0000, -0.6313 0.0686 0.0079, -0.6299 0.0787 0.0000, -0.6299 0.0787 0.0079, -0.6313 0.0889 0.0000, -0.6313 0.0889 0.0079, -0.6352 0.0984 0.0000, -0.6352 0.0984 0.0079, -0.6415 0.1066 0.0000, -0.6415 0.1066 0.0079, -0.6496 0.1128 0.0000, -0.6496 0.1128 0.0079, -0.6591 0.1168 0.0000, -0.6591 0.1168 0.0079, -0.6693 0.1181 0.0000, -0.6693 0.1181 0.0079, -0.7874 0.1181 0.0079, -0.7913 0.1181 0.0000, -0.7913 0.1181 0.0000
            ]
        }
        coordIndex [
            0 1 2 -1,2 1 3 -1,4 5 3 -1,3 5 6 -1,3 6 7 -1,7 8 3 -1,3 8 9 -1,3 9 2 -1,4 3 10 -1,10 3 11 -1,10 11 12 -1,12 11 13 -1,12 13 14 -1,15 16 17 -1,17 16 18 -1,18 16 19 -1,19 16 20 -1,19 20 21 -1,21 20 22 -1,21 22 23 -1,21 23 24 -1,24 23 25 -1,24 25 26 -1,26 25 27 -1,26 27 28 -1,28 27 29 -1,28 29 30 -1,30 29 31 -1,30 31 32 -1,32 31 33 -1,32 33 34 -1,34 33 35 -1,34 35 36 -1,36 35 37 -1,36 37 38 -1,38 37 39 -1,38 39 40 -1,40 39 41 -1,40 41 42 -1,42 41 43 -1,42 43 44 -1,44 43 45 -1,44 45 46 -1,46 45 47 -1,47 45 48 -1,47 48 17 -1,17 48 15 -1,
        ]
    }
}
Shape{
    appearance Appearance {
        material  Material {
            diffuseColor 0.5372549019607843 0.34901960784313724 0.33725490196078434
            specularColor 0.3764705882352941 0.24313725490196078 0.23529411764705882
            ambientIntensity 0.2
            transparency 0
            shininess 0.5
        }
    }
    geometry IndexedFaceSet {
        ccw TRUE
        solid FALSE
        coord DEF co Coordinate {
            point [
                -0.7913 0.0394 0.0000, -0.7913 0.0394 0.0866, -0.7913 0.1181 0.0000, -0.7913 0.1181 0.0866, -0.7913 0.1181 0.0866
            ]
        }
        coordIndex [
            0 1 2 -1,2 1 3 -1,
        ]
    }
}
Shape{
    appearance Appearance {
        material  Material {
            diffuseColor 1.0 1.0 1.0
            specularColor 0.5019607843137255 0.5019607843137255 0.5019607843137255
            ambientIntensity 0.2
            transparency 0
            shininess 0.5
        }
    }
    geometry IndexedFaceSet {
        ccw TRUE
        solid FALSE
        coord DEF co Coordinate {
            point [
                -0.6313 0.0686 0.0000, -0.6693 0.1181 0.0000, -0.6299 0.0787 0.0000, -0.6313 0.0889 0.0000, -0.7913 0.0394 0.0000, -0.7913 0.1181 0.0000, -0.6693 0.0394 0.0000, -0.6591 0.0407 0.0000, -0.6496 0.0446 0.0000, -0.6591 0.1168 0.0000, -0.6496 0.1128 0.0000, -0.6352 0.0984 0.0000, -0.6415 0.1066 0.0000, -0.6352 0.0591 0.0000, -0.6415 0.0509 0.0000, -0.7913 0.2756 0.0866, -0.7913 0.1969 0.0866, -0.7874 0.2756 0.0866, -0.7874 0.1969 0.0866, -0.7874 0.1969 0.0079, -0.7913 0.1969 0.0000, -0.6693 0.1969 0.0079, -0.6693 0.1969 0.0000, -0.6591 0.1982 0.0000, -0.6591 0.1982 0.0079, -0.6496 0.2021 0.0000, -0.6496 0.2021 0.0079, -0.6415 0.2084 0.0000, -0.6415 0.2084 0.0079, -0.6352 0.2165 0.0000, -0.6352 0.2165 0.0079, -0.6313 0.2260 0.0000, -0.6313 0.2260 0.0079, -0.6299 0.2362 0.0000, -0.6299 0.2362 0.0079, -0.6313 0.2464 0.0000, -0.6313 0.2464 0.0079, -0.6352 0.2559 0.0000, -0.6352 0.2559 0.0079, -0.6415 0.2641 0.0000, -0.6415 0.2641 0.0079, -0.6496 0.2703 0.0000, -0.6496 0.2703 0.0079, -0.6591 0.2742 0.0000, -0.6591 0.2742 0.0079, -0.6693 0.2756 0.0000, -0.6693 0.2756 0.0079, -0.7874 0.2756 0.0079, -0.7913 0.2756 0.0000, -0.7913 0.2756 0.0000
            ]
        }
        coordIndex [
            0 1 2 -1,2 1 3 -1,4 5 6 -1,6 5 1 -1,6 1 7 -1,7 1 8 -1,1 9 3 -1,3 9 10 -1,3 10 11 -1,11 10 12 -1,0 13 1 -1,1 13 14 -1,1 14 8 -1,15 16 17 -1,17 16 18 -1,18 16 19 -1,19 16 20 -1,19 20 21 -1,21 20 22 -1,21 22 23 -1,21 23 24 -1,24 23 25 -1,24 25 26 -1,26 25 27 -1,26 27 28 -1,28 27 29 -1,28 29 30 -1,30 29 31 -1,30 31 32 -1,32 31 33 -1,32 33 34 -1,34 33 35 -1,34 35 36 -1,36 35 37 -1,36 37 38 -1,38 37 39 -1,38 39 40 -1,40 39 41 -1,40 41 42 -1,42 41 43 -1,42 43 44 -1,44 43 45 -1,44 45 46 -1,46 45 47 -1,47 45 48 -1,47 48 17 -1,17 48 15 -1,
        ]
    }
}
Shape{
    appearance Appearance {
        material  Material {
            diffuseColor 0.5372549019607843 0.34901960784313724 0.33725490196078434
            specularColor 0.3764705882352941 0.24313725490196078 0.23529411764705882
            ambientIntensity 0.2
            transparency 0
            shininess 0.5
        }
    }
    geometry IndexedFaceSet {
        ccw TRUE
        solid FALSE
        coord DEF co Coordinate {
            point [
                -0.7913 0.1969 0.0000, -0.7913 0.1969 0.0866, -0.7913 0.2756 0.0000, -0.7913 0.2756 0.0866, -0.7913 0.2756 0.0866
            ]
        }
        coordIndex [
            0 1 2 -1,2 1 3 -1,
        ]
    }
}
Shape{
    appearance Appearance {
        material  Material {
            diffuseColor 1.0 1.0 1.0
            specularColor 0.5019607843137255 0.5019607843137255 0.5019607843137255
            ambientIntensity 0.2
            transparency 0
            shininess 0.5
        }
    }
    geometry IndexedFaceSet {
        ccw TRUE
        solid FALSE
        coord DEF co Coordinate {
            point [
                -0.6693 0.1969 0.0000, -0.7913 0.1969 0.0000, -0.7913 0.2756 0.0000, -0.6693 0.2756 0.0000, -0.6591 0.2742 0.0000, -0.6496 0.2703 0.0000, -0.6415 0.2641 0.0000, -0.6352 0.2559 0.0000, -0.6313 0.2464 0.0000, -0.6299 0.2362 0.0000, -0.6313 0.2260 0.0000, -0.6352 0.2165 0.0000, -0.6415 0.2084 0.0000, -0.6496 0.2021 0.0000, -0.6591 0.1982 0.0000, -0.7913 0.4331 0.0866, -0.7913 0.3543 0.0866, -0.7874 0.4331 0.0866, -0.7874 0.3543 0.0866, -0.7874 0.3543 0.0079, -0.7913 0.3543 0.0000, -0.6693 0.3543 0.0079, -0.6693 0.3543 0.0000, -0.6591 0.3557 0.0000, -0.6591 0.3557 0.0079, -0.6496 0.3596 0.0000, -0.6496 0.3596 0.0079, -0.6415 0.3659 0.0000, -0.6415 0.3659 0.0079, -0.6352 0.3740 0.0000, -0.6352 0.3740 0.0079, -0.6313 0.3835 0.0000, -0.6313 0.3835 0.0079, -0.6299 0.3937 0.0000, -0.6299 0.3937 0.0079, -0.6313 0.4039 0.0000, -0.6313 0.4039 0.0079, -0.6352 0.4134 0.0000, -0.6352 0.4134 0.0079, -0.6415 0.4215 0.0000, -0.6415 0.4215 0.0079, -0.6496 0.4278 0.0000, -0.6496 0.4278 0.0079, -0.6591 0.4317 0.0000, -0.6591 0.4317 0.0079, -0.6693 0.4331 0.0000, -0.6693 0.4331 0.0079, -0.7874 0.4331 0.0079, -0.7913 0.4331 0.0000, -0.7913 0.4331 0.0000
            ]
        }
        coordIndex [
            0 1 2 -1,2 3 0 -1,0 3 4 -1,0 4 5 -1,5 6 0 -1,0 6 7 -1,0 7 8 -1,8 9 0 -1,0 9 10 -1,0 10 11 -1,11 12 0 -1,0 12 13 -1,0 13 14 -1,15 16 17 -1,17 16 18 -1,18 16 19 -1,19 16 20 -1,19 20 21 -1,21 20 22 -1,21 22 23 -1,21 23 24 -1,24 23 25 -1,24 25 26 -1,26 25 27 -1,26 27 28 -1,28 27 29 -1,28 29 30 -1,30 29 31 -1,30 31 32 -1,32 31 33 -1,32 33 34 -1,34 33 35 -1,34 35 36 -1,36 35 37 -1,36 37 38 -1,38 37 39 -1,38 39 40 -1,40 39 41 -1,40 41 42 -1,42 41 43 -1,42 43 44 -1,44 43 45 -1,44 45 46 -1,46 45 47 -1,47 45 48 -1,47 48 17 -1,17 48 15 -1,
        ]
    }
}
Shape{
    appearance Appearance {
        material  Material {
            diffuseColor 0.5372549019607843 0.34901960784313724 0.33725490196078434
            specularColor 0.3764705882352941 0.24313725490196078 0.23529411764705882
            ambientIntensity 0.2
            transparency 0
            shininess 0.5
        }
    }
    geometry IndexedFaceSet {
        ccw TRUE
        solid FALSE
        coord DEF co Coordinate {
            point [
                -0.7913 0.3543 0.0000, -0.7913 0.3543 0.0866, -0.7913 0.4331 0.0000, -0.7913 0.4331 0.0866, -0.7913 0.4331 0.0866
            ]
        }
        coordIndex [
            0 1 2 -1,2 1 3 -1,
        ]
    }
}
Shape{
    appearance Appearance {
        material  Material {
            diffuseColor 1.0 1.0 1.0
            specularColor 0.5019607843137255 0.5019607843137255 0.5019607843137255
            ambientIntensity 0.2
            transparency 0
            shininess 0.5
        }
    }
    geometry IndexedFaceSet {
        ccw TRUE
        solid FALSE
        coord DEF co Coordinate {
            point [
                -0.6313 0.3835 0.0000, -0.6352 0.3740 0.0000, -0.6693 0.4331 0.0000, -0.6415 0.3659 0.0000, -0.6496 0.3596 0.0000, -0.6591 0.4317 0.0000, -0.6496 0.4278 0.0000, -0.6415 0.4215 0.0000, -0.7913 0.3543 0.0000, -0.7913 0.4331 0.0000, -0.6693 0.3543 0.0000, -0.6591 0.3557 0.0000, -0.6352 0.4134 0.0000, -0.6313 0.4039 0.0000, -0.6299 0.3937 0.0000, -0.7913 0.5906 0.0866, -0.7913 0.5118 0.0866, -0.7874 0.5906 0.0866, -0.7874 0.5118 0.0866, -0.7874 0.5118 0.0079, -0.7913 0.5118 0.0000, -0.6693 0.5118 0.0079, -0.6693 0.5118 0.0000, -0.6693 0.5118 0.0000
            ]
        }
        coordIndex [
            0 1 2 -1,2 1 3 -1,2 3 4 -1,5 6 7 -1,8 9 10 -1,10 9 2 -1,10 2 11 -1,11 2 4 -1,7 12 5 -1,5 12 13 -1,5 13 2 -1,2 13 14 -1,2 14 0 -1,15 16 17 -1,17 16 18 -1,18 16 19 -1,19 16 20 -1,19 20 21 -1,21 20 22 -1,
        ]
    }
}
Shape{
    appearance Appearance {
        material  Material {
            diffuseColor 0.5372549019607843 0.34901960784313724 0.33725490196078434
            specularColor 0.3764705882352941 0.24313725490196078 0.23529411764705882
            ambientIntensity 0.2
            transparency 0
            shininess 0.5
        }
    }
    geometry IndexedFaceSet {
        ccw TRUE
        solid FALSE
        coord DEF co Coordinate {
            point [
                -0.7913 0.5118 0.0000, -0.7913 0.5118 0.0866, -0.7913 0.5906 0.0000, -0.7913 0.5906 0.0866, -0.7913 0.5906 0.0866
            ]
        }
        coordIndex [
            0 1 2 -1,2 1 3 -1,
        ]
    }
}
Shape{
    appearance Appearance {
        material  Material {
            diffuseColor 1.0 1.0 1.0
            specularColor 0.5019607843137255 0.5019607843137255 0.5019607843137255
            ambientIntensity 0.2
            transparency 0
            shininess 0.5
        }
    }
    geometry IndexedFaceSet {
        ccw TRUE
        solid FALSE
        coord DEF co Coordinate {
            point [
                -0.7913 -0.1969 0.0866, -0.7913 -0.2756 0.0866, -0.7874 -0.1969 0.0866, -0.7874 -0.2756 0.0866, -0.7874 -0.2756 0.0079, -0.7913 -0.2756 0.0000, -0.6693 -0.2756 0.0079, -0.6693 -0.2756 0.0000, -0.6591 -0.2742 0.0000, -0.6591 -0.2742 0.0079, -0.6496 -0.2703 0.0000, -0.6496 -0.2703 0.0079, -0.6415 -0.2641 0.0000, -0.6415 -0.2641 0.0079, -0.6352 -0.2559 0.0000, -0.6352 -0.2559 0.0079, -0.6313 -0.2464 0.0000, -0.6313 -0.2464 0.0079, -0.6299 -0.2362 0.0000, -0.6299 -0.2362 0.0079, -0.6313 -0.2260 0.0000, -0.6313 -0.2260 0.0079, -0.6352 -0.2165 0.0000, -0.6352 -0.2165 0.0079, -0.6415 -0.2084 0.0000, -0.6415 -0.2084 0.0079, -0.6496 -0.2021 0.0000, -0.6496 -0.2021 0.0079, -0.6591 -0.1982 0.0000, -0.6591 -0.1982 0.0079, -0.6693 -0.1969 0.0000, -0.6693 -0.1969 0.0079, -0.7874 -0.1969 0.0079, -0.7913 -0.1969 0.0000, -0.7913 -0.1969 0.0000
            ]
        }
        coordIndex [
            0 1 2 -1,2 1 3 -1,3 1 4 -1,4 1 5 -1,4 5 6 -1,6 5 7 -1,6 7 8 -1,6 8 9 -1,9 8 10 -1,9 10 11 -1,11 10 12 -1,11 12 13 -1,13 12 14 -1,13 14 15 -1,15 14 16 -1,15 16 17 -1,17 16 18 -1,17 18 19 -1,19 18 20 -1,19 20 21 -1,21 20 22 -1,21 22 23 -1,23 22 24 -1,23 24 25 -1,25 24 26 -1,25 26 27 -1,27 26 28 -1,27 28 29 -1,29 28 30 -1,29 30 31 -1,31 30 32 -1,32 30 33 -1,32 33 2 -1,2 33 0 -1,
        ]
    }
}
Shape{
    appearance Appearance {
        material  Material {
            diffuseColor 0.5372549019607843 0.34901960784313724 0.33725490196078434
            specularColor 0.3764705882352941 0.24313725490196078 0.23529411764705882
            ambientIntensity 0.2
            transparency 0
            shininess 0.5
        }
    }
    geometry IndexedFaceSet {
        ccw TRUE
        solid FALSE
        coord DEF co Coordinate {
            point [
                -0.7913 -0.2756 0.0000, -0.7913 -0.2756 0.0866, -0.7913 -0.1969 0.0000, -0.7913 -0.1969 0.0866, -0.7913 -0.1969 0.0866
            ]
        }
        coordIndex [
            0 1 2 -1,2 1 3 -1,
        ]
    }
}
Shape{
    appearance Appearance {
        material  Material {
            diffuseColor 1.0 1.0 1.0
            specularColor 0.5019607843137255 0.5019607843137255 0.5019607843137255
            ambientIntensity 0.2
            transparency 0
            shininess 0.5
        }
    }
    geometry IndexedFaceSet {
        ccw TRUE
        solid FALSE
        coord DEF co Coordinate {
            point [
                -0.6693 -0.2756 0.0000, -0.7913 -0.2756 0.0000, -0.7913 -0.1969 0.0000, -0.6693 -0.1969 0.0000, -0.6591 -0.1982 0.0000, -0.6496 -0.2021 0.0000, -0.6415 -0.2084 0.0000, -0.6352 -0.2165 0.0000, -0.6313 -0.2260 0.0000, -0.6299 -0.2362 0.0000, -0.6313 -0.2464 0.0000, -0.6352 -0.2559 0.0000, -0.6415 -0.2641 0.0000, -0.6496 -0.2703 0.0000, -0.6591 -0.2742 0.0000, -0.7913 -0.3543 0.0866, -0.7913 -0.4331 0.0866, -0.7874 -0.3543 0.0866, -0.7874 -0.4331 0.0866, -0.7874 -0.4331 0.0079, -0.7913 -0.4331 0.0000, -0.6693 -0.4331 0.0079, -0.6693 -0.4331 0.0000, -0.6591 -0.4317 0.0000, -0.6591 -0.4317 0.0079, -0.6496 -0.4278 0.0000, -0.6496 -0.4278 0.0079, -0.6415 -0.4215 0.0000, -0.6415 -0.4215 0.0079, -0.6352 -0.4134 0.0000, -0.6352 -0.4134 0.0079, -0.6313 -0.4039 0.0000, -0.6313 -0.4039 0.0079, -0.6299 -0.3937 0.0000, -0.6299 -0.3937 0.0079, -0.6313 -0.3835 0.0000, -0.6313 -0.3835 0.0079, -0.6352 -0.3740 0.0000, -0.6352 -0.3740 0.0079, -0.6415 -0.3659 0.0000, -0.6415 -0.3659 0.0079, -0.6496 -0.3596 0.0000, -0.6496 -0.3596 0.0079, -0.6591 -0.3557 0.0000, -0.6591 -0.3557 0.0079, -0.6693 -0.3543 0.0000, -0.6693 -0.3543 0.0079, -0.7874 -0.3543 0.0079, -0.7913 -0.3543 0.0000, -0.7913 -0.3543 0.0000
            ]
        }
        coordIndex [
            0 1 2 -1,2 3 0 -1,0 3 4 -1,0 4 5 -1,5 6 0 -1,0 6 7 -1,0 7 8 -1,8 9 0 -1,0 9 10 -1,0 10 11 -1,11 12 0 -1,0 12 13 -1,0 13 14 -1,15 16 17 -1,17 16 18 -1,18 16 19 -1,19 16 20 -1,19 20 21 -1,21 20 22 -1,21 22 23 -1,21 23 24 -1,24 23 25 -1,24 25 26 -1,26 25 27 -1,26 27 28 -1,28 27 29 -1,28 29 30 -1,30 29 31 -1,30 31 32 -1,32 31 33 -1,32 33 34 -1,34 33 35 -1,34 35 36 -1,36 35 37 -1,36 37 38 -1,38 37 39 -1,38 39 40 -1,40 39 41 -1,40 41 42 -1,42 41 43 -1,42 43 44 -1,44 43 45 -1,44 45 46 -1,46 45 47 -1,47 45 48 -1,47 48 17 -1,17 48 15 -1,
        ]
    }
}
Shape{
    appearance Appearance {
        material  Material {
            diffuseColor 0.5372549019607843 0.34901960784313724 0.33725490196078434
            specularColor 0.3764705882352941 0.24313725490196078 0.23529411764705882
            ambientIntensity 0.2
            transparency 0
            shininess 0.5
        }
    }
    geometry IndexedFaceSet {
        ccw TRUE
        solid FALSE
        coord DEF co Coordinate {
            point [
                -0.7913 -0.4331 0.0000, -0.7913 -0.4331 0.0866, -0.7913 -0.3543 0.0000, -0.7913 -0.3543 0.0866, -0.7913 -0.3543 0.0866
            ]
        }
        coordIndex [
            0 1 2 -1,2 1 3 -1,
        ]
    }
}
Shape{
    appearance Appearance {
        material  Material {
            diffuseColor 1.0 1.0 1.0
            specularColor 0.5019607843137255 0.5019607843137255 0.5019607843137255
            ambientIntensity 0.2
            transparency 0
            shininess 0.5
        }
    }
    geometry IndexedFaceSet {
        ccw TRUE
        solid FALSE
        coord DEF co Coordinate {
            point [
                -0.6693 -0.4331 0.0000, -0.7913 -0.4331 0.0000, -0.7913 -0.3543 0.0000, -0.6693 -0.3543 0.0000, -0.6591 -0.3557 0.0000, -0.6496 -0.3596 0.0000, -0.6313 -0.4039 0.0000, -0.6352 -0.4134 0.0000, -0.6415 -0.4215 0.0000, -0.6415 -0.3659 0.0000, -0.6352 -0.3740 0.0000, -0.6591 -0.4317 0.0000, -0.6313 -0.3835 0.0000, -0.6299 -0.3937 0.0000, -0.6496 -0.4278 0.0000, -0.7913 -0.5118 0.0866, -0.7913 -0.5906 0.0866, -0.7874 -0.5118 0.0866, -0.7874 -0.5906 0.0866, -0.6693 -0.5118 0.0079, -0.6693 -0.5118 0.0000, -0.7874 -0.5118 0.0079, -0.7913 -0.5118 0.0000, -0.7913 -0.5118 0.0000
            ]
        }
        coordIndex [
            0 1 2 -1,2 3 0 -1,0 3 4 -1,0 4 5 -1,6 7 8 -1,5 9 0 -1,0 9 10 -1,0 10 11 -1,11 10 12 -1,12 13 11 -1,11 13 6 -1,11 6 14 -1,14 6 8 -1,15 16 17 -1,17 16 18 -1,19 20 21 -1,21 20 22 -1,21 22 17 -1,17 22 15 -1,
        ]
    }
}
Shape{
    appearance Appearance {
        material  Material {
            diffuseColor 0.5372549019607843 0.34901960784313724 0.33725490196078434
            specularColor 0.3764705882352941 0.24313725490196078 0.23529411764705882
            ambientIntensity 0.2
            transparency 0
            shininess 0.5
        }
    }
    geometry IndexedFaceSet {
        ccw TRUE
        solid FALSE
        coord DEF co Coordinate {
            point [
                -0.7913 -0.5906 0.0000, -0.7913 -0.5906 0.0866, -0.7913 -0.5118 0.0000, -0.7913 -0.5118 0.0866, -0.7913 -0.5118 0.0866
            ]
        }
        coordIndex [
            0 1 2 -1,2 1 3 -1,
        ]
    }
}
Shape{
    appearance Appearance {
        material  Material {
            diffuseColor 1.0 1.0 1.0
            specularColor 0.5019607843137255 0.5019607843137255 0.5019607843137255
            ambientIntensity 0.2
            transparency 0
            shininess 0.5
        }
    }
    geometry IndexedFaceSet {
        ccw TRUE
        solid FALSE
        coord DEF co Coordinate {
            point [
                0.0394 -0.7913 0.0866, 0.1181 -0.7913 0.0866, 0.0394 -0.7874 0.0866, 0.1181 -0.7874 0.0866, 0.1181 -0.7874 0.0079, 0.1181 -0.7913 0.0000, 0.1181 -0.6693 0.0079, 0.1181 -0.6693 0.0000, 0.1168 -0.6591 0.0000, 0.1168 -0.6591 0.0079, 0.1128 -0.6496 0.0000, 0.1128 -0.6496 0.0079, 0.1066 -0.6415 0.0000, 0.1066 -0.6415 0.0079, 0.0984 -0.6352 0.0000, 0.0984 -0.6352 0.0079, 0.0889 -0.6313 0.0000, 0.0889 -0.6313 0.0079, 0.0787 -0.6299 0.0000, 0.0787 -0.6299 0.0079, 0.0686 -0.6313 0.0000, 0.0686 -0.6313 0.0079, 0.0591 -0.6352 0.0000, 0.0591 -0.6352 0.0079, 0.0509 -0.6415 0.0000, 0.0509 -0.6415 0.0079, 0.0446 -0.6496 0.0000, 0.0446 -0.6496 0.0079, 0.0407 -0.6591 0.0000, 0.0407 -0.6591 0.0079, 0.0394 -0.6693 0.0000, 0.0394 -0.6693 0.0079, 0.0394 -0.7874 0.0079, 0.0394 -0.7913 0.0000, 0.0394 -0.7913 0.0000
            ]
        }
        coordIndex [
            0 1 2 -1,2 1 3 -1,3 1 4 -1,4 1 5 -1,4 5 6 -1,6 5 7 -1,6 7 8 -1,6 8 9 -1,9 8 10 -1,9 10 11 -1,11 10 12 -1,11 12 13 -1,13 12 14 -1,13 14 15 -1,15 14 16 -1,15 16 17 -1,17 16 18 -1,17 18 19 -1,19 18 20 -1,19 20 21 -1,21 20 22 -1,21 22 23 -1,23 22 24 -1,23 24 25 -1,25 24 26 -1,25 26 27 -1,27 26 28 -1,27 28 29 -1,29 28 30 -1,29 30 31 -1,31 30 32 -1,32 30 33 -1,32 33 2 -1,2 33 0 -1,
        ]
    }
}
Shape{
    appearance Appearance {
        material  Material {
            diffuseColor 0.5372549019607843 0.34901960784313724 0.33725490196078434
            specularColor 0.3764705882352941 0.24313725490196078 0.23529411764705882
            ambientIntensity 0.2
            transparency 0
            shininess 0.5
        }
    }
    geometry IndexedFaceSet {
        ccw TRUE
        solid FALSE
        coord DEF co Coordinate {
            point [
                0.1181 -0.7913 0.0000, 0.1181 -0.7913 0.0866, 0.0394 -0.7913 0.0000, 0.0394 -0.7913 0.0866, 0.0394 -0.7913 0.0866
            ]
        }
        coordIndex [
            0 1 2 -1,2 1 3 -1,
        ]
    }
}
Shape{
    appearance Appearance {
        material  Material {
            diffuseColor 1.0 1.0 1.0
            specularColor 0.5019607843137255 0.5019607843137255 0.5019607843137255
            ambientIntensity 0.2
            transparency 0
            shininess 0.5
        }
    }
    geometry IndexedFaceSet {
        ccw TRUE
        solid FALSE
        coord DEF co Coordinate {
            point [
                0.1181 -0.6693 0.0000, 0.1181 -0.7913 0.0000, 0.0394 -0.7913 0.0000, 0.0394 -0.6693 0.0000, 0.0407 -0.6591 0.0000, 0.0446 -0.6496 0.0000, 0.0509 -0.6415 0.0000, 0.0591 -0.6352 0.0000, 0.0686 -0.6313 0.0000, 0.0787 -0.6299 0.0000, 0.0889 -0.6313 0.0000, 0.0984 -0.6352 0.0000, 0.1066 -0.6415 0.0000, 0.1128 -0.6496 0.0000, 0.1168 -0.6591 0.0000, -0.1181 -0.7913 0.0866, -0.0394 -0.7913 0.0866, -0.1181 -0.7874 0.0866, -0.0394 -0.7874 0.0866, -0.0394 -0.7874 0.0079, -0.0394 -0.7913 0.0000, -0.0394 -0.6693 0.0079, -0.0394 -0.6693 0.0000, -0.0407 -0.6591 0.0000, -0.0407 -0.6591 0.0079, -0.0446 -0.6496 0.0000, -0.0446 -0.6496 0.0079, -0.0509 -0.6415 0.0000, -0.0509 -0.6415 0.0079, -0.0591 -0.6352 0.0000, -0.0591 -0.6352 0.0079, -0.0686 -0.6313 0.0000, -0.0686 -0.6313 0.0079, -0.0787 -0.6299 0.0000, -0.0787 -0.6299 0.0079, -0.0889 -0.6313 0.0000, -0.0889 -0.6313 0.0079, -0.0984 -0.6352 0.0000, -0.0984 -0.6352 0.0079, -0.1066 -0.6415 0.0000, -0.1066 -0.6415 0.0079, -0.1128 -0.6496 0.0000, -0.1128 -0.6496 0.0079, -0.1168 -0.6591 0.0000, -0.1168 -0.6591 0.0079, -0.1181 -0.6693 0.0000, -0.1181 -0.6693 0.0079, -0.1181 -0.7874 0.0079, -0.1181 -0.7913 0.0000, -0.1181 -0.7913 0.0000
            ]
        }
        coordIndex [
            0 1 2 -1,2 3 0 -1,0 3 4 -1,0 4 5 -1,5 6 0 -1,0 6 7 -1,0 7 8 -1,8 9 0 -1,0 9 10 -1,0 10 11 -1,11 12 0 -1,0 12 13 -1,0 13 14 -1,15 16 17 -1,17 16 18 -1,18 16 19 -1,19 16 20 -1,19 20 21 -1,21 20 22 -1,21 22 23 -1,21 23 24 -1,24 23 25 -1,24 25 26 -1,26 25 27 -1,26 27 28 -1,28 27 29 -1,28 29 30 -1,30 29 31 -1,30 31 32 -1,32 31 33 -1,32 33 34 -1,34 33 35 -1,34 35 36 -1,36 35 37 -1,36 37 38 -1,38 37 39 -1,38 39 40 -1,40 39 41 -1,40 41 42 -1,42 41 43 -1,42 43 44 -1,44 43 45 -1,44 45 46 -1,46 45 47 -1,47 45 48 -1,47 48 17 -1,17 48 15 -1,
        ]
    }
}
Shape{
    appearance Appearance {
        material  Material {
            diffuseColor 0.5372549019607843 0.34901960784313724 0.33725490196078434
            specularColor 0.3764705882352941 0.24313725490196078 0.23529411764705882
            ambientIntensity 0.2
            transparency 0
            shininess 0.5
        }
    }
    geometry IndexedFaceSet {
        ccw TRUE
        solid FALSE
        coord DEF co Coordinate {
            point [
                -0.0394 -0.7913 0.0000, -0.0394 -0.7913 0.0866, -0.1181 -0.7913 0.0000, -0.1181 -0.7913 0.0866, -0.1181 -0.7913 0.0866
            ]
        }
        coordIndex [
            0 1 2 -1,2 1 3 -1,
        ]
    }
}
Shape{
    appearance Appearance {
        material  Material {
            diffuseColor 1.0 1.0 1.0
            specularColor 0.5019607843137255 0.5019607843137255 0.5019607843137255
            ambientIntensity 0.2
            transparency 0
            shininess 0.5
        }
    }
    geometry IndexedFaceSet {
        ccw TRUE
        solid FALSE
        coord DEF co Coordinate {
            point [
                -0.0394 -0.6693 0.0000, -0.0394 -0.7913 0.0000, -0.1181 -0.7913 0.0000, -0.1181 -0.6693 0.0000, -0.1168 -0.6591 0.0000, -0.0407 -0.6591 0.0000, -0.0446 -0.6496 0.0000, -0.1128 -0.6496 0.0000, -0.1066 -0.6415 0.0000, -0.0591 -0.6352 0.0000, -0.0984 -0.6352 0.0000, -0.0509 -0.6415 0.0000, -0.0889 -0.6313 0.0000, -0.0787 -0.6299 0.0000, -0.0686 -0.6313 0.0000, -0.2756 -0.7913 0.0866, -0.1969 -0.7913 0.0866, -0.2756 -0.7874 0.0866, -0.1969 -0.7874 0.0866, -0.1969 -0.7874 0.0079, -0.1969 -0.7913 0.0000, -0.1969 -0.6693 0.0079, -0.1969 -0.6693 0.0000, -0.1982 -0.6591 0.0000, -0.1982 -0.6591 0.0079, -0.2021 -0.6496 0.0000, -0.2021 -0.6496 0.0079, -0.2084 -0.6415 0.0000, -0.2084 -0.6415 0.0079, -0.2165 -0.6352 0.0000, -0.2165 -0.6352 0.0079, -0.2260 -0.6313 0.0000, -0.2260 -0.6313 0.0079, -0.2362 -0.6299 0.0000, -0.2362 -0.6299 0.0079, -0.2464 -0.6313 0.0000, -0.2464 -0.6313 0.0079, -0.2559 -0.6352 0.0000, -0.2559 -0.6352 0.0079, -0.2641 -0.6415 0.0000, -0.2641 -0.6415 0.0079, -0.2703 -0.6496 0.0000, -0.2703 -0.6496 0.0079, -0.2742 -0.6591 0.0000, -0.2742 -0.6591 0.0079, -0.2756 -0.6693 0.0000, -0.2756 -0.6693 0.0079, -0.2756 -0.7874 0.0079, -0.2756 -0.7913 0.0000, -0.2756 -0.7913 0.0000
            ]
        }
        coordIndex [
            0 1 2 -1,2 3 0 -1,0 3 4 -1,0 4 5 -1,5 4 6 -1,7 8 9 -1,9 8 10 -1,7 9 4 -1,4 9 11 -1,4 11 6 -1,10 12 9 -1,9 12 13 -1,9 13 14 -1,15 16 17 -1,17 16 18 -1,18 16 19 -1,19 16 20 -1,19 20 21 -1,21 20 22 -1,21 22 23 -1,21 23 24 -1,24 23 25 -1,24 25 26 -1,26 25 27 -1,26 27 28 -1,28 27 29 -1,28 29 30 -1,30 29 31 -1,30 31 32 -1,32 31 33 -1,32 33 34 -1,34 33 35 -1,34 35 36 -1,36 35 37 -1,36 37 38 -1,38 37 39 -1,38 39 40 -1,40 39 41 -1,40 41 42 -1,42 41 43 -1,42 43 44 -1,44 43 45 -1,44 45 46 -1,46 45 47 -1,47 45 48 -1,47 48 17 -1,17 48 15 -1,
        ]
    }
}
Shape{
    appearance Appearance {
        material  Material {
            diffuseColor 0.5372549019607843 0.34901960784313724 0.33725490196078434
            specularColor 0.3764705882352941 0.24313725490196078 0.23529411764705882
            ambientIntensity 0.2
            transparency 0
            shininess 0.5
        }
    }
    geometry IndexedFaceSet {
        ccw TRUE
        solid FALSE
        coord DEF co Coordinate {
            point [
                -0.1969 -0.7913 0.0000, -0.1969 -0.7913 0.0866, -0.2756 -0.7913 0.0000, -0.2756 -0.7913 0.0866, -0.2756 -0.7913 0.0866
            ]
        }
        coordIndex [
            0 1 2 -1,2 1 3 -1,
        ]
    }
}
Shape{
    appearance Appearance {
        material  Material {
            diffuseColor 1.0 1.0 1.0
            specularColor 0.5019607843137255 0.5019607843137255 0.5019607843137255
            ambientIntensity 0.2
            transparency 0
            shininess 0.5
        }
    }
    geometry IndexedFaceSet {
        ccw TRUE
        solid FALSE
        coord DEF co Coordinate {
            point [
                -0.1969 -0.7913 0.0000, -0.2756 -0.7913 0.0000, -0.1969 -0.6693 0.0000, -0.2756 -0.6693 0.0000, -0.1982 -0.6591 0.0000, -0.2742 -0.6591 0.0000, -0.2703 -0.6496 0.0000, -0.2641 -0.6415 0.0000, -0.2559 -0.6352 0.0000, -0.2464 -0.6313 0.0000, -0.2362 -0.6299 0.0000, -0.2260 -0.6313 0.0000, -0.2165 -0.6352 0.0000, -0.2084 -0.6415 0.0000, -0.2021 -0.6496 0.0000, -0.4331 -0.7913 0.0866, -0.3543 -0.7913 0.0866, -0.4331 -0.7874 0.0866, -0.3543 -0.7874 0.0866, -0.3543 -0.7874 0.0079, -0.3543 -0.7913 0.0000, -0.3543 -0.6693 0.0079, -0.3543 -0.6693 0.0000, -0.3557 -0.6591 0.0000, -0.3557 -0.6591 0.0079, -0.3596 -0.6496 0.0000, -0.3596 -0.6496 0.0079, -0.3659 -0.6415 0.0000, -0.3659 -0.6415 0.0079, -0.3740 -0.6352 0.0000, -0.3740 -0.6352 0.0079, -0.3835 -0.6313 0.0000, -0.3835 -0.6313 0.0079, -0.3937 -0.6299 0.0000, -0.3937 -0.6299 0.0079, -0.4039 -0.6313 0.0000, -0.4039 -0.6313 0.0079, -0.4134 -0.6352 0.0000, -0.4134 -0.6352 0.0079, -0.4215 -0.6415 0.0000, -0.4215 -0.6415 0.0079, -0.4278 -0.6496 0.0000, -0.4278 -0.6496 0.0079, -0.4317 -0.6591 0.0000, -0.4317 -0.6591 0.0079, -0.4331 -0.6693 0.0000, -0.4331 -0.6693 0.0079, -0.4331 -0.7874 0.0079, -0.4331 -0.7913 0.0000, -0.4331 -0.7913 0.0000
            ]
        }
        coordIndex [
            0 1 2 -1,2 1 3 -1,2 3 4 -1,4 3 5 -1,5 6 4 -1,4 6 7 -1,4 7 8 -1,8 9 4 -1,4 9 10 -1,4 10 11 -1,11 12 4 -1,4 12 13 -1,4 13 14 -1,15 16 17 -1,17 16 18 -1,18 16 19 -1,19 16 20 -1,19 20 21 -1,21 20 22 -1,21 22 23 -1,21 23 24 -1,24 23 25 -1,24 25 26 -1,26 25 27 -1,26 27 28 -1,28 27 29 -1,28 29 30 -1,30 29 31 -1,30 31 32 -1,32 31 33 -1,32 33 34 -1,34 33 35 -1,34 35 36 -1,36 35 37 -1,36 37 38 -1,38 37 39 -1,38 39 40 -1,40 39 41 -1,40 41 42 -1,42 41 43 -1,42 43 44 -1,44 43 45 -1,44 45 46 -1,46 45 47 -1,47 45 48 -1,47 48 17 -1,17 48 15 -1,
        ]
    }
}
Shape{
    appearance Appearance {
        material  Material {
            diffuseColor 0.5372549019607843 0.34901960784313724 0.33725490196078434
            specularColor 0.3764705882352941 0.24313725490196078 0.23529411764705882
            ambientIntensity 0.2
            transparency 0
            shininess 0.5
        }
    }
    geometry IndexedFaceSet {
        ccw TRUE
        solid FALSE
        coord DEF co Coordinate {
            point [
                -0.3543 -0.7913 0.0000, -0.3543 -0.7913 0.0866, -0.4331 -0.7913 0.0000, -0.4331 -0.7913 0.0866, -0.4331 -0.7913 0.0866
            ]
        }
        coordIndex [
            0 1 2 -1,2 1 3 -1,
        ]
    }
}
Shape{
    appearance Appearance {
        material  Material {
            diffuseColor 1.0 1.0 1.0
            specularColor 0.5019607843137255 0.5019607843137255 0.5019607843137255
            ambientIntensity 0.2
            transparency 0
            shininess 0.5
        }
    }
    geometry IndexedFaceSet {
        ccw TRUE
        solid FALSE
        coord DEF co Coordinate {
            point [
                -0.3543 -0.6693 0.0000, -0.3543 -0.7913 0.0000, -0.4331 -0.7913 0.0000, -0.4331 -0.6693 0.0000, -0.4317 -0.6591 0.0000, -0.4278 -0.6496 0.0000, -0.4215 -0.6415 0.0000, -0.4134 -0.6352 0.0000, -0.4039 -0.6313 0.0000, -0.3937 -0.6299 0.0000, -0.3835 -0.6313 0.0000, -0.3740 -0.6352 0.0000, -0.3659 -0.6415 0.0000, -0.3596 -0.6496 0.0000, -0.3557 -0.6591 0.0000, -0.5906 -0.7913 0.0866, -0.5118 -0.7913 0.0866, -0.5906 -0.7874 0.0866, -0.5118 -0.7874 0.0866, -0.5118 -0.7874 0.0079, -0.5118 -0.7913 0.0000, -0.5118 -0.6693 0.0079, -0.5118 -0.6693 0.0000, -0.5118 -0.6693 0.0000
            ]
        }
        coordIndex [
            0 1 2 -1,2 3 0 -1,0 3 4 -1,0 4 5 -1,5 6 0 -1,0 6 7 -1,0 7 8 -1,8 9 0 -1,0 9 10 -1,0 10 11 -1,11 12 0 -1,0 12 13 -1,0 13 14 -1,15 16 17 -1,17 16 18 -1,18 16 19 -1,19 16 20 -1,19 20 21 -1,21 20 22 -1,
        ]
    }
}
Shape{
    appearance Appearance {
        material  Material {
            diffuseColor 0.5372549019607843 0.34901960784313724 0.33725490196078434
            specularColor 0.3764705882352941 0.24313725490196078 0.23529411764705882
            ambientIntensity 0.2
            transparency 0
            shininess 0.5
        }
    }
    geometry IndexedFaceSet {
        ccw TRUE
        solid FALSE
        coord DEF co Coordinate {
            point [
                -0.5118 -0.7913 0.0000, -0.5118 -0.7913 0.0866, -0.5906 -0.7913 0.0000, -0.5906 -0.7913 0.0866, -0.5906 -0.7913 0.0866
            ]
        }
        coordIndex [
            0 1 2 -1,2 1 3 -1,
        ]
    }
}
Shape{
    appearance Appearance {
        material  Material {
            diffuseColor 1.0 1.0 1.0
            specularColor 0.5019607843137255 0.5019607843137255 0.5019607843137255
            ambientIntensity 0.2
            transparency 0
            shininess 0.5
        }
    }
    geometry IndexedFaceSet {
        ccw TRUE
        solid FALSE
        coord DEF co Coordinate {
            point [
                0.1969 -0.7913 0.0866, 0.2756 -0.7913 0.0866, 0.1969 -0.7874 0.0866, 0.2756 -0.7874 0.0866, 0.2756 -0.7874 0.0079, 0.2756 -0.7913 0.0000, 0.2756 -0.6693 0.0079, 0.2756 -0.6693 0.0000, 0.2742 -0.6591 0.0000, 0.2742 -0.6591 0.0079, 0.2703 -0.6496 0.0000, 0.2703 -0.6496 0.0079, 0.2641 -0.6415 0.0000, 0.2641 -0.6415 0.0079, 0.2559 -0.6352 0.0000, 0.2559 -0.6352 0.0079, 0.2464 -0.6313 0.0000, 0.2464 -0.6313 0.0079, 0.2362 -0.6299 0.0000, 0.2362 -0.6299 0.0079, 0.2260 -0.6313 0.0000, 0.2260 -0.6313 0.0079, 0.2165 -0.6352 0.0000, 0.2165 -0.6352 0.0079, 0.2084 -0.6415 0.0000, 0.2084 -0.6415 0.0079, 0.2021 -0.6496 0.0000, 0.2021 -0.6496 0.0079, 0.1982 -0.6591 0.0000, 0.1982 -0.6591 0.0079, 0.1969 -0.6693 0.0000, 0.1969 -0.6693 0.0079, 0.1969 -0.7874 0.0079, 0.1969 -0.7913 0.0000, 0.1969 -0.7913 0.0000
            ]
        }
        coordIndex [
            0 1 2 -1,2 1 3 -1,3 1 4 -1,4 1 5 -1,4 5 6 -1,6 5 7 -1,6 7 8 -1,6 8 9 -1,9 8 10 -1,9 10 11 -1,11 10 12 -1,11 12 13 -1,13 12 14 -1,13 14 15 -1,15 14 16 -1,15 16 17 -1,17 16 18 -1,17 18 19 -1,19 18 20 -1,19 20 21 -1,21 20 22 -1,21 22 23 -1,23 22 24 -1,23 24 25 -1,25 24 26 -1,25 26 27 -1,27 26 28 -1,27 28 29 -1,29 28 30 -1,29 30 31 -1,31 30 32 -1,32 30 33 -1,32 33 2 -1,2 33 0 -1,
        ]
    }
}
Shape{
    appearance Appearance {
        material  Material {
            diffuseColor 0.5372549019607843 0.34901960784313724 0.33725490196078434
            specularColor 0.3764705882352941 0.24313725490196078 0.23529411764705882
            ambientIntensity 0.2
            transparency 0
            shininess 0.5
        }
    }
    geometry IndexedFaceSet {
        ccw TRUE
        solid FALSE
        coord DEF co Coordinate {
            point [
                0.2756 -0.7913 0.0000, 0.2756 -0.7913 0.0866, 0.1969 -0.7913 0.0000, 0.1969 -0.7913 0.0866, 0.1969 -0.7913 0.0866
            ]
        }
        coordIndex [
            0 1 2 -1,2 1 3 -1,
        ]
    }
}
Shape{
    appearance Appearance {
        material  Material {
            diffuseColor 1.0 1.0 1.0
            specularColor 0.5019607843137255 0.5019607843137255 0.5019607843137255
            ambientIntensity 0.2
            transparency 0
            shininess 0.5
        }
    }
    geometry IndexedFaceSet {
        ccw TRUE
        solid FALSE
        coord DEF co Coordinate {
            point [
                0.2756 -0.7913 0.0000, 0.1969 -0.7913 0.0000, 0.2756 -0.6693 0.0000, 0.1969 -0.6693 0.0000, 0.2742 -0.6591 0.0000, 0.1982 -0.6591 0.0000, 0.2021 -0.6496 0.0000, 0.2084 -0.6415 0.0000, 0.2165 -0.6352 0.0000, 0.2260 -0.6313 0.0000, 0.2362 -0.6299 0.0000, 0.2464 -0.6313 0.0000, 0.2559 -0.6352 0.0000, 0.2641 -0.6415 0.0000, 0.2703 -0.6496 0.0000, 0.3543 -0.7913 0.0866, 0.4331 -0.7913 0.0866, 0.3543 -0.7874 0.0866, 0.4331 -0.7874 0.0866, 0.4331 -0.7874 0.0079, 0.4331 -0.7913 0.0000, 0.4331 -0.6693 0.0079, 0.4331 -0.6693 0.0000, 0.4317 -0.6591 0.0000, 0.4317 -0.6591 0.0079, 0.4278 -0.6496 0.0000, 0.4278 -0.6496 0.0079, 0.4215 -0.6415 0.0000, 0.4215 -0.6415 0.0079, 0.4134 -0.6352 0.0000, 0.4134 -0.6352 0.0079, 0.4039 -0.6313 0.0000, 0.4039 -0.6313 0.0079, 0.3937 -0.6299 0.0000, 0.3937 -0.6299 0.0079, 0.3835 -0.6313 0.0000, 0.3835 -0.6313 0.0079, 0.3740 -0.6352 0.0000, 0.3740 -0.6352 0.0079, 0.3659 -0.6415 0.0000, 0.3659 -0.6415 0.0079, 0.3596 -0.6496 0.0000, 0.3596 -0.6496 0.0079, 0.3557 -0.6591 0.0000, 0.3557 -0.6591 0.0079, 0.3543 -0.6693 0.0000, 0.3543 -0.6693 0.0079, 0.3543 -0.7874 0.0079, 0.3543 -0.7913 0.0000, 0.3543 -0.7913 0.0000
            ]
        }
        coordIndex [
            0 1 2 -1,2 1 3 -1,2 3 4 -1,4 3 5 -1,5 6 4 -1,4 6 7 -1,4 7 8 -1,8 9 4 -1,4 9 10 -1,4 10 11 -1,11 12 4 -1,4 12 13 -1,4 13 14 -1,15 16 17 -1,17 16 18 -1,18 16 19 -1,19 16 20 -1,19 20 21 -1,21 20 22 -1,21 22 23 -1,21 23 24 -1,24 23 25 -1,24 25 26 -1,26 25 27 -1,26 27 28 -1,28 27 29 -1,28 29 30 -1,30 29 31 -1,30 31 32 -1,32 31 33 -1,32 33 34 -1,34 33 35 -1,34 35 36 -1,36 35 37 -1,36 37 38 -1,38 37 39 -1,38 39 40 -1,40 39 41 -1,40 41 42 -1,42 41 43 -1,42 43 44 -1,44 43 45 -1,44 45 46 -1,46 45 47 -1,47 45 48 -1,47 48 17 -1,17 48 15 -1,
        ]
    }
}
Shape{
    appearance Appearance {
        material  Material {
            diffuseColor 0.5372549019607843 0.34901960784313724 0.33725490196078434
            specularColor 0.3764705882352941 0.24313725490196078 0.23529411764705882
            ambientIntensity 0.2
            transparency 0
            shininess 0.5
        }
    }
    geometry IndexedFaceSet {
        ccw TRUE
        solid FALSE
        coord DEF co Coordinate {
            point [
                0.4331 -0.7913 0.0000, 0.4331 -0.7913 0.0866, 0.3543 -0.7913 0.0000, 0.3543 -0.7913 0.0866, 0.3543 -0.7913 0.0866
            ]
        }
        coordIndex [
            0 1 2 -1,2 1 3 -1,
        ]
    }
}
Shape{
    appearance Appearance {
        material  Material {
            diffuseColor 1.0 1.0 1.0
            specularColor 0.5019607843137255 0.5019607843137255 0.5019607843137255
            ambientIntensity 0.2
            transparency 0
            shininess 0.5
        }
    }
    geometry IndexedFaceSet {
        ccw TRUE
        solid FALSE
        coord DEF co Coordinate {
            point [
                0.3557 -0.6591 0.0000, 0.3596 -0.6496 0.0000, 0.4134 -0.6352 0.0000, 0.3543 -0.6693 0.0000, 0.4215 -0.6415 0.0000, 0.4278 -0.6496 0.0000, 0.4331 -0.7913 0.0000, 0.3543 -0.7913 0.0000, 0.4331 -0.6693 0.0000, 0.4317 -0.6591 0.0000, 0.3740 -0.6352 0.0000, 0.3835 -0.6313 0.0000, 0.3937 -0.6299 0.0000, 0.3659 -0.6415 0.0000, 0.4039 -0.6313 0.0000, 0.5118 -0.7913 0.0866, 0.5906 -0.7913 0.0866, 0.5118 -0.7874 0.0866, 0.5906 -0.7874 0.0866, 0.5118 -0.6693 0.0079, 0.5118 -0.6693 0.0000, 0.5118 -0.7874 0.0079, 0.5118 -0.7913 0.0000, 0.5118 -0.7913 0.0000
            ]
        }
        coordIndex [
            0 1 2 -1,0 2 3 -1,3 2 4 -1,3 4 5 -1,6 7 8 -1,8 7 3 -1,8 3 9 -1,9 3 5 -1,10 11 12 -1,1 13 2 -1,2 13 10 -1,2 10 14 -1,14 10 12 -1,15 16 17 -1,17 16 18 -1,19 20 21 -1,21 20 22 -1,21 22 17 -1,17 22 15 -1,
        ]
    }
}
Shape{
    appearance Appearance {
        material  Material {
            diffuseColor 0.5372549019607843 0.34901960784313724 0.33725490196078434
            specularColor 0.3764705882352941 0.24313725490196078 0.23529411764705882
            ambientIntensity 0.2
            transparency 0
            shininess 0.5
        }
    }
    geometry IndexedFaceSet {
        ccw TRUE
        solid FALSE
        coord DEF co Coordinate {
            point [
                0.5906 -0.7913 0.0000, 0.5906 -0.7913 0.0866, 0.5118 -0.7913 0.0000, 0.5118 -0.7913 0.0866, 0.5118 -0.7913 0.0866
            ]
        }
        coordIndex [
            0 1 2 -1,2 1 3 -1,
        ]
    }
}
Shape{
    appearance Appearance {
        material  Material {
            diffuseColor 1.0 1.0 1.0
            specularColor 0.5019607843137255 0.5019607843137255 0.5019607843137255
            ambientIntensity 0.2
            transparency 0
            shininess 0.5
        }
    }
    geometry IndexedFaceSet {
        ccw TRUE
        solid FALSE
        coord DEF co Coordinate {
            point [
                0.7913 0.0394 0.0866, 0.7913 0.1181 0.0866, 0.7874 0.0394 0.0866, 0.7874 0.1181 0.0866, 0.7874 0.1181 0.0079, 0.7913 0.1181 0.0000, 0.6693 0.1181 0.0079, 0.6693 0.1181 0.0000, 0.6591 0.1168 0.0000, 0.6591 0.1168 0.0079, 0.6496 0.1128 0.0000, 0.6496 0.1128 0.0079, 0.6415 0.1066 0.0000, 0.6415 0.1066 0.0079, 0.6352 0.0984 0.0000, 0.6352 0.0984 0.0079, 0.6313 0.0889 0.0000, 0.6313 0.0889 0.0079, 0.6299 0.0787 0.0000, 0.6299 0.0787 0.0079, 0.6313 0.0686 0.0000, 0.6313 0.0686 0.0079, 0.6352 0.0591 0.0000, 0.6352 0.0591 0.0079, 0.6415 0.0509 0.0000, 0.6415 0.0509 0.0079, 0.6496 0.0446 0.0000, 0.6496 0.0446 0.0079, 0.6591 0.0407 0.0000, 0.6591 0.0407 0.0079, 0.6693 0.0394 0.0000, 0.6693 0.0394 0.0079, 0.7874 0.0394 0.0079, 0.7913 0.0394 0.0000, 0.7913 0.0394 0.0000
            ]
        }
        coordIndex [
            0 1 2 -1,2 1 3 -1,3 1 4 -1,4 1 5 -1,4 5 6 -1,6 5 7 -1,6 7 8 -1,6 8 9 -1,9 8 10 -1,9 10 11 -1,11 10 12 -1,11 12 13 -1,13 12 14 -1,13 14 15 -1,15 14 16 -1,15 16 17 -1,17 16 18 -1,17 18 19 -1,19 18 20 -1,19 20 21 -1,21 20 22 -1,21 22 23 -1,23 22 24 -1,23 24 25 -1,25 24 26 -1,25 26 27 -1,27 26 28 -1,27 28 29 -1,29 28 30 -1,29 30 31 -1,31 30 32 -1,32 30 33 -1,32 33 2 -1,2 33 0 -1,
        ]
    }
}
Shape{
    appearance Appearance {
        material  Material {
            diffuseColor 0.5372549019607843 0.34901960784313724 0.33725490196078434
            specularColor 0.3764705882352941 0.24313725490196078 0.23529411764705882
            ambientIntensity 0.2
            transparency 0
            shininess 0.5
        }
    }
    geometry IndexedFaceSet {
        ccw TRUE
        solid FALSE
        coord DEF co Coordinate {
            point [
                0.7913 0.1181 0.0000, 0.7913 0.1181 0.0866, 0.7913 0.0394 0.0000, 0.7913 0.0394 0.0866, 0.7913 0.0394 0.0866
            ]
        }
        coordIndex [
            0 1 2 -1,2 1 3 -1,
        ]
    }
}
Shape{
    appearance Appearance {
        material  Material {
            diffuseColor 1.0 1.0 1.0
            specularColor 0.5019607843137255 0.5019607843137255 0.5019607843137255
            ambientIntensity 0.2
            transparency 0
            shininess 0.5
        }
    }
    geometry IndexedFaceSet {
        ccw TRUE
        solid FALSE
        coord DEF co Coordinate {
            point [
                0.7913 0.1181 0.0000, 0.7913 0.0394 0.0000, 0.6693 0.1181 0.0000, 0.6693 0.0394 0.0000, 0.6591 0.0407 0.0000, 0.6313 0.0889 0.0000, 0.6352 0.0984 0.0000, 0.6496 0.0446 0.0000, 0.6415 0.0509 0.0000, 0.6352 0.0591 0.0000, 0.6415 0.1066 0.0000, 0.6496 0.1128 0.0000, 0.6591 0.1168 0.0000, 0.6313 0.0686 0.0000, 0.6299 0.0787 0.0000, 0.7913 -0.1181 0.0866, 0.7913 -0.0394 0.0866, 0.7874 -0.1181 0.0866, 0.7874 -0.0394 0.0866, 0.7874 -0.0394 0.0079, 0.7913 -0.0394 0.0000, 0.6693 -0.0394 0.0079, 0.6693 -0.0394 0.0000, 0.6591 -0.0407 0.0000, 0.6591 -0.0407 0.0079, 0.6496 -0.0446 0.0000, 0.6496 -0.0446 0.0079, 0.6415 -0.0509 0.0000, 0.6415 -0.0509 0.0079, 0.6352 -0.0591 0.0000, 0.6352 -0.0591 0.0079, 0.6313 -0.0686 0.0000, 0.6313 -0.0686 0.0079, 0.6299 -0.0787 0.0000, 0.6299 -0.0787 0.0079, 0.6313 -0.0889 0.0000, 0.6313 -0.0889 0.0079, 0.6352 -0.0984 0.0000, 0.6352 -0.0984 0.0079, 0.6415 -0.1066 0.0000, 0.6415 -0.1066 0.0079, 0.6496 -0.1128 0.0000, 0.6496 -0.1128 0.0079, 0.6591 -0.1168 0.0000, 0.6591 -0.1168 0.0079, 0.6693 -0.1181 0.0000, 0.6693 -0.1181 0.0079, 0.7874 -0.1181 0.0079, 0.7913 -0.1181 0.0000, 0.7913 -0.1181 0.0000
            ]
        }
        coordIndex [
            0 1 2 -1,2 1 3 -1,2 3 4 -1,5 6 2 -1,4 7 2 -1,2 7 8 -1,2 8 9 -1,10 11 6 -1,6 11 12 -1,6 12 2 -1,9 13 2 -1,2 13 14 -1,2 14 5 -1,15 16 17 -1,17 16 18 -1,18 16 19 -1,19 16 20 -1,19 20 21 -1,21 20 22 -1,21 22 23 -1,21 23 24 -1,24 23 25 -1,24 25 26 -1,26 25 27 -1,26 27 28 -1,28 27 29 -1,28 29 30 -1,30 29 31 -1,30 31 32 -1,32 31 33 -1,32 33 34 -1,34 33 35 -1,34 35 36 -1,36 35 37 -1,36 37 38 -1,38 37 39 -1,38 39 40 -1,40 39 41 -1,40 41 42 -1,42 41 43 -1,42 43 44 -1,44 43 45 -1,44 45 46 -1,46 45 47 -1,47 45 48 -1,47 48 17 -1,17 48 15 -1,
        ]
    }
}
Shape{
    appearance Appearance {
        material  Material {
            diffuseColor 0.5372549019607843 0.34901960784313724 0.33725490196078434
            specularColor 0.3764705882352941 0.24313725490196078 0.23529411764705882
            ambientIntensity 0.2
            transparency 0
            shininess 0.5
        }
    }
    geometry IndexedFaceSet {
        ccw TRUE
        solid FALSE
        coord DEF co Coordinate {
            point [
                0.7913 -0.0394 0.0000, 0.7913 -0.0394 0.0866, 0.7913 -0.1181 0.0000, 0.7913 -0.1181 0.0866, 0.7913 -0.1181 0.0866
            ]
        }
        coordIndex [
            0 1 2 -1,2 1 3 -1,
        ]
    }
}
Shape{
    appearance Appearance {
        material  Material {
            diffuseColor 1.0 1.0 1.0
            specularColor 0.5019607843137255 0.5019607843137255 0.5019607843137255
            ambientIntensity 0.2
            transparency 0
            shininess 0.5
        }
    }
    geometry IndexedFaceSet {
        ccw TRUE
        solid FALSE
        coord DEF co Coordinate {
            point [
                0.7913 -0.0394 0.0000, 0.7913 -0.1181 0.0000, 0.6693 -0.0394 0.0000, 0.6693 -0.1181 0.0000, 0.6313 -0.0686 0.0000, 0.6352 -0.0591 0.0000, 0.6415 -0.1066 0.0000, 0.6496 -0.1128 0.0000, 0.6415 -0.0509 0.0000, 0.6496 -0.0446 0.0000, 0.6591 -0.1168 0.0000, 0.6591 -0.0407 0.0000, 0.6352 -0.0984 0.0000, 0.6313 -0.0889 0.0000, 0.6299 -0.0787 0.0000, 0.7913 -0.2756 0.0866, 0.7913 -0.1969 0.0866, 0.7874 -0.2756 0.0866, 0.7874 -0.1969 0.0866, 0.7874 -0.1969 0.0079, 0.7913 -0.1969 0.0000, 0.6693 -0.1969 0.0079, 0.6693 -0.1969 0.0000, 0.6591 -0.1982 0.0000, 0.6591 -0.1982 0.0079, 0.6496 -0.2021 0.0000, 0.6496 -0.2021 0.0079, 0.6415 -0.2084 0.0000, 0.6415 -0.2084 0.0079, 0.6352 -0.2165 0.0000, 0.6352 -0.2165 0.0079, 0.6313 -0.2260 0.0000, 0.6313 -0.2260 0.0079, 0.6299 -0.2362 0.0000, 0.6299 -0.2362 0.0079, 0.6313 -0.2464 0.0000, 0.6313 -0.2464 0.0079, 0.6352 -0.2559 0.0000, 0.6352 -0.2559 0.0079, 0.6415 -0.2641 0.0000, 0.6415 -0.2641 0.0079, 0.6496 -0.2703 0.0000, 0.6496 -0.2703 0.0079, 0.6591 -0.2742 0.0000, 0.6591 -0.2742 0.0079, 0.6693 -0.2756 0.0000, 0.6693 -0.2756 0.0079, 0.7874 -0.2756 0.0079, 0.7913 -0.2756 0.0000, 0.7913 -0.2756 0.0000
            ]
        }
        coordIndex [
            0 1 2 -1,2 1 3 -1,4 5 6 -1,6 5 7 -1,7 5 8 -1,7 8 9 -1,3 10 2 -1,2 10 7 -1,2 7 11 -1,11 7 9 -1,12 13 6 -1,6 13 14 -1,6 14 4 -1,15 16 17 -1,17 16 18 -1,18 16 19 -1,19 16 20 -1,19 20 21 -1,21 20 22 -1,21 22 23 -1,21 23 24 -1,24 23 25 -1,24 25 26 -1,26 25 27 -1,26 27 28 -1,28 27 29 -1,28 29 30 -1,30 29 31 -1,30 31 32 -1,32 31 33 -1,32 33 34 -1,34 33 35 -1,34 35 36 -1,36 35 37 -1,36 37 38 -1,38 37 39 -1,38 39 40 -1,40 39 41 -1,40 41 42 -1,42 41 43 -1,42 43 44 -1,44 43 45 -1,44 45 46 -1,46 45 47 -1,47 45 48 -1,47 48 17 -1,17 48 15 -1,
        ]
    }
}
Shape{
    appearance Appearance {
        material  Material {
            diffuseColor 0.5372549019607843 0.34901960784313724 0.33725490196078434
            specularColor 0.3764705882352941 0.24313725490196078 0.23529411764705882
            ambientIntensity 0.2
            transparency 0
            shininess 0.5
        }
    }
    geometry IndexedFaceSet {
        ccw TRUE
        solid FALSE
        coord DEF co Coordinate {
            point [
                0.7913 -0.1969 0.0000, 0.7913 -0.1969 0.0866, 0.7913 -0.2756 0.0000, 0.7913 -0.2756 0.0866, 0.7913 -0.2756 0.0866
            ]
        }
        coordIndex [
            0 1 2 -1,2 1 3 -1,
        ]
    }
}
Shape{
    appearance Appearance {
        material  Material {
            diffuseColor 1.0 1.0 1.0
            specularColor 0.5019607843137255 0.5019607843137255 0.5019607843137255
            ambientIntensity 0.2
            transparency 0
            shininess 0.5
        }
    }
    geometry IndexedFaceSet {
        ccw TRUE
        solid FALSE
        coord DEF co Coordinate {
            point [
                0.6496 -0.2703 0.0000, 0.6415 -0.2641 0.0000, 0.6591 -0.1982 0.0000, 0.7913 -0.1969 0.0000, 0.7913 -0.2756 0.0000, 0.6693 -0.1969 0.0000, 0.6693 -0.2756 0.0000, 0.6591 -0.2742 0.0000, 0.6352 -0.2559 0.0000, 0.6313 -0.2464 0.0000, 0.6299 -0.2362 0.0000, 0.6313 -0.2260 0.0000, 0.6352 -0.2165 0.0000, 0.6415 -0.2084 0.0000, 0.6496 -0.2021 0.0000, 0.7913 -0.4331 0.0866, 0.7913 -0.3543 0.0866, 0.7874 -0.4331 0.0866, 0.7874 -0.3543 0.0866, 0.7874 -0.3543 0.0079, 0.7913 -0.3543 0.0000, 0.6693 -0.3543 0.0079, 0.6693 -0.3543 0.0000, 0.6591 -0.3557 0.0000, 0.6591 -0.3557 0.0079, 0.6496 -0.3596 0.0000, 0.6496 -0.3596 0.0079, 0.6415 -0.3659 0.0000, 0.6415 -0.3659 0.0079, 0.6352 -0.3740 0.0000, 0.6352 -0.3740 0.0079, 0.6313 -0.3835 0.0000, 0.6313 -0.3835 0.0079, 0.6299 -0.3937 0.0000, 0.6299 -0.3937 0.0079, 0.6313 -0.4039 0.0000, 0.6313 -0.4039 0.0079, 0.6352 -0.4134 0.0000, 0.6352 -0.4134 0.0079, 0.6415 -0.4215 0.0000, 0.6415 -0.4215 0.0079, 0.6496 -0.4278 0.0000, 0.6496 -0.4278 0.0079, 0.6591 -0.4317 0.0000, 0.6591 -0.4317 0.0079, 0.6693 -0.4331 0.0000, 0.6693 -0.4331 0.0079, 0.7874 -0.4331 0.0079, 0.7913 -0.4331 0.0000, 0.7913 -0.4331 0.0000
            ]
        }
        coordIndex [
            0 1 2 -1,3 4 5 -1,5 4 6 -1,5 6 2 -1,2 6 7 -1,2 7 0 -1,1 8 9 -1,9 10 1 -1,1 10 11 -1,1 11 12 -1,12 13 1 -1,1 13 14 -1,1 14 2 -1,15 16 17 -1,17 16 18 -1,18 16 19 -1,19 16 20 -1,19 20 21 -1,21 20 22 -1,21 22 23 -1,21 23 24 -1,24 23 25 -1,24 25 26 -1,26 25 27 -1,26 27 28 -1,28 27 29 -1,28 29 30 -1,30 29 31 -1,30 31 32 -1,32 31 33 -1,32 33 34 -1,34 33 35 -1,34 35 36 -1,36 35 37 -1,36 37 38 -1,38 37 39 -1,38 39 40 -1,40 39 41 -1,40 41 42 -1,42 41 43 -1,42 43 44 -1,44 43 45 -1,44 45 46 -1,46 45 47 -1,47 45 48 -1,47 48 17 -1,17 48 15 -1,
        ]
    }
}
Shape{
    appearance Appearance {
        material  Material {
            diffuseColor 0.5372549019607843 0.34901960784313724 0.33725490196078434
            specularColor 0.3764705882352941 0.24313725490196078 0.23529411764705882
            ambientIntensity 0.2
            transparency 0
            shininess 0.5
        }
    }
    geometry IndexedFaceSet {
        ccw TRUE
        solid FALSE
        coord DEF co Coordinate {
            point [
                0.7913 -0.3543 0.0000, 0.7913 -0.3543 0.0866, 0.7913 -0.4331 0.0000, 0.7913 -0.4331 0.0866, 0.7913 -0.4331 0.0866
            ]
        }
        coordIndex [
            0 1 2 -1,2 1 3 -1,
        ]
    }
}
Shape{
    appearance Appearance {
        material  Material {
            diffuseColor 1.0 1.0 1.0
            specularColor 0.5019607843137255 0.5019607843137255 0.5019607843137255
            ambientIntensity 0.2
            transparency 0
            shininess 0.5
        }
    }
    geometry IndexedFaceSet {
        ccw TRUE
        solid FALSE
        coord DEF co Coordinate {
            point [
                0.7913 -0.3543 0.0000, 0.7913 -0.4331 0.0000, 0.6693 -0.3543 0.0000, 0.6693 -0.4331 0.0000, 0.6591 -0.3557 0.0000, 0.6591 -0.4317 0.0000, 0.6496 -0.4278 0.0000, 0.6415 -0.4215 0.0000, 0.6352 -0.4134 0.0000, 0.6313 -0.4039 0.0000, 0.6299 -0.3937 0.0000, 0.6313 -0.3835 0.0000, 0.6352 -0.3740 0.0000, 0.6415 -0.3659 0.0000, 0.6496 -0.3596 0.0000, 0.7913 -0.5906 0.0866, 0.7913 -0.5118 0.0866, 0.7874 -0.5906 0.0866, 0.7874 -0.5118 0.0866, 0.7874 -0.5118 0.0079, 0.7913 -0.5118 0.0000, 0.6693 -0.5118 0.0079, 0.6693 -0.5118 0.0000, 0.6693 -0.5118 0.0000
            ]
        }
        coordIndex [
            0 1 2 -1,2 1 3 -1,2 3 4 -1,4 3 5 -1,5 6 4 -1,4 6 7 -1,4 7 8 -1,9 10 8 -1,8 10 11 -1,8 11 12 -1,12 13 8 -1,8 13 14 -1,8 14 4 -1,15 16 17 -1,17 16 18 -1,18 16 19 -1,19 16 20 -1,19 20 21 -1,21 20 22 -1,
        ]
    }
}
Shape{
    appearance Appearance {
        material  Material {
            diffuseColor 0.5372549019607843 0.34901960784313724 0.33725490196078434
            specularColor 0.3764705882352941 0.24313725490196078 0.23529411764705882
            ambientIntensity 0.2
            transparency 0
            shininess 0.5
        }
    }
    geometry IndexedFaceSet {
        ccw TRUE
        solid FALSE
        coord DEF co Coordinate {
            point [
                0.7913 -0.5118 0.0000, 0.7913 -0.5118 0.0866, 0.7913 -0.5906 0.0000, 0.7913 -0.5906 0.0866, 0.7913 -0.5906 0.0866
            ]
        }
        coordIndex [
            0 1 2 -1,2 1 3 -1,
        ]
    }
}
Shape{
    appearance Appearance {
        material  Material {
            diffuseColor 1.0 1.0 1.0
            specularColor 0.5019607843137255 0.5019607843137255 0.5019607843137255
            ambientIntensity 0.2
            transparency 0
            shininess 0.5
        }
    }
    geometry IndexedFaceSet {
        ccw TRUE
        solid FALSE
        coord DEF co Coordinate {
            point [
                0.7913 0.1969 0.0866, 0.7913 0.2756 0.0866, 0.7874 0.1969 0.0866, 0.7874 0.2756 0.0866, 0.7874 0.2756 0.0079, 0.7913 0.2756 0.0000, 0.6693 0.2756 0.0079, 0.6693 0.2756 0.0000, 0.6591 0.2742 0.0000, 0.6591 0.2742 0.0079, 0.6496 0.2703 0.0000, 0.6496 0.2703 0.0079, 0.6415 0.2641 0.0000, 0.6415 0.2641 0.0079, 0.6352 0.2559 0.0000, 0.6352 0.2559 0.0079, 0.6313 0.2464 0.0000, 0.6313 0.2464 0.0079, 0.6299 0.2362 0.0000, 0.6299 0.2362 0.0079, 0.6313 0.2260 0.0000, 0.6313 0.2260 0.0079, 0.6352 0.2165 0.0000, 0.6352 0.2165 0.0079, 0.6415 0.2084 0.0000, 0.6415 0.2084 0.0079, 0.6496 0.2021 0.0000, 0.6496 0.2021 0.0079, 0.6591 0.1982 0.0000, 0.6591 0.1982 0.0079, 0.6693 0.1969 0.0000, 0.6693 0.1969 0.0079, 0.7874 0.1969 0.0079, 0.7913 0.1969 0.0000, 0.7913 0.1969 0.0000
            ]
        }
        coordIndex [
            0 1 2 -1,2 1 3 -1,3 1 4 -1,4 1 5 -1,4 5 6 -1,6 5 7 -1,6 7 8 -1,6 8 9 -1,9 8 10 -1,9 10 11 -1,11 10 12 -1,11 12 13 -1,13 12 14 -1,13 14 15 -1,15 14 16 -1,15 16 17 -1,17 16 18 -1,17 18 19 -1,19 18 20 -1,19 20 21 -1,21 20 22 -1,21 22 23 -1,23 22 24 -1,23 24 25 -1,25 24 26 -1,25 26 27 -1,27 26 28 -1,27 28 29 -1,29 28 30 -1,29 30 31 -1,31 30 32 -1,32 30 33 -1,32 33 2 -1,2 33 0 -1,
        ]
    }
}
Shape{
    appearance Appearance {
        material  Material {
            diffuseColor 0.5372549019607843 0.34901960784313724 0.33725490196078434
            specularColor 0.3764705882352941 0.24313725490196078 0.23529411764705882
            ambientIntensity 0.2
            transparency 0
            shininess 0.5
        }
    }
    geometry IndexedFaceSet {
        ccw TRUE
        solid FALSE
        coord DEF co Coordinate {
            point [
                0.7913 0.2756 0.0000, 0.7913 0.2756 0.0866, 0.7913 0.1969 0.0000, 0.7913 0.1969 0.0866, 0.7913 0.1969 0.0866
            ]
        }
        coordIndex [
            0 1 2 -1,2 1 3 -1,
        ]
    }
}
Shape{
    appearance Appearance {
        material  Material {
            diffuseColor 1.0 1.0 1.0
            specularColor 0.5019607843137255 0.5019607843137255 0.5019607843137255
            ambientIntensity 0.2
            transparency 0
            shininess 0.5
        }
    }
    geometry IndexedFaceSet {
        ccw TRUE
        solid FALSE
        coord DEF co Coordinate {
            point [
                0.7913 0.2756 0.0000, 0.7913 0.1969 0.0000, 0.6693 0.2756 0.0000, 0.6693 0.1969 0.0000, 0.6591 0.1982 0.0000, 0.6352 0.2165 0.0000, 0.6313 0.2260 0.0000, 0.6415 0.2084 0.0000, 0.6299 0.2362 0.0000, 0.6313 0.2464 0.0000, 0.6352 0.2559 0.0000, 0.6415 0.2641 0.0000, 0.6496 0.2703 0.0000, 0.6496 0.2021 0.0000, 0.6591 0.2742 0.0000, 0.7913 0.3543 0.0866, 0.7913 0.4331 0.0866, 0.7874 0.3543 0.0866, 0.7874 0.4331 0.0866, 0.7874 0.4331 0.0079, 0.7913 0.4331 0.0000, 0.6693 0.4331 0.0079, 0.6693 0.4331 0.0000, 0.6591 0.4317 0.0000, 0.6591 0.4317 0.0079, 0.6496 0.4278 0.0000, 0.6496 0.4278 0.0079, 0.6415 0.4215 0.0000, 0.6415 0.4215 0.0079, 0.6352 0.4134 0.0000, 0.6352 0.4134 0.0079, 0.6313 0.4039 0.0000, 0.6313 0.4039 0.0079, 0.6299 0.3937 0.0000, 0.6299 0.3937 0.0079, 0.6313 0.3835 0.0000, 0.6313 0.3835 0.0079, 0.6352 0.3740 0.0000, 0.6352 0.3740 0.0079, 0.6415 0.3659 0.0000, 0.6415 0.3659 0.0079, 0.6496 0.3596 0.0000, 0.6496 0.3596 0.0079, 0.6591 0.3557 0.0000, 0.6591 0.3557 0.0079, 0.6693 0.3543 0.0000, 0.6693 0.3543 0.0079, 0.7874 0.3543 0.0079, 0.7913 0.3543 0.0000, 0.7913 0.3543 0.0000
            ]
        }
        coordIndex [
            0 1 2 -1,2 1 3 -1,2 3 4 -1,5 6 7 -1,7 6 8 -1,7 8 9 -1,9 10 7 -1,7 10 11 -1,7 11 12 -1,4 13 2 -1,2 13 7 -1,2 7 14 -1,14 7 12 -1,15 16 17 -1,17 16 18 -1,18 16 19 -1,19 16 20 -1,19 20 21 -1,21 20 22 -1,21 22 23 -1,21 23 24 -1,24 23 25 -1,24 25 26 -1,26 25 27 -1,26 27 28 -1,28 27 29 -1,28 29 30 -1,30 29 31 -1,30 31 32 -1,32 31 33 -1,32 33 34 -1,34 33 35 -1,34 35 36 -1,36 35 37 -1,36 37 38 -1,38 37 39 -1,38 39 40 -1,40 39 41 -1,40 41 42 -1,42 41 43 -1,42 43 44 -1,44 43 45 -1,44 45 46 -1,46 45 47 -1,47 45 48 -1,47 48 17 -1,17 48 15 -1,
        ]
    }
}
Shape{
    appearance Appearance {
        material  Material {
            diffuseColor 0.5372549019607843 0.34901960784313724 0.33725490196078434
            specularColor 0.3764705882352941 0.24313725490196078 0.23529411764705882
            ambientIntensity 0.2
            transparency 0
            shininess 0.5
        }
    }
    geometry IndexedFaceSet {
        ccw TRUE
        solid FALSE
        coord DEF co Coordinate {
            point [
                0.7913 0.4331 0.0000, 0.7913 0.4331 0.0866, 0.7913 0.3543 0.0000, 0.7913 0.3543 0.0866, 0.7913 0.3543 0.0866
            ]
        }
        coordIndex [
            0 1 2 -1,2 1 3 -1,
        ]
    }
}
Shape{
    appearance Appearance {
        material  Material {
            diffuseColor 1.0 1.0 1.0
            specularColor 0.5019607843137255 0.5019607843137255 0.5019607843137255
            ambientIntensity 0.2
            transparency 0
            shininess 0.5
        }
    }
    geometry IndexedFaceSet {
        ccw TRUE
        solid FALSE
        coord DEF co Coordinate {
            point [
                0.7913 0.4331 0.0000, 0.7913 0.3543 0.0000, 0.6693 0.4331 0.0000, 0.6693 0.3543 0.0000, 0.6591 0.4317 0.0000, 0.6496 0.4278 0.0000, 0.6299 0.3937 0.0000, 0.6415 0.3659 0.0000, 0.6313 0.3835 0.0000, 0.6352 0.3740 0.0000, 0.6591 0.3557 0.0000, 0.6496 0.3596 0.0000, 0.6352 0.4134 0.0000, 0.6313 0.4039 0.0000, 0.6415 0.4215 0.0000, 0.7913 0.5118 0.0866, 0.7913 0.5906 0.0866, 0.7874 0.5118 0.0866, 0.7874 0.5906 0.0866, 0.6693 0.5118 0.0079, 0.6693 0.5118 0.0000, 0.7874 0.5118 0.0079, 0.7913 0.5118 0.0000, 0.7913 0.5118 0.0000
            ]
        }
        coordIndex [
            0 1 2 -1,2 1 3 -1,2 3 4 -1,4 3 5 -1,6 7 8 -1,8 7 9 -1,10 11 12 -1,12 11 7 -1,12 7 13 -1,13 7 6 -1,10 12 3 -1,3 12 14 -1,3 14 5 -1,15 16 17 -1,17 16 18 -1,19 20 21 -1,21 20 22 -1,21 22 17 -1,17 22 15 -1,
        ]
    }
}
Shape{
    appearance Appearance {
        material  Material {
            diffuseColor 0.5372549019607843 0.34901960784313724 0.33725490196078434
            specularColor 0.3764705882352941 0.24313725490196078 0.23529411764705882
            ambientIntensity 0.2
            transparency 0
            shininess 0.5
        }
    }
    geometry IndexedFaceSet {
        ccw TRUE
        solid FALSE
        coord DEF co Coordinate {
            point [
                0.7913 0.5906 0.0000, 0.7913 0.5906 0.0866, 0.7913 0.5118 0.0000, 0.7913 0.5118 0.0866, 0.7913 0.5118 0.0866
            ]
        }
        coordIndex [
            0 1 2 -1,2 1 3 -1,
        ]
    }
}
Shape{
    appearance Appearance {
        material  Material {
            diffuseColor 1.0 1.0 1.0
            specularColor 0.5019607843137255 0.5019607843137255 0.5019607843137255
            ambientIntensity 0.2
            transparency 0
            shininess 0.5
        }
    }
    geometry IndexedFaceSet {
        ccw TRUE
        solid FALSE
        coord DEF co Coordinate {
            point [
                0.2756 -0.2756 0.0039, 0.2756 0.2756 0.0039, 0.2756 -0.2756 0.0079, 0.2756 0.2756 0.0079, -0.2756 -0.2756 0.0039, -0.2756 -0.2756 0.0079, -0.2756 0.1969 0.0039, -0.2756 0.1969 0.0079, -0.1969 0.2756 0.0079, -0.1969 0.2756 0.0039, -0.1969 0.2756 0.0039
            ]
        }
        coordIndex [
            0 1 2 -1,2 1 3 -1,4 0 5 -1,5 0 2 -1,6 4 7 -1,7 4 5 -1,8 3 9 -1,9 3 1 -1,4 6 0 -1,0 6 9 -1,0 9 1 -1,
        ]
    }
}
Shape{
    appearance Appearance {
        material  Material {
            diffuseColor 0.5372549019607843 0.34901960784313724 0.33725490196078434
            specularColor 0.3764705882352941 0.24313725490196078 0.23529411764705882
            ambientIntensity 0.2
            transparency 0
            shininess 0.5
        }
    }
    geometry IndexedFaceSet {
        ccw TRUE
        solid FALSE
        coord DEF co Coordinate {
            point [
                -0.6299 0.7913 0.0472, -0.6299 0.7913 0.0787, -0.6299 0.7874 0.0472, -0.6299 0.7874 0.0787, -0.7087 0.7913 0.0472, -0.7087 0.7874 0.0472, -0.7087 0.7913 0.0787, -0.7087 0.7874 0.0787, 0.7087 0.7913 0.0472, 0.7087 0.7913 0.0787, 0.7087 0.7874 0.0472, 0.7087 0.7874 0.0787, 0.6299 0.7913 0.0472, 0.6299 0.7874 0.0472, 0.6299 0.7913 0.0787, 0.6299 0.7874 0.0787, -0.7913 -0.6299 0.0472, -0.7913 -0.6299 0.0787, -0.7874 -0.6299 0.0472, -0.7874 -0.6299 0.0787, -0.7913 -0.7087 0.0472, -0.7874 -0.7087 0.0472, -0.7913 -0.7087 0.0787, -0.7874 -0.7087 0.0787, -0.7913 0.7087 0.0472, -0.7913 0.7087 0.0787, -0.7874 0.7087 0.0472, -0.7874 0.7087 0.0787, -0.7913 0.6299 0.0472, -0.7874 0.6299 0.0472, -0.7913 0.6299 0.0787, -0.7874 0.6299 0.0787, 0.6299 -0.7913 0.0472, 0.6299 -0.7913 0.0787, 0.6299 -0.7874 0.0472, 0.6299 -0.7874 0.0787, 0.7087 -0.7913 0.0472, 0.7087 -0.7874 0.0472, 0.7087 -0.7913 0.0787, 0.7087 -0.7874 0.0787, -0.7087 -0.7913 0.0472, -0.7087 -0.7913 0.0787, -0.7087 -0.7874 0.0472, -0.7087 -0.7874 0.0787, -0.6299 -0.7913 0.0472, -0.6299 -0.7874 0.0472, -0.6299 -0.7913 0.0787, -0.6299 -0.7874 0.0787, 0.7913 0.6299 0.0472, 0.7913 0.6299 0.0787, 0.7874 0.6299 0.0472, 0.7874 0.6299 0.0787, 0.7913 0.7087 0.0472, 0.7874 0.7087 0.0472, 0.7913 0.7087 0.0787, 0.7874 0.7087 0.0787, 0.7913 -0.7087 0.0472, 0.7913 -0.7087 0.0787, 0.7874 -0.7087 0.0472, 0.7874 -0.7087 0.0787, 0.7913 -0.6299 0.0472, 0.7874 -0.6299 0.0472, 0.7913 -0.6299 0.0787, 0.7874 -0.6299 0.0787, 0.7874 -0.6299 0.0787
            ]
        }
        coordIndex [
            0 1 2 -1,2 1 3 -1,4 0 5 -1,5 0 2 -1,6 4 7 -1,7 4 5 -1,1 6 3 -1,3 6 7 -1,4 6 0 -1,0 6 1 -1,8 9 10 -1,10 9 11 -1,12 8 13 -1,13 8 10 -1,14 12 15 -1,15 12 13 -1,9 14 11 -1,11 14 15 -1,12 14 8 -1,8 14 9 -1,16 17 18 -1,18 17 19 -1,20 16 21 -1,21 16 18 -1,22 20 23 -1,23 20 21 -1,17 22 19 -1,19 22 23 -1,20 22 16 -1,16 22 17 -1,24 25 26 -1,26 25 27 -1,28 24 29 -1,29 24 26 -1,30 28 31 -1,31 28 29 -1,25 30 27 -1,27 30 31 -1,28 30 24 -1,24 30 25 -1,32 33 34 -1,34 33 35 -1,36 32 37 -1,37 32 34 -1,38 36 39 -1,39 36 37 -1,33 38 35 -1,35 38 39 -1,36 38 32 -1,32 38 33 -1,40 41 42 -1,42 41 43 -1,44 40 45 -1,45 40 42 -1,46 44 47 -1,47 44 45 -1,41 46 43 -1,43 46 47 -1,44 46 40 -1,40 46 41 -1,48 49 50 -1,50 49 51 -1,52 48 53 -1,53 48 50 -1,54 52 55 -1,55 52 53 -1,49 54 51 -1,51 54 55 -1,52 54 48 -1,48 54 49 -1,56 57 58 -1,58 57 59 -1,60 56 61 -1,61 56 58 -1,62 60 63 -1,63 60 61 -1,57 62 59 -1,59 62 63 -1,60 62 56 -1,56 62 57 -1,
        ]
    }
}
Shape{
    appearance Appearance {
        material  Material {
            diffuseColor 1.0 1.0 1.0
            specularColor 0.5019607843137255 0.5019607843137255 0.5019607843137255
            ambientIntensity 0.2
            transparency 0
            shininess 0.5
        }
    }
    geometry IndexedFaceSet {
        ccw TRUE
        solid FALSE
        coord DEF co Coordinate {
            point [
                -0.4822 -0.6345 0.3858, -0.4822 -0.6387 0.3858, -0.4822 -0.6345 0.3819, -0.4822 -0.6387 0.3819, -0.4970 -0.6345 0.3858, -0.4970 -0.6345 0.3819, -0.4970 -0.6016 0.3858, -0.4970 -0.6016 0.3819, -0.5018 -0.6016 0.3858, -0.5018 -0.6016 0.3819, -0.5018 -0.6387 0.3858, -0.5018 -0.6387 0.3819, -0.4632 -0.6393 0.3858, -0.4632 -0.6393 0.3819, -0.4575 -0.6388 0.3858, -0.4599 -0.6390 0.3819, -0.4575 -0.6388 0.3819, -0.4536 -0.6375 0.3819, -0.4536 -0.6375 0.3858, -0.4529 -0.6371 0.3819, -0.4529 -0.6371 0.3858, -0.4529 -0.6326 0.3858, -0.4529 -0.6326 0.3819, -0.4566 -0.6342 0.3819, -0.4566 -0.6342 0.3858, -0.4608 -0.6350 0.3819, -0.4608 -0.6350 0.3858, -0.4625 -0.6350 0.3819, -0.4625 -0.6350 0.3858, -0.4658 -0.6347 0.3819, -0.4658 -0.6347 0.3858, -0.4685 -0.6338 0.3819, -0.4685 -0.6338 0.3858, -0.4710 -0.6321 0.3819, -0.4710 -0.6321 0.3858, -0.4720 -0.6311 0.3819, -0.4720 -0.6311 0.3858, -0.4737 -0.6288 0.3819, -0.4737 -0.6288 0.3858, -0.4750 -0.6259 0.3819, -0.4750 -0.6259 0.3858, -0.4756 -0.6222 0.3819, -0.4756 -0.6222 0.3858, -0.4757 -0.6206 0.3819, -0.4757 -0.6206 0.3858, -0.4751 -0.6155 0.3819, -0.4751 -0.6155 0.3858, -0.4738 -0.6123 0.3819, -0.4738 -0.6123 0.3858, -0.4720 -0.6097 0.3819, -0.4720 -0.6097 0.3858, -0.4718 -0.6094 0.3819, -0.4718 -0.6094 0.3858, -0.4695 -0.6075 0.3819, -0.4695 -0.6075 0.3858, -0.4666 -0.6061 0.3819, -0.4666 -0.6061 0.3858, -0.4634 -0.6054 0.3819, -0.4634 -0.6054 0.3858, -0.4617 -0.6053 0.3819, -0.4617 -0.6053 0.3858, -0.4571 -0.6059 0.3819, -0.4571 -0.6059 0.3858, -0.4533 -0.6073 0.3819, -0.4533 -0.6073 0.3858, -0.4529 -0.6075 0.3819, -0.4529 -0.6075 0.3858, -0.4529 -0.6025 0.3858, -0.4529 -0.6025 0.3819, -0.4617 -0.6010 0.3819, -0.4617 -0.6010 0.3858, -0.4577 -0.6013 0.3819, -0.4569 -0.6014 0.3858, -0.4569 -0.6014 0.3819, -0.4643 -0.6013 0.3819, -0.4671 -0.6016 0.3858, -0.4671 -0.6016 0.3819, -0.4709 -0.6031 0.3819, -0.4709 -0.6031 0.3858, -0.4744 -0.6056 0.3819, -0.4744 -0.6056 0.3858, -0.4753 -0.6064 0.3819, -0.4753 -0.6064 0.3858, -0.4780 -0.6100 0.3819, -0.4780 -0.6100 0.3858, -0.4790 -0.6123 0.3819, -0.4798 -0.6141 0.3858, -0.4798 -0.6141 0.3819, -0.4806 -0.6189 0.3819, -0.4806 -0.6189 0.3858, -0.4807 -0.6208 0.3819, -0.4807 -0.6208 0.3858, -0.4800 -0.6269 0.3819, -0.4800 -0.6269 0.3858, -0.4790 -0.6293 0.3819, -0.4785 -0.6307 0.3858, -0.4785 -0.6307 0.3819, -0.4762 -0.6339 0.3819, -0.4762 -0.6339 0.3858, -0.4759 -0.6342 0.3819, -0.4759 -0.6342 0.3858, -0.4661 -0.6391 0.3858, -0.4735 -0.6364 0.3819, -0.4735 -0.6364 0.3858, -0.4700 -0.6382 0.3819, -0.4700 -0.6382 0.3858, -0.4667 -0.6390 0.3819, -0.4661 -0.6391 0.3819, -0.4256 -0.6345 0.3858, -0.4256 -0.6387 0.3858, -0.4256 -0.6345 0.3819, -0.4256 -0.6387 0.3819, -0.4407 -0.6345 0.3819, -0.4407 -0.6345 0.3858, -0.4307 -0.6345 0.3819, -0.4407 -0.6220 0.3858, -0.4407 -0.6220 0.3819, -0.4275 -0.6220 0.3858, -0.4307 -0.6220 0.3819, -0.4275 -0.6220 0.3819, -0.4275 -0.6177 0.3858, -0.4275 -0.6177 0.3819, -0.4407 -0.6177 0.3819, -0.4407 -0.6177 0.3858, -0.4307 -0.6177 0.3819, -0.4407 -0.6059 0.3858, -0.4407 -0.6059 0.3819, -0.4264 -0.6059 0.3858, -0.4307 -0.6059 0.3819, -0.4264 -0.6059 0.3819, -0.4264 -0.6016 0.3858, -0.4264 -0.6016 0.3819, -0.4455 -0.6016 0.3819, -0.4455 -0.6016 0.3858, -0.4307 -0.6016 0.3819, -0.4455 -0.6387 0.3858, -0.4455 -0.6387 0.3819, -0.4307 -0.6387 0.3819, -0.3940 -0.6335 0.3858, -0.3978 -0.6310 0.3858, -0.3979 -0.6363 0.3858, -0.4002 -0.6327 0.3858, -0.4021 -0.6379 0.3858, -0.4033 -0.6338 0.3858, -0.4084 -0.6387 0.3858, -0.4084 -0.6345 0.3858, -0.4186 -0.6387 0.3858, -0.4138 -0.6345 0.3858, -0.4186 -0.6016 0.3858, -0.4138 -0.6059 0.3858, -0.4080 -0.6016 0.3858, -0.4082 -0.6059 0.3858, -0.4078 -0.6059 0.3858, -0.4023 -0.6022 0.3858, -0.4031 -0.6065 0.3858, -0.3979 -0.6039 0.3858, -0.3999 -0.6077 0.3858, -0.3940 -0.6065 0.3858, -0.3975 -0.6094 0.3858, -0.3927 -0.6078 0.3858, -0.3965 -0.6104 0.3858, -0.3904 -0.6110 0.3858, -0.3950 -0.6125 0.3858, -0.3890 -0.6146 0.3858, -0.3940 -0.6152 0.3858, -0.3884 -0.6197 0.3858, -0.3934 -0.6198 0.3858, -0.3885 -0.6220 0.3858, -0.3936 -0.6223 0.3858, -0.3894 -0.6264 0.3858, -0.3943 -0.6257 0.3858, -0.3912 -0.6302 0.3858, -0.3956 -0.6284 0.3858, -0.3974 -0.6306 0.3858, -0.4084 -0.6387 0.3819, -0.4186 -0.6387 0.3819, -0.3940 -0.6335 0.3819, -0.4021 -0.6379 0.3819, -0.4016 -0.6377 0.3819, -0.3979 -0.6363 0.3819, -0.3912 -0.6302 0.3819, -0.3894 -0.6264 0.3819, -0.3885 -0.6220 0.3819, -0.3884 -0.6197 0.3819, -0.3890 -0.6146 0.3819, -0.3904 -0.6110 0.3819, -0.3927 -0.6078 0.3819, -0.3940 -0.6065 0.3819, -0.4080 -0.6016 0.3819, -0.3979 -0.6039 0.3819, -0.4016 -0.6025 0.3819, -0.4023 -0.6022 0.3819, -0.4186 -0.6016 0.3819, -0.4082 -0.6059 0.3819, -0.4138 -0.6059 0.3819, -0.4138 -0.6345 0.3819, -0.4084 -0.6345 0.3819, -0.3974 -0.6306 0.3819, -0.3978 -0.6310 0.3819, -0.4002 -0.6327 0.3819, -0.4033 -0.6338 0.3819, -0.3934 -0.6198 0.3819, -0.3936 -0.6223 0.3819, -0.3943 -0.6257 0.3819, -0.3956 -0.6284 0.3819, -0.3975 -0.6094 0.3819, -0.3965 -0.6104 0.3819, -0.3950 -0.6125 0.3819, -0.3940 -0.6152 0.3819, -0.4078 -0.6059 0.3819, -0.4031 -0.6065 0.3819, -0.3999 -0.6077 0.3819, -0.3999 -0.6077 0.3819
            ]
        }
        coordIndex [
            0 1 2 -1,2 1 3 -1,4 0 5 -1,5 0 2 -1,6 4 7 -1,7 4 5 -1,8 6 9 -1,9 6 7 -1,10 8 11 -1,11 8 9 -1,1 10 3 -1,3 10 11 -1,6 8 4 -1,4 8 10 -1,4 10 0 -1,0 10 1 -1,12 13 14 -1,14 13 15 -1,15 16 14 -1,14 16 17 -1,14 17 18 -1,18 17 19 -1,18 19 20 -1,21 20 22 -1,22 20 19 -1,21 22 23 -1,21 23 24 -1,24 23 25 -1,24 25 26 -1,26 25 27 -1,26 27 28 -1,28 27 29 -1,28 29 30 -1,30 29 31 -1,30 31 32 -1,32 31 33 -1,32 33 34 -1,34 33 35 -1,34 35 36 -1,36 35 37 -1,36 37 38 -1,38 37 39 -1,38 39 40 -1,40 39 41 -1,40 41 42 -1,42 41 43 -1,42 43 44 -1,44 43 45 -1,44 45 46 -1,46 45 47 -1,46 47 48 -1,48 47 49 -1,48 49 50 -1,50 49 51 -1,50 51 52 -1,52 51 53 -1,52 53 54 -1,54 53 55 -1,54 55 56 -1,56 55 57 -1,56 57 58 -1,58 57 59 -1,58 59 60 -1,60 59 61 -1,60 61 62 -1,62 61 63 -1,62 63 64 -1,64 63 65 -1,64 65 66 -1,67 66 68 -1,68 66 65 -1,69 70 71 -1,71 70 72 -1,71 72 73 -1,73 72 67 -1,73 67 68 -1,70 69 74 -1,70 74 75 -1,74 76 75 -1,75 76 77 -1,75 77 78 -1,78 77 79 -1,78 79 80 -1,80 79 81 -1,80 81 82 -1,82 81 83 -1,82 83 84 -1,84 83 85 -1,84 85 86 -1,85 87 86 -1,86 87 88 -1,86 88 89 -1,89 88 90 -1,89 90 91 -1,91 90 92 -1,91 92 93 -1,93 92 94 -1,93 94 95 -1,94 96 95 -1,95 96 97 -1,95 97 98 -1,98 97 99 -1,98 99 100 -1,13 12 101 -1,100 99 102 -1,100 102 103 -1,103 102 104 -1,103 104 105 -1,105 104 106 -1,105 106 101 -1,101 106 107 -1,101 107 13 -1,46 48 84 -1,84 48 82 -1,91 44 89 -1,89 44 46 -1,89 46 86 -1,86 46 84 -1,48 50 82 -1,82 50 52 -1,82 52 80 -1,80 52 54 -1,80 54 78 -1,78 54 75 -1,75 54 56 -1,75 56 70 -1,20 21 18 -1,18 21 24 -1,18 24 14 -1,14 24 26 -1,14 26 12 -1,12 26 28 -1,12 28 101 -1,101 28 30 -1,101 30 105 -1,105 30 32 -1,105 32 103 -1,103 32 34 -1,103 34 100 -1,100 34 36 -1,100 36 98 -1,98 36 38 -1,98 38 95 -1,95 38 93 -1,93 38 40 -1,93 40 91 -1,91 40 42 -1,91 42 44 -1,56 58 70 -1,70 58 60 -1,70 60 72 -1,72 60 62 -1,72 62 67 -1,67 62 64 -1,67 64 66 -1,108 109 110 -1,110 109 111 -1,112 113 114 -1,114 113 108 -1,114 108 110 -1,115 113 116 -1,116 113 112 -1,115 116 117 -1,117 116 118 -1,117 118 119 -1,120 117 121 -1,121 117 119 -1,122 123 124 -1,124 123 120 -1,124 120 121 -1,125 123 126 -1,126 123 122 -1,125 126 127 -1,127 126 128 -1,127 128 129 -1,130 127 131 -1,131 127 129 -1,132 133 134 -1,134 133 130 -1,134 130 131 -1,135 133 136 -1,136 133 132 -1,135 136 109 -1,109 136 137 -1,109 137 111 -1,135 109 108 -1,108 113 135 -1,135 113 115 -1,135 115 133 -1,127 130 125 -1,125 130 133 -1,125 133 123 -1,123 133 115 -1,123 115 120 -1,120 115 117 -1,138 139 140 -1,140 139 141 -1,140 141 142 -1,142 141 143 -1,142 143 144 -1,144 143 145 -1,144 145 146 -1,146 145 147 -1,146 147 148 -1,148 147 149 -1,148 149 150 -1,149 151 150 -1,150 151 152 -1,150 152 153 -1,153 152 154 -1,153 154 155 -1,155 154 156 -1,155 156 157 -1,157 156 158 -1,157 158 159 -1,159 158 160 -1,159 160 161 -1,161 160 162 -1,161 162 163 -1,163 162 164 -1,163 164 165 -1,165 164 166 -1,165 166 167 -1,167 166 168 -1,167 168 169 -1,169 168 170 -1,169 170 171 -1,171 170 172 -1,171 172 138 -1,138 172 173 -1,138 173 139 -1,144 146 174 -1,174 146 175 -1,176 138 140 -1,144 174 177 -1,144 177 142 -1,142 177 178 -1,142 178 140 -1,140 178 179 -1,140 179 176 -1,138 176 180 -1,138 180 171 -1,171 180 181 -1,171 181 169 -1,169 181 182 -1,169 182 167 -1,167 182 183 -1,167 183 165 -1,165 183 184 -1,165 184 163 -1,163 184 185 -1,163 185 161 -1,161 185 186 -1,161 186 159 -1,159 186 187 -1,159 187 157 -1,188 150 153 -1,157 187 189 -1,157 189 155 -1,155 189 190 -1,155 190 153 -1,153 190 191 -1,153 191 188 -1,148 150 192 -1,192 150 188 -1,146 148 175 -1,175 148 192 -1,151 149 193 -1,193 149 194 -1,149 147 194 -1,194 147 195 -1,147 145 195 -1,195 145 196 -1,173 197 198 -1,173 198 139 -1,139 198 199 -1,139 199 141 -1,141 199 200 -1,141 200 143 -1,143 200 196 -1,143 196 145 -1,166 201 202 -1,166 202 168 -1,168 202 203 -1,168 203 170 -1,170 203 204 -1,170 204 172 -1,172 204 197 -1,172 197 173 -1,158 205 206 -1,158 206 160 -1,160 206 207 -1,160 207 162 -1,162 207 208 -1,162 208 164 -1,164 208 201 -1,164 201 166 -1,151 193 209 -1,151 209 152 -1,152 209 210 -1,152 210 154 -1,154 210 211 -1,154 211 156 -1,156 211 205 -1,156 205 158 -1,
        ]
    }
}
Shape{
    appearance Appearance {
        material  Material {
            diffuseColor 0.2235294117647059 0.2235294117647059 0.2235294117647059
            specularColor 0.11372549019607843 0.11372549019607843 0.11372549019607843
            ambientIntensity 0.2
            transparency 0
            shininess 0.5
        }
    }
    geometry IndexedFaceSet {
        ccw TRUE
        solid FALSE
        coord DEF co Coordinate {
            point [
                -0.4002 -0.6327 0.3819, -0.3978 -0.6310 0.3819, -0.4078 -0.6059 0.3819, -0.4138 -0.6059 0.3819, -0.4138 -0.6345 0.3819, -0.4082 -0.6059 0.3819, -0.4084 -0.6345 0.3819, -0.4033 -0.6338 0.3819, -0.3974 -0.6306 0.3819, -0.3956 -0.6284 0.3819, -0.3943 -0.6257 0.3819, -0.3934 -0.6198 0.3819, -0.3975 -0.6094 0.3819, -0.3999 -0.6077 0.3819, -0.3940 -0.6152 0.3819, -0.3950 -0.6125 0.3819, -0.3965 -0.6104 0.3819, -0.3936 -0.6223 0.3819, -0.4031 -0.6065 0.3819, -0.4031 -0.6065 0.3819
            ]
        }
        coordIndex [
            0 1 2 -1,3 4 5 -1,5 4 6 -1,5 6 2 -1,2 6 7 -1,2 7 0 -1,1 8 2 -1,2 8 9 -1,2 9 10 -1,11 12 13 -1,14 15 11 -1,11 15 16 -1,11 16 12 -1,10 17 2 -1,2 17 11 -1,2 11 18 -1,18 11 13 -1,
        ]
    }
}
Shape{
    appearance Appearance {
        material  Material {
            diffuseColor 1.0 1.0 1.0
            specularColor 0.5019607843137255 0.5019607843137255 0.5019607843137255
            ambientIntensity 0.2
            transparency 0
            shininess 0.5
        }
    }
    geometry IndexedFaceSet {
        ccw TRUE
        solid FALSE
        coord DEF co Coordinate {
            point [
                -0.3760 -0.6244 0.3858, -0.3775 -0.6285 0.3858, -0.3635 -0.6244 0.3858, -0.3621 -0.6285 0.3858, -0.3704 -0.6089 0.3858, -0.3722 -0.6016 0.3858, -0.3863 -0.6387 0.3858, -0.3811 -0.6387 0.3858, -0.3701 -0.6078 0.3858, -0.3698 -0.6063 0.3858, -0.3671 -0.6016 0.3858, -0.3697 -0.6063 0.3858, -0.3694 -0.6079 0.3858, -0.3691 -0.6089 0.3858, -0.3530 -0.6387 0.3858, -0.3583 -0.6387 0.3858, -0.3671 -0.6016 0.3819, -0.3530 -0.6387 0.3819, -0.3722 -0.6016 0.3819, -0.3863 -0.6387 0.3819, -0.3757 -0.6106 0.3819, -0.3811 -0.6387 0.3819, -0.3775 -0.6285 0.3819, -0.3621 -0.6285 0.3819, -0.3757 -0.6285 0.3819, -0.3583 -0.6387 0.3819, -0.3760 -0.6244 0.3819, -0.3635 -0.6244 0.3819, -0.3691 -0.6089 0.3819, -0.3697 -0.6063 0.3819, -0.3694 -0.6079 0.3819, -0.3698 -0.6063 0.3819, -0.3704 -0.6089 0.3819, -0.3701 -0.6078 0.3819, -0.3701 -0.6078 0.3819
            ]
        }
        coordIndex [
            0 1 2 -1,2 1 3 -1,4 5 0 -1,0 5 6 -1,0 6 1 -1,1 6 7 -1,4 8 5 -1,5 8 9 -1,5 9 10 -1,10 9 11 -1,10 11 12 -1,12 13 10 -1,10 13 2 -1,10 2 14 -1,14 2 3 -1,14 3 15 -1,10 14 16 -1,16 14 17 -1,5 10 18 -1,18 10 16 -1,19 6 20 -1,20 6 5 -1,20 5 18 -1,7 6 21 -1,21 6 19 -1,1 7 22 -1,22 7 21 -1,23 3 24 -1,24 3 1 -1,24 1 22 -1,15 3 25 -1,25 3 23 -1,14 15 17 -1,17 15 25 -1,0 2 26 -1,26 2 27 -1,2 13 27 -1,27 13 28 -1,11 29 30 -1,11 30 12 -1,12 30 28 -1,12 28 13 -1,11 9 29 -1,29 9 31 -1,4 32 33 -1,4 33 8 -1,8 33 31 -1,8 31 9 -1,4 0 32 -1,32 0 26 -1,
        ]
    }
}
Shape{
    appearance Appearance {
        material  Material {
            diffuseColor 0.2235294117647059 0.2235294117647059 0.2235294117647059
            specularColor 0.11372549019607843 0.11372549019607843 0.11372549019607843
            ambientIntensity 0.2
            transparency 0
            shininess 0.5
        }
    }
    geometry IndexedFaceSet {
        ccw TRUE
        solid FALSE
        coord DEF co Coordinate {
            point [
                -0.3697 -0.6063 0.3819, -0.3698 -0.6063 0.3819, -0.3694 -0.6079 0.3819, -0.3701 -0.6078 0.3819, -0.3691 -0.6089 0.3819, -0.3704 -0.6089 0.3819, -0.3635 -0.6244 0.3819, -0.3760 -0.6244 0.3819, -0.3760 -0.6244 0.3819
            ]
        }
        coordIndex [
            0 1 2 -1,2 1 3 -1,2 3 4 -1,4 3 5 -1,4 5 6 -1,6 5 7 -1,
        ]
    }
}
Shape{
    appearance Appearance {
        material  Material {
            diffuseColor 1.0 1.0 1.0
            specularColor 0.5019607843137255 0.5019607843137255 0.5019607843137255
            ambientIntensity 0.2
            transparency 0
            shininess 0.5
        }
    }
    geometry IndexedFaceSet {
        ccw TRUE
        solid FALSE
        coord DEF co Coordinate {
            point [
                -0.4818 -0.6933 0.3858, -0.4818 -0.6975 0.3858, -0.4818 -0.6933 0.3819, -0.4818 -0.6975 0.3819, -0.4970 -0.6933 0.3858, -0.4970 -0.6933 0.3819, -0.4970 -0.6808 0.3858, -0.4970 -0.6808 0.3819, -0.4837 -0.6808 0.3858, -0.4837 -0.6808 0.3819, -0.4837 -0.6765 0.3858, -0.4837 -0.6765 0.3819, -0.4970 -0.6765 0.3858, -0.4970 -0.6765 0.3819, -0.4970 -0.6647 0.3858, -0.4970 -0.6647 0.3819, -0.4827 -0.6647 0.3858, -0.4827 -0.6647 0.3819, -0.4827 -0.6604 0.3858, -0.4827 -0.6604 0.3819, -0.5018 -0.6604 0.3858, -0.5018 -0.6604 0.3819, -0.5018 -0.6975 0.3858, -0.5018 -0.6975 0.3819, -0.4607 -0.6975 0.3858, -0.4561 -0.6975 0.3858, -0.4607 -0.6934 0.3858, -0.4561 -0.6804 0.3858, -0.4669 -0.6850 0.3858, -0.4607 -0.6842 0.3858, -0.4607 -0.6867 0.3858, -0.4609 -0.6934 0.3858, -0.4633 -0.6927 0.3858, -0.4621 -0.6951 0.3858, -0.4646 -0.6936 0.3858, -0.4740 -0.6836 0.3858, -0.4754 -0.6848 0.3858, -0.4720 -0.6874 0.3858, -0.4607 -0.6870 0.3858, -0.4610 -0.6891 0.3858, -0.4617 -0.6908 0.3858, -0.4627 -0.6921 0.3858, -0.4748 -0.6729 0.3858, -0.4748 -0.6774 0.3858, -0.4738 -0.6723 0.3858, -0.4720 -0.6756 0.3858, -0.4704 -0.6710 0.3858, -0.4691 -0.6745 0.3858, -0.4657 -0.6704 0.3858, -0.4661 -0.6742 0.3858, -0.4628 -0.6707 0.3858, -0.4645 -0.6743 0.3858, -0.4609 -0.6713 0.3858, -0.4635 -0.6747 0.3858, -0.4593 -0.6722 0.3858, -0.4626 -0.6752 0.3858, -0.4581 -0.6734 0.3858, -0.4619 -0.6760 0.3858, -0.4572 -0.6749 0.3858, -0.4614 -0.6769 0.3858, -0.4564 -0.6770 0.3858, -0.4609 -0.6786 0.3858, -0.4607 -0.6807 0.3858, -0.4724 -0.6882 0.3858, -0.4764 -0.6861 0.3858, -0.4726 -0.6893 0.3858, -0.4686 -0.6818 0.3858, -0.4709 -0.6862 0.3858, -0.4698 -0.6857 0.3858, -0.4717 -0.6927 0.3858, -0.4751 -0.6960 0.3858, -0.4713 -0.6931 0.3858, -0.4735 -0.6971 0.3858, -0.4704 -0.6937 0.3858, -0.4718 -0.6978 0.3858, -0.4693 -0.6941 0.3858, -0.4690 -0.6981 0.3858, -0.4678 -0.6943 0.3858, -0.4663 -0.6978 0.3858, -0.4660 -0.6941 0.3858, -0.4645 -0.6971 0.3858, -0.4636 -0.6965 0.3858, -0.4714 -0.6867 0.3858, -0.4720 -0.6826 0.3858, -0.4770 -0.6877 0.3858, -0.4774 -0.6897 0.3858, -0.4727 -0.6900 0.3858, -0.4774 -0.6904 0.3858, -0.4725 -0.6911 0.3858, -0.4771 -0.6925 0.3858, -0.4722 -0.6919 0.3858, -0.4766 -0.6941 0.3858, -0.4756 -0.6955 0.3858, -0.4657 -0.6704 0.3819, -0.4704 -0.6710 0.3819, -0.4738 -0.6723 0.3819, -0.4748 -0.6729 0.3819, -0.4748 -0.6774 0.3819, -0.4720 -0.6756 0.3819, -0.4691 -0.6745 0.3819, -0.4661 -0.6742 0.3819, -0.4645 -0.6743 0.3819, -0.4635 -0.6747 0.3819, -0.4626 -0.6752 0.3819, -0.4619 -0.6760 0.3819, -0.4614 -0.6769 0.3819, -0.4609 -0.6786 0.3819, -0.4607 -0.6807 0.3819, -0.4686 -0.6818 0.3819, -0.4720 -0.6826 0.3819, -0.4740 -0.6836 0.3819, -0.4754 -0.6848 0.3819, -0.4764 -0.6861 0.3819, -0.4770 -0.6877 0.3819, -0.4774 -0.6897 0.3819, -0.4774 -0.6904 0.3819, -0.4771 -0.6925 0.3819, -0.4766 -0.6941 0.3819, -0.4756 -0.6955 0.3819, -0.4751 -0.6960 0.3819, -0.4690 -0.6981 0.3819, -0.4717 -0.6978 0.3819, -0.4718 -0.6978 0.3819, -0.4735 -0.6971 0.3819, -0.4665 -0.6978 0.3819, -0.4663 -0.6978 0.3819, -0.4645 -0.6971 0.3819, -0.4636 -0.6965 0.3819, -0.4621 -0.6951 0.3819, -0.4609 -0.6934 0.3819, -0.4607 -0.6934 0.3819, -0.4607 -0.6975 0.3819, -0.4561 -0.6975 0.3819, -0.4561 -0.6804 0.3819, -0.4564 -0.6770 0.3819, -0.4572 -0.6749 0.3819, -0.4581 -0.6734 0.3819, -0.4593 -0.6722 0.3819, -0.4609 -0.6713 0.3819, -0.4628 -0.6707 0.3819, -0.4714 -0.6867 0.3819, -0.4709 -0.6862 0.3819, -0.4698 -0.6857 0.3819, -0.4669 -0.6850 0.3819, -0.4727 -0.6900 0.3819, -0.4726 -0.6893 0.3819, -0.4724 -0.6882 0.3819, -0.4720 -0.6874 0.3819, -0.4713 -0.6931 0.3819, -0.4717 -0.6927 0.3819, -0.4722 -0.6919 0.3819, -0.4725 -0.6911 0.3819, -0.4678 -0.6943 0.3819, -0.4693 -0.6941 0.3819, -0.4704 -0.6937 0.3819, -0.4627 -0.6921 0.3819, -0.4633 -0.6927 0.3819, -0.4646 -0.6936 0.3819, -0.4660 -0.6941 0.3819, -0.4607 -0.6867 0.3819, -0.4607 -0.6870 0.3819, -0.4610 -0.6891 0.3819, -0.4617 -0.6908 0.3819, -0.4607 -0.6842 0.3819, -0.4607 -0.6842 0.3819
            ]
        }
        coordIndex [
            0 1 2 -1,2 1 3 -1,4 0 5 -1,5 0 2 -1,6 4 7 -1,7 4 5 -1,8 6 9 -1,9 6 7 -1,10 8 11 -1,11 8 9 -1,12 10 13 -1,13 10 11 -1,14 12 15 -1,15 12 13 -1,16 14 17 -1,17 14 15 -1,18 16 19 -1,19 16 17 -1,20 18 21 -1,21 18 19 -1,22 20 23 -1,23 20 21 -1,1 22 3 -1,3 22 23 -1,22 1 0 -1,0 4 22 -1,22 4 6 -1,22 6 20 -1,16 18 14 -1,14 18 20 -1,14 20 12 -1,12 20 6 -1,12 6 10 -1,10 6 8 -1,24 25 26 -1,26 25 27 -1,28 29 27 -1,27 29 30 -1,31 32 33 -1,33 32 34 -1,35 36 37 -1,30 38 27 -1,27 38 39 -1,27 39 26 -1,26 39 40 -1,26 40 31 -1,31 40 41 -1,31 41 32 -1,42 43 44 -1,44 43 45 -1,44 45 46 -1,46 45 47 -1,46 47 48 -1,48 47 49 -1,48 49 50 -1,50 49 51 -1,50 51 52 -1,52 51 53 -1,52 53 54 -1,54 53 55 -1,54 55 56 -1,56 55 57 -1,56 57 58 -1,58 57 59 -1,58 59 60 -1,60 59 61 -1,60 61 27 -1,27 61 62 -1,27 62 28 -1,37 36 63 -1,63 36 64 -1,63 64 65 -1,66 67 62 -1,62 67 68 -1,62 68 28 -1,69 70 71 -1,71 70 72 -1,71 72 73 -1,73 72 74 -1,73 74 75 -1,75 74 76 -1,75 76 77 -1,77 76 78 -1,77 78 79 -1,79 78 80 -1,79 80 34 -1,34 80 81 -1,34 81 33 -1,37 82 35 -1,35 82 67 -1,35 67 83 -1,83 67 66 -1,64 84 65 -1,65 84 85 -1,65 85 86 -1,86 85 87 -1,86 87 88 -1,88 87 89 -1,88 89 90 -1,90 89 91 -1,90 91 69 -1,69 91 92 -1,69 92 70 -1,48 93 94 -1,48 94 46 -1,46 94 95 -1,46 95 44 -1,44 95 96 -1,44 96 42 -1,43 42 97 -1,97 42 96 -1,43 97 98 -1,43 98 45 -1,45 98 99 -1,45 99 47 -1,47 99 100 -1,47 100 49 -1,49 100 101 -1,49 101 51 -1,51 101 102 -1,51 102 53 -1,53 102 103 -1,53 103 55 -1,55 103 104 -1,55 104 57 -1,57 104 105 -1,57 105 59 -1,59 105 106 -1,59 106 61 -1,61 106 107 -1,61 107 62 -1,66 62 108 -1,108 62 107 -1,66 108 109 -1,66 109 83 -1,83 109 110 -1,83 110 35 -1,35 110 111 -1,35 111 36 -1,36 111 112 -1,36 112 64 -1,64 112 113 -1,64 113 84 -1,84 113 114 -1,84 114 85 -1,85 114 115 -1,85 115 87 -1,87 115 116 -1,87 116 89 -1,89 116 117 -1,89 117 91 -1,91 117 118 -1,91 118 92 -1,92 118 119 -1,92 119 70 -1,120 76 121 -1,121 76 74 -1,121 74 122 -1,122 74 72 -1,122 72 123 -1,123 72 70 -1,123 70 119 -1,120 124 76 -1,76 124 78 -1,124 125 78 -1,78 125 126 -1,78 126 80 -1,80 126 127 -1,80 127 81 -1,81 127 128 -1,81 128 33 -1,33 128 129 -1,33 129 31 -1,26 31 130 -1,130 31 129 -1,24 26 131 -1,131 26 130 -1,25 24 132 -1,132 24 131 -1,27 25 133 -1,133 25 132 -1,27 133 134 -1,27 134 60 -1,60 134 135 -1,60 135 58 -1,58 135 136 -1,58 136 56 -1,56 136 137 -1,56 137 54 -1,54 137 138 -1,54 138 52 -1,52 138 139 -1,52 139 50 -1,50 139 93 -1,50 93 48 -1,82 140 141 -1,82 141 67 -1,67 141 142 -1,67 142 68 -1,68 142 143 -1,68 143 28 -1,86 144 145 -1,86 145 65 -1,65 145 146 -1,65 146 63 -1,63 146 147 -1,63 147 37 -1,37 147 140 -1,37 140 82 -1,71 148 149 -1,71 149 69 -1,69 149 150 -1,69 150 90 -1,90 150 151 -1,90 151 88 -1,88 151 144 -1,88 144 86 -1,77 152 153 -1,77 153 75 -1,75 153 154 -1,75 154 73 -1,73 154 148 -1,73 148 71 -1,41 155 156 -1,41 156 32 -1,32 156 157 -1,32 157 34 -1,34 157 158 -1,34 158 79 -1,79 158 152 -1,79 152 77 -1,30 159 160 -1,30 160 38 -1,38 160 161 -1,38 161 39 -1,39 161 162 -1,39 162 40 -1,40 162 155 -1,40 155 41 -1,30 29 159 -1,159 29 163 -1,29 28 163 -1,163 28 143 -1,
        ]
    }
}
Shape{
    appearance Appearance {
        material  Material {
            diffuseColor 0.2235294117647059 0.2235294117647059 0.2235294117647059
            specularColor 0.11372549019607843 0.11372549019607843 0.11372549019607843
            ambientIntensity 0.2
            transparency 0
            shininess 0.5
        }
    }
    geometry IndexedFaceSet {
        ccw TRUE
        solid FALSE
        coord DEF co Coordinate {
            point [
                -0.4607 -0.6870 0.3819, -0.4607 -0.6867 0.3819, -0.4714 -0.6867 0.3819, -0.4607 -0.6842 0.3819, -0.4669 -0.6850 0.3819, -0.4698 -0.6857 0.3819, -0.4709 -0.6862 0.3819, -0.4610 -0.6891 0.3819, -0.4720 -0.6874 0.3819, -0.4617 -0.6908 0.3819, -0.4717 -0.6927 0.3819, -0.4713 -0.6931 0.3819, -0.4633 -0.6927 0.3819, -0.4722 -0.6919 0.3819, -0.4646 -0.6936 0.3819, -0.4660 -0.6941 0.3819, -0.4678 -0.6943 0.3819, -0.4724 -0.6882 0.3819, -0.4726 -0.6893 0.3819, -0.4627 -0.6921 0.3819, -0.4727 -0.6900 0.3819, -0.4725 -0.6911 0.3819, -0.4704 -0.6937 0.3819, -0.4693 -0.6941 0.3819, -0.4693 -0.6941 0.3819
            ]
        }
        coordIndex [
            0 1 2 -1,1 3 4 -1,4 5 1 -1,1 5 6 -1,1 6 2 -1,0 2 7 -1,7 2 8 -1,7 8 9 -1,10 11 12 -1,10 12 13 -1,14 12 15 -1,15 12 16 -1,8 17 9 -1,9 17 18 -1,9 18 19 -1,19 18 20 -1,19 20 12 -1,12 20 21 -1,12 21 13 -1,11 22 12 -1,12 22 23 -1,12 23 16 -1,
        ]
    }
}
Shape{
    appearance Appearance {
        material  Material {
            diffuseColor 1.0 1.0 1.0
            specularColor 0.5019607843137255 0.5019607843137255 0.5019607843137255
            ambientIntensity 0.2
            transparency 0
            shininess 0.5
        }
    }
    geometry IndexedFaceSet {
        ccw TRUE
        solid FALSE
        coord DEF co Coordinate {
            point [
                -0.4498 -0.6918 0.3819, -0.4498 -0.6918 0.3858, -0.4480 -0.6929 0.3858, -0.4422 -0.6943 0.3858, -0.4422 -0.6943 0.3819, -0.4450 -0.6940 0.3819, -0.4450 -0.6940 0.3858, -0.4477 -0.6930 0.3819, -0.4480 -0.6929 0.3819, -0.4498 -0.6966 0.3858, -0.4498 -0.6966 0.3819, -0.4477 -0.6973 0.3819, -0.4470 -0.6976 0.3858, -0.4426 -0.6981 0.3819, -0.4426 -0.6981 0.3858, -0.4453 -0.6978 0.3819, -0.4470 -0.6976 0.3819, -0.4400 -0.6978 0.3819, -0.4385 -0.6976 0.3858, -0.4385 -0.6976 0.3819, -0.4360 -0.6967 0.3819, -0.4360 -0.6967 0.3858, -0.4349 -0.6960 0.3819, -0.4349 -0.6960 0.3858, -0.4336 -0.6948 0.3819, -0.4336 -0.6948 0.3858, -0.4327 -0.6936 0.3819, -0.4327 -0.6936 0.3858, -0.4322 -0.6921 0.3819, -0.4322 -0.6921 0.3858, -0.4319 -0.6903 0.3819, -0.4319 -0.6903 0.3858, -0.4321 -0.6886 0.3819, -0.4321 -0.6886 0.3858, -0.4326 -0.6872 0.3819, -0.4326 -0.6872 0.3858, -0.4335 -0.6859 0.3819, -0.4335 -0.6859 0.3858, -0.4346 -0.6849 0.3819, -0.4346 -0.6849 0.3858, -0.4377 -0.6832 0.3819, -0.4377 -0.6832 0.3858, -0.4395 -0.6825 0.3819, -0.4395 -0.6825 0.3858, -0.4423 -0.6812 0.3819, -0.4423 -0.6812 0.3858, -0.4440 -0.6802 0.3819, -0.4440 -0.6802 0.3858, -0.4444 -0.6797 0.3819, -0.4444 -0.6797 0.3858, -0.4448 -0.6791 0.3819, -0.4448 -0.6791 0.3858, -0.4450 -0.6784 0.3819, -0.4450 -0.6784 0.3858, -0.4450 -0.6777 0.3819, -0.4450 -0.6777 0.3858, -0.4449 -0.6770 0.3819, -0.4449 -0.6770 0.3858, -0.4447 -0.6764 0.3819, -0.4447 -0.6764 0.3858, -0.4443 -0.6758 0.3819, -0.4443 -0.6758 0.3858, -0.4436 -0.6752 0.3819, -0.4436 -0.6752 0.3858, -0.4425 -0.6746 0.3819, -0.4425 -0.6746 0.3858, -0.4413 -0.6743 0.3819, -0.4413 -0.6743 0.3858, -0.4399 -0.6742 0.3819, -0.4399 -0.6742 0.3858, -0.4369 -0.6745 0.3819, -0.4369 -0.6745 0.3858, -0.4343 -0.6755 0.3819, -0.4343 -0.6755 0.3858, -0.4332 -0.6761 0.3819, -0.4332 -0.6761 0.3858, -0.4332 -0.6716 0.3858, -0.4332 -0.6716 0.3819, -0.4362 -0.6707 0.3819, -0.4362 -0.6707 0.3858, -0.4395 -0.6704 0.3819, -0.4395 -0.6704 0.3858, -0.4427 -0.6707 0.3819, -0.4427 -0.6707 0.3858, -0.4453 -0.6716 0.3819, -0.4453 -0.6716 0.3858, -0.4468 -0.6725 0.3819, -0.4468 -0.6725 0.3858, -0.4477 -0.6733 0.3819, -0.4482 -0.6737 0.3858, -0.4482 -0.6737 0.3819, -0.4490 -0.6750 0.3819, -0.4490 -0.6750 0.3858, -0.4496 -0.6765 0.3819, -0.4496 -0.6765 0.3858, -0.4498 -0.6782 0.3819, -0.4498 -0.6782 0.3858, -0.4496 -0.6800 0.3819, -0.4496 -0.6800 0.3858, -0.4491 -0.6814 0.3819, -0.4491 -0.6814 0.3858, -0.4485 -0.6823 0.3819, -0.4485 -0.6823 0.3858, -0.4428 -0.6858 0.3819, -0.4428 -0.6858 0.3858, -0.4455 -0.6846 0.3858, -0.4477 -0.6831 0.3819, -0.4477 -0.6831 0.3858, -0.4477 -0.6832 0.3819, -0.4455 -0.6846 0.3819, -0.4385 -0.6878 0.3819, -0.4385 -0.6878 0.3858, -0.4379 -0.6882 0.3819, -0.4379 -0.6882 0.3858, -0.4373 -0.6888 0.3819, -0.4373 -0.6888 0.3858, -0.4370 -0.6894 0.3819, -0.4370 -0.6894 0.3858, -0.4367 -0.6902 0.3819, -0.4367 -0.6902 0.3858, -0.4367 -0.6907 0.3819, -0.4367 -0.6907 0.3858, -0.4368 -0.6916 0.3819, -0.4368 -0.6916 0.3858, -0.4370 -0.6923 0.3819, -0.4370 -0.6923 0.3858, -0.4374 -0.6929 0.3819, -0.4374 -0.6929 0.3858, -0.4380 -0.6934 0.3819, -0.4380 -0.6934 0.3858, -0.4384 -0.6936 0.3819, -0.4384 -0.6936 0.3858, -0.4396 -0.6941 0.3819, -0.4396 -0.6941 0.3858, -0.4420 -0.6943 0.3819, -0.4420 -0.6943 0.3858, -0.4089 -0.6710 0.3858, -0.4041 -0.6710 0.3858, -0.4089 -0.6710 0.3819, -0.4041 -0.6710 0.3819, -0.4161 -0.6909 0.3858, -0.4161 -0.6909 0.3819, -0.4165 -0.6922 0.3819, -0.4165 -0.6922 0.3858, -0.4167 -0.6931 0.3819, -0.4167 -0.6931 0.3858, -0.4168 -0.6931 0.3858, -0.4168 -0.6931 0.3819, -0.4174 -0.6909 0.3858, -0.4174 -0.6909 0.3819, -0.4243 -0.6710 0.3858, -0.4221 -0.6775 0.3819, -0.4243 -0.6710 0.3819, -0.4295 -0.6710 0.3858, -0.4295 -0.6710 0.3819, -0.4191 -0.6974 0.3858, -0.4221 -0.6899 0.3819, -0.4191 -0.6974 0.3819, -0.4212 -0.7022 0.3819, -0.4212 -0.7022 0.3858, -0.4193 -0.6978 0.3819, -0.4221 -0.7039 0.3819, -0.4221 -0.7039 0.3858, -0.4221 -0.7039 0.3819, -0.4230 -0.7049 0.3819, -0.4230 -0.7049 0.3858, -0.4237 -0.7054 0.3819, -0.4237 -0.7054 0.3858, -0.4248 -0.7058 0.3819, -0.4248 -0.7058 0.3858, -0.4259 -0.7060 0.3819, -0.4259 -0.7060 0.3858, -0.4276 -0.7058 0.3819, -0.4276 -0.7058 0.3858, -0.4286 -0.7054 0.3819, -0.4286 -0.7054 0.3858, -0.4286 -0.7096 0.3858, -0.4286 -0.7096 0.3819, -0.4266 -0.7099 0.3819, -0.4266 -0.7099 0.3858, -0.4256 -0.7100 0.3819, -0.4256 -0.7100 0.3858, -0.4237 -0.7097 0.3819, -0.4237 -0.7097 0.3858, -0.4221 -0.7091 0.3819, -0.4219 -0.7090 0.3858, -0.4219 -0.7090 0.3819, -0.4202 -0.7079 0.3819, -0.4202 -0.7079 0.3858, -0.4199 -0.7076 0.3819, -0.4199 -0.7076 0.3858, -0.4182 -0.7056 0.3819, -0.4182 -0.7056 0.3858, -0.4161 -0.7015 0.3819, -0.4161 -0.7015 0.3858, -0.4147 -0.6978 0.3819, -0.3792 -0.6933 0.3858, -0.3792 -0.6975 0.3858, -0.3792 -0.6933 0.3819, -0.3792 -0.6975 0.3819, -0.3943 -0.6933 0.3858, -0.3874 -0.6933 0.3819, -0.3943 -0.6933 0.3819, -0.3943 -0.6808 0.3858, -0.3943 -0.6808 0.3819, -0.3811 -0.6808 0.3858, -0.3874 -0.6808 0.3819, -0.3811 -0.6808 0.3819, -0.3811 -0.6765 0.3858, -0.3811 -0.6765 0.3819, -0.3943 -0.6765 0.3819, -0.3943 -0.6765 0.3858, -0.3874 -0.6765 0.3819, -0.3943 -0.6647 0.3858, -0.3943 -0.6647 0.3819, -0.3800 -0.6647 0.3819, -0.3800 -0.6647 0.3858, -0.3874 -0.6647 0.3819, -0.3800 -0.6604 0.3858, -0.3800 -0.6604 0.3819, -0.3991 -0.6604 0.3819, -0.3991 -0.6604 0.3858, -0.3874 -0.6604 0.3819, -0.3991 -0.6975 0.3858, -0.3991 -0.6975 0.3819, -0.3874 -0.6975 0.3819, -0.3476 -0.6923 0.3858, -0.3514 -0.6898 0.3858, -0.3514 -0.6951 0.3858, -0.3538 -0.6915 0.3858, -0.3557 -0.6967 0.3858, -0.3569 -0.6926 0.3858, -0.3620 -0.6975 0.3858, -0.3620 -0.6933 0.3858, -0.3722 -0.6975 0.3858, -0.3674 -0.6933 0.3858, -0.3722 -0.6604 0.3858, -0.3674 -0.6647 0.3858, -0.3616 -0.6604 0.3858, -0.3618 -0.6647 0.3858, -0.3614 -0.6647 0.3858, -0.3559 -0.6610 0.3858, -0.3567 -0.6653 0.3858, -0.3514 -0.6627 0.3858, -0.3535 -0.6665 0.3858, -0.3476 -0.6653 0.3858, -0.3511 -0.6682 0.3858, -0.3463 -0.6666 0.3858, -0.3500 -0.6692 0.3858, -0.3440 -0.6698 0.3858, -0.3486 -0.6713 0.3858, -0.3426 -0.6734 0.3858, -0.3476 -0.6740 0.3858, -0.3420 -0.6785 0.3858, -0.3470 -0.6786 0.3858, -0.3421 -0.6808 0.3858, -0.3472 -0.6811 0.3858, -0.3430 -0.6852 0.3858, -0.3479 -0.6845 0.3858, -0.3448 -0.6890 0.3858, -0.3492 -0.6872 0.3858, -0.3510 -0.6894 0.3858, -0.3620 -0.6975 0.3819, -0.3722 -0.6975 0.3819, -0.3557 -0.6967 0.3819, -0.3514 -0.6951 0.3819, -0.3476 -0.6923 0.3819, -0.3448 -0.6890 0.3819, -0.3430 -0.6852 0.3819, -0.3421 -0.6808 0.3819, -0.3420 -0.6785 0.3819, -0.3426 -0.6734 0.3819, -0.3440 -0.6698 0.3819, -0.3463 -0.6666 0.3819, -0.3476 -0.6653 0.3819, -0.3514 -0.6627 0.3819, -0.3559 -0.6610 0.3819, -0.3616 -0.6604 0.3819, -0.3722 -0.6604 0.3819, -0.3618 -0.6647 0.3819, -0.3674 -0.6647 0.3819, -0.3674 -0.6933 0.3819, -0.3620 -0.6933 0.3819, -0.3510 -0.6894 0.3819, -0.3514 -0.6898 0.3819, -0.3538 -0.6915 0.3819, -0.3569 -0.6926 0.3819, -0.3470 -0.6786 0.3819, -0.3472 -0.6811 0.3819, -0.3479 -0.6845 0.3819, -0.3492 -0.6872 0.3819, -0.3511 -0.6682 0.3819, -0.3500 -0.6692 0.3819, -0.3486 -0.6713 0.3819, -0.3476 -0.6740 0.3819, -0.3614 -0.6647 0.3819, -0.3567 -0.6653 0.3819, -0.3535 -0.6665 0.3819, -0.3535 -0.6665 0.3819
            ]
        }
        coordIndex [
            0 1 2 -1,3 4 5 -1,3 5 6 -1,6 5 7 -1,6 7 2 -1,2 7 8 -1,2 8 0 -1,9 1 10 -1,10 1 0 -1,10 11 9 -1,9 11 12 -1,13 14 15 -1,15 14 12 -1,15 12 16 -1,16 12 11 -1,13 17 14 -1,14 17 18 -1,17 19 18 -1,18 19 20 -1,18 20 21 -1,21 20 22 -1,21 22 23 -1,23 22 24 -1,23 24 25 -1,25 24 26 -1,25 26 27 -1,27 26 28 -1,27 28 29 -1,29 28 30 -1,29 30 31 -1,31 30 32 -1,31 32 33 -1,33 32 34 -1,33 34 35 -1,35 34 36 -1,35 36 37 -1,37 36 38 -1,37 38 39 -1,39 38 40 -1,39 40 41 -1,41 40 42 -1,41 42 43 -1,43 42 44 -1,43 44 45 -1,45 44 46 -1,45 46 47 -1,47 46 48 -1,47 48 49 -1,49 48 50 -1,49 50 51 -1,51 50 52 -1,51 52 53 -1,53 52 54 -1,53 54 55 -1,55 54 56 -1,55 56 57 -1,57 56 58 -1,57 58 59 -1,59 58 60 -1,59 60 61 -1,61 60 62 -1,61 62 63 -1,63 62 64 -1,63 64 65 -1,65 64 66 -1,65 66 67 -1,67 66 68 -1,67 68 69 -1,69 68 70 -1,69 70 71 -1,71 70 72 -1,71 72 73 -1,73 72 74 -1,73 74 75 -1,76 75 77 -1,77 75 74 -1,76 77 78 -1,76 78 79 -1,79 78 80 -1,79 80 81 -1,81 80 82 -1,81 82 83 -1,83 82 84 -1,83 84 85 -1,85 84 86 -1,85 86 87 -1,86 88 87 -1,87 88 89 -1,88 90 89 -1,89 90 91 -1,89 91 92 -1,92 91 93 -1,92 93 94 -1,94 93 95 -1,94 95 96 -1,96 95 97 -1,96 97 98 -1,98 97 99 -1,98 99 100 -1,100 99 101 -1,100 101 102 -1,103 104 105 -1,102 101 106 -1,102 106 107 -1,107 106 108 -1,107 108 105 -1,105 108 109 -1,105 109 103 -1,104 103 110 -1,104 110 111 -1,111 110 112 -1,111 112 113 -1,113 112 114 -1,113 114 115 -1,115 114 116 -1,115 116 117 -1,117 116 118 -1,117 118 119 -1,119 118 120 -1,119 120 121 -1,121 120 122 -1,121 122 123 -1,123 122 124 -1,123 124 125 -1,125 124 126 -1,125 126 127 -1,127 126 128 -1,127 128 129 -1,129 128 130 -1,129 130 131 -1,131 130 132 -1,131 132 133 -1,133 132 134 -1,133 134 135 -1,135 134 4 -1,135 4 3 -1,61 63 85 -1,85 63 83 -1,14 3 12 -1,12 3 6 -1,12 6 9 -1,9 6 2 -1,9 2 1 -1,127 129 21 -1,21 129 131 -1,21 131 18 -1,18 131 133 -1,18 133 14 -1,14 133 135 -1,14 135 3 -1,63 65 83 -1,83 65 67 -1,83 67 81 -1,81 67 69 -1,81 69 79 -1,79 69 71 -1,79 71 76 -1,76 71 73 -1,76 73 75 -1,85 87 61 -1,61 87 89 -1,61 89 59 -1,59 89 92 -1,59 92 57 -1,57 92 94 -1,57 94 55 -1,55 94 96 -1,55 96 53 -1,53 96 98 -1,53 98 51 -1,51 98 100 -1,51 100 49 -1,49 100 102 -1,49 102 47 -1,47 102 107 -1,47 107 45 -1,45 107 105 -1,45 105 43 -1,43 105 104 -1,43 104 41 -1,41 104 111 -1,41 111 39 -1,39 111 113 -1,39 113 37 -1,37 113 115 -1,37 115 35 -1,35 115 117 -1,35 117 33 -1,33 117 119 -1,33 119 31 -1,31 119 121 -1,31 121 29 -1,29 121 123 -1,29 123 27 -1,27 123 125 -1,27 125 25 -1,25 125 127 -1,25 127 23 -1,23 127 21 -1,136 137 138 -1,138 137 139 -1,140 136 141 -1,141 136 138 -1,140 141 142 -1,140 142 143 -1,143 142 144 -1,143 144 145 -1,146 145 147 -1,147 145 144 -1,148 146 149 -1,149 146 147 -1,148 149 150 -1,150 149 151 -1,150 151 152 -1,153 150 154 -1,154 150 152 -1,153 154 155 -1,155 154 156 -1,155 156 157 -1,158 159 160 -1,160 159 155 -1,160 155 157 -1,158 161 159 -1,159 161 162 -1,161 163 162 -1,162 163 164 -1,162 164 165 -1,165 164 166 -1,165 166 167 -1,167 166 168 -1,167 168 169 -1,169 168 170 -1,169 170 171 -1,171 170 172 -1,171 172 173 -1,173 172 174 -1,173 174 175 -1,176 175 177 -1,177 175 174 -1,176 177 178 -1,176 178 179 -1,179 178 180 -1,179 180 181 -1,181 180 182 -1,181 182 183 -1,183 182 184 -1,183 184 185 -1,184 186 185 -1,185 186 187 -1,185 187 188 -1,188 187 189 -1,188 189 190 -1,190 189 191 -1,190 191 192 -1,192 191 193 -1,192 193 194 -1,139 137 195 -1,195 137 194 -1,195 194 193 -1,143 145 194 -1,137 136 194 -1,194 136 140 -1,194 140 143 -1,150 153 148 -1,148 153 155 -1,148 155 146 -1,175 176 173 -1,173 176 179 -1,173 179 171 -1,171 179 181 -1,171 181 169 -1,169 181 183 -1,169 183 167 -1,167 183 185 -1,167 185 165 -1,145 146 194 -1,194 146 155 -1,194 155 192 -1,155 159 192 -1,192 159 162 -1,192 162 190 -1,190 162 165 -1,190 165 188 -1,188 165 185 -1,196 197 198 -1,198 197 199 -1,196 198 200 -1,200 198 201 -1,200 201 202 -1,203 200 204 -1,204 200 202 -1,203 204 205 -1,205 204 206 -1,205 206 207 -1,208 205 209 -1,209 205 207 -1,210 211 212 -1,212 211 208 -1,212 208 209 -1,213 211 214 -1,214 211 210 -1,215 216 217 -1,217 216 213 -1,217 213 214 -1,218 216 219 -1,219 216 215 -1,220 221 222 -1,222 221 218 -1,222 218 219 -1,223 221 224 -1,224 221 220 -1,223 224 197 -1,197 224 225 -1,197 225 199 -1,223 197 196 -1,196 200 223 -1,223 200 203 -1,223 203 221 -1,216 218 213 -1,213 218 221 -1,213 221 211 -1,211 221 203 -1,211 203 208 -1,208 203 205 -1,226 227 228 -1,228 227 229 -1,228 229 230 -1,230 229 231 -1,230 231 232 -1,232 231 233 -1,232 233 234 -1,234 233 235 -1,234 235 236 -1,236 235 237 -1,236 237 238 -1,237 239 238 -1,238 239 240 -1,238 240 241 -1,241 240 242 -1,241 242 243 -1,243 242 244 -1,243 244 245 -1,245 244 246 -1,245 246 247 -1,247 246 248 -1,247 248 249 -1,249 248 250 -1,249 250 251 -1,251 250 252 -1,251 252 253 -1,253 252 254 -1,253 254 255 -1,255 254 256 -1,255 256 257 -1,257 256 258 -1,257 258 259 -1,259 258 260 -1,259 260 226 -1,226 260 261 -1,226 261 227 -1,232 234 262 -1,262 234 263 -1,232 262 264 -1,232 264 230 -1,230 264 265 -1,230 265 228 -1,228 265 266 -1,228 266 226 -1,226 266 267 -1,226 267 259 -1,259 267 268 -1,259 268 257 -1,257 268 269 -1,257 269 255 -1,255 269 270 -1,255 270 253 -1,253 270 271 -1,253 271 251 -1,251 271 272 -1,251 272 249 -1,249 272 273 -1,249 273 247 -1,247 273 274 -1,247 274 245 -1,245 274 275 -1,245 275 243 -1,243 275 276 -1,243 276 241 -1,241 276 277 -1,241 277 238 -1,236 238 278 -1,278 238 277 -1,234 236 263 -1,263 236 278 -1,239 237 279 -1,279 237 280 -1,237 235 280 -1,280 235 281 -1,235 233 281 -1,281 233 282 -1,261 283 284 -1,261 284 227 -1,227 284 285 -1,227 285 229 -1,229 285 286 -1,229 286 231 -1,231 286 282 -1,231 282 233 -1,254 287 288 -1,254 288 256 -1,256 288 289 -1,256 289 258 -1,258 289 290 -1,258 290 260 -1,260 290 283 -1,260 283 261 -1,246 291 292 -1,246 292 248 -1,248 292 293 -1,248 293 250 -1,250 293 294 -1,250 294 252 -1,252 294 287 -1,252 287 254 -1,239 279 295 -1,239 295 240 -1,240 295 296 -1,240 296 242 -1,242 296 297 -1,242 297 244 -1,244 297 291 -1,244 291 246 -1,
        ]
    }
}
Shape{
    appearance Appearance {
        material  Material {
            diffuseColor 0.2235294117647059 0.2235294117647059 0.2235294117647059
            specularColor 0.11372549019607843 0.11372549019607843 0.11372549019607843
            ambientIntensity 0.2
            transparency 0
            shininess 0.5
        }
    }
    geometry IndexedFaceSet {
        ccw TRUE
        solid FALSE
        coord DEF co Coordinate {
            point [
                -0.3538 -0.6915 0.3819, -0.3514 -0.6898 0.3819, -0.3614 -0.6647 0.3819, -0.3674 -0.6647 0.3819, -0.3674 -0.6933 0.3819, -0.3618 -0.6647 0.3819, -0.3620 -0.6933 0.3819, -0.3569 -0.6926 0.3819, -0.3510 -0.6894 0.3819, -0.3492 -0.6872 0.3819, -0.3479 -0.6845 0.3819, -0.3470 -0.6786 0.3819, -0.3511 -0.6682 0.3819, -0.3535 -0.6665 0.3819, -0.3476 -0.6740 0.3819, -0.3486 -0.6713 0.3819, -0.3500 -0.6692 0.3819, -0.3472 -0.6811 0.3819, -0.3567 -0.6653 0.3819, -0.3567 -0.6653 0.3819
            ]
        }
        coordIndex [
            0 1 2 -1,3 4 5 -1,5 4 6 -1,5 6 2 -1,2 6 7 -1,2 7 0 -1,1 8 2 -1,2 8 9 -1,2 9 10 -1,11 12 13 -1,14 15 11 -1,11 15 16 -1,11 16 12 -1,10 17 2 -1,2 17 11 -1,2 11 18 -1,18 11 13 -1,
        ]
    }
}
Shape{
    appearance Appearance {
        material  Material {
            diffuseColor 1.0 1.0 1.0
            specularColor 0.5019607843137255 0.5019607843137255 0.5019607843137255
            ambientIntensity 0.2
            transparency 0
            shininess 0.5
        }
    }
    geometry IndexedFaceSet {
        ccw TRUE
        solid FALSE
        coord DEF co Coordinate {
            point [
                -0.3296 -0.6832 0.3858, -0.3311 -0.6873 0.3858, -0.3171 -0.6832 0.3858, -0.3156 -0.6873 0.3858, -0.3240 -0.6678 0.3858, -0.3258 -0.6604 0.3858, -0.3399 -0.6975 0.3858, -0.3346 -0.6975 0.3858, -0.3237 -0.6666 0.3858, -0.3234 -0.6652 0.3858, -0.3207 -0.6604 0.3858, -0.3233 -0.6652 0.3858, -0.3230 -0.6667 0.3858, -0.3227 -0.6678 0.3858, -0.3066 -0.6975 0.3858, -0.3119 -0.6975 0.3858, -0.3207 -0.6604 0.3819, -0.3066 -0.6975 0.3819, -0.3258 -0.6604 0.3819, -0.3399 -0.6975 0.3819, -0.3346 -0.6975 0.3819, -0.3311 -0.6873 0.3819, -0.3156 -0.6873 0.3819, -0.3119 -0.6975 0.3819, -0.3296 -0.6832 0.3819, -0.3171 -0.6832 0.3819, -0.3227 -0.6678 0.3819, -0.3233 -0.6652 0.3819, -0.3230 -0.6667 0.3819, -0.3234 -0.6652 0.3819, -0.3240 -0.6678 0.3819, -0.3237 -0.6666 0.3819, -0.3237 -0.6666 0.3819
            ]
        }
        coordIndex [
            0 1 2 -1,2 1 3 -1,4 5 0 -1,0 5 6 -1,0 6 1 -1,1 6 7 -1,4 8 5 -1,5 8 9 -1,5 9 10 -1,10 9 11 -1,10 11 12 -1,12 13 10 -1,10 13 2 -1,10 2 14 -1,14 2 3 -1,14 3 15 -1,10 14 16 -1,16 14 17 -1,5 10 18 -1,18 10 16 -1,6 5 19 -1,19 5 18 -1,7 6 20 -1,20 6 19 -1,1 7 21 -1,21 7 20 -1,3 1 22 -1,22 1 21 -1,15 3 23 -1,23 3 22 -1,14 15 17 -1,17 15 23 -1,0 2 24 -1,24 2 25 -1,2 13 25 -1,25 13 26 -1,11 27 28 -1,11 28 12 -1,12 28 26 -1,12 26 13 -1,11 9 27 -1,27 9 29 -1,4 30 31 -1,4 31 8 -1,8 31 29 -1,8 29 9 -1,4 0 30 -1,30 0 24 -1,
        ]
    }
}
Shape{
    appearance Appearance {
        material  Material {
            diffuseColor 0.2235294117647059 0.2235294117647059 0.2235294117647059
            specularColor 0.11372549019607843 0.11372549019607843 0.11372549019607843
            ambientIntensity 0.2
            transparency 0
            shininess 0.5
        }
    }
    geometry IndexedFaceSet {
        ccw TRUE
        solid FALSE
        coord DEF co Coordinate {
            point [
                -0.3233 -0.6652 0.3819, -0.3234 -0.6652 0.3819, -0.3230 -0.6667 0.3819, -0.3237 -0.6666 0.3819, -0.3227 -0.6678 0.3819, -0.3240 -0.6678 0.3819, -0.3171 -0.6832 0.3819, -0.3296 -0.6832 0.3819, -0.3296 -0.6832 0.3819
            ]
        }
        coordIndex [
            0 1 2 -1,2 1 3 -1,2 3 4 -1,4 3 5 -1,4 5 6 -1,6 5 7 -1,
        ]
    }
}
Shape{
    appearance Appearance {
        material  Material {
            diffuseColor 1.0 1.0 1.0
            specularColor 0.5019607843137255 0.5019607843137255 0.5019607843137255
            ambientIntensity 0.2
            transparency 0
            shininess 0.5
        }
    }
    geometry IndexedFaceSet {
        ccw TRUE
        solid FALSE
        coord DEF co Coordinate {
            point [
                -0.6655 -0.7027 0.3858, -0.6615 -0.7076 0.3858, -0.6678 -0.6794 0.3858, -0.6724 -0.6336 0.3858, -0.6666 -0.6305 0.3858, -0.6679 -0.6143 0.3858, -0.6515 -0.6135 0.3858, -0.6433 -0.6328 0.3858, -0.6393 -0.6244 0.3858, -0.6167 -0.6887 0.3858, -0.6167 -0.6860 0.3858, -0.6391 -0.6796 0.3858, -0.6416 -0.6788 0.3858, -0.6736 -0.6759 0.3858, -0.6714 -0.6961 0.3858, -0.6681 -0.6971 0.3858, -0.6576 -0.6130 0.3858, -0.6351 -0.6827 0.3858, -0.6339 -0.6849 0.3858, -0.6169 -0.6914 0.3858, -0.5798 -0.6665 0.3858, -0.5880 -0.6525 0.3858, -0.6233 -0.6710 0.3858, -0.6433 -0.6786 0.3858, -0.6459 -0.6790 0.3858, -0.6494 -0.6628 0.3858, -0.6482 -0.6798 0.3858, -0.6552 -0.6650 0.3858, -0.6502 -0.6813 0.3858, -0.6606 -0.6688 0.3858, -0.6514 -0.6826 0.3858, -0.6649 -0.6738 0.3858, -0.6528 -0.6848 0.3858, -0.6535 -0.6873 0.3858, -0.6536 -0.6899 0.3858, -0.6335 -0.6638 0.3858, -0.6399 -0.6622 0.3858, -0.6431 -0.6620 0.3858, -0.6369 -0.6809 0.3858, -0.5711 -0.6404 0.3858, -0.5690 -0.6404 0.3858, -0.5582 -0.6262 0.3858, -0.5640 -0.6410 0.3858, -0.5569 -0.6266 0.3858, -0.5594 -0.6428 0.3858, -0.5491 -0.6305 0.3858, -0.5419 -0.6366 0.3858, -0.6461 -0.6072 0.3858, -0.6334 -0.6174 0.3858, -0.6399 -0.6019 0.3858, -0.6263 -0.6122 0.3858, -0.6325 -0.5974 0.3858, -0.6600 -0.6290 0.3858, -0.6573 -0.6288 0.3858, -0.6545 -0.6132 0.3858, -0.6511 -0.6296 0.3858, -0.6452 -0.6317 0.3858, -0.6530 -0.6923 0.3858, -0.6519 -0.6945 0.3858, -0.6279 -0.6668 0.3858, -0.5419 -0.6858 0.3858, -0.5542 -0.6753 0.3858, -0.5490 -0.6918 0.3858, -0.5581 -0.6785 0.3858, -0.5571 -0.6958 0.3858, -0.5627 -0.6806 0.3858, -0.5658 -0.6976 0.3858, -0.5674 -0.6815 0.3858, -0.5814 -0.6976 0.3858, -0.5793 -0.6815 0.3858, -0.5829 -0.6974 0.3858, -0.5553 -0.6457 0.3858, -0.5523 -0.6491 0.3858, -0.5365 -0.6441 0.3858, -0.5498 -0.6536 0.3858, -0.5333 -0.6521 0.3858, -0.5486 -0.6587 0.3858, -0.5321 -0.6607 0.3858, -0.5485 -0.6610 0.3858, -0.5333 -0.6701 0.3858, -0.5491 -0.6661 0.3858, -0.5366 -0.6785 0.3858, -0.5509 -0.6708 0.3858, -0.5538 -0.6749 0.3858, -0.5724 -0.6054 0.3858, -0.5827 -0.6175 0.3858, -0.5634 -0.6160 0.3858, -0.5768 -0.6246 0.3858, -0.5727 -0.6331 0.3858, -0.6829 -0.6488 0.3858, -0.7002 -0.6532 0.3858, -0.6837 -0.6552 0.3858, -0.7003 -0.6557 0.3858, -0.6833 -0.6592 0.3858, -0.6990 -0.6660 0.3858, -0.6815 -0.6657 0.3858, -0.6952 -0.6758 0.3858, -0.6783 -0.6710 0.3858, -0.6892 -0.6844 0.3858, -0.6810 -0.6915 0.3858, -0.6203 -0.5930 0.3858, -0.6177 -0.6087 0.3858, -0.6083 -0.5917 0.3858, -0.6080 -0.6075 0.3858, -0.5959 -0.5932 0.3858, -0.5991 -0.6086 0.3858, -0.5828 -0.5982 0.3858, -0.5908 -0.6117 0.3858, -0.5834 -0.6169 0.3858, -0.6777 -0.6181 0.3858, -0.6861 -0.6240 0.3858, -0.6770 -0.6377 0.3858, -0.6879 -0.6257 0.3858, -0.6806 -0.6429 0.3858, -0.6942 -0.6338 0.3858, -0.6984 -0.6433 0.3858, -0.6332 -0.6872 0.3858, -0.6331 -0.6898 0.3858, -0.6184 -0.6979 0.3858, -0.6337 -0.6924 0.3858, -0.6215 -0.7038 0.3858, -0.6348 -0.6947 0.3858, -0.6256 -0.7083 0.3858, -0.6365 -0.6966 0.3858, -0.6308 -0.7120 0.3858, -0.6385 -0.6980 0.3858, -0.6367 -0.7142 0.3858, -0.6408 -0.6989 0.3858, -0.6431 -0.7150 0.3858, -0.6433 -0.6992 0.3858, -0.6441 -0.7150 0.3858, -0.6438 -0.6992 0.3858, -0.6503 -0.7140 0.3858, -0.6462 -0.6988 0.3858, -0.6564 -0.7115 0.3858, -0.6485 -0.6978 0.3858, -0.6506 -0.6962 0.3858, -0.5806 -0.6813 0.3858, -0.5869 -0.6948 0.3858, -0.5863 -0.6955 0.3858, -0.5798 -0.6815 0.3858, -0.5846 -0.6967 0.3858, -0.5890 -0.6894 0.3858, -0.5888 -0.6914 0.3858, -0.5881 -0.6932 0.3858, -0.5829 -0.6815 0.3858, -0.5847 -0.6823 0.3858, -0.5890 -0.6884 0.3858, -0.5863 -0.6834 0.3858, -0.5874 -0.6846 0.3858, -0.5884 -0.6864 0.3858, -0.5809 -0.6813 0.3858, -0.5402 -0.6390 0.3819, -0.5365 -0.6441 0.3819, -0.5342 -0.6499 0.3819, -0.5333 -0.6521 0.3819, -0.5321 -0.6607 0.3819, -0.5419 -0.6366 0.3819, -0.5491 -0.6305 0.3819, -0.5569 -0.6266 0.3819, -0.5582 -0.6262 0.3819, -0.5634 -0.6160 0.3819, -0.5724 -0.6054 0.3819, -0.5783 -0.6013 0.3819, -0.5828 -0.5982 0.3819, -0.5959 -0.5932 0.3819, -0.6083 -0.5917 0.3819, -0.6399 -0.6019 0.3819, -0.6388 -0.6013 0.3819, -0.6325 -0.5974 0.3819, -0.6203 -0.5930 0.3819, -0.6461 -0.6072 0.3819, -0.6515 -0.6135 0.3819, -0.6545 -0.6132 0.3819, -0.6576 -0.6130 0.3819, -0.6679 -0.6143 0.3819, -0.6777 -0.6181 0.3819, -0.6861 -0.6240 0.3819, -0.6879 -0.6257 0.3819, -0.6893 -0.6275 0.3819, -0.6942 -0.6338 0.3819, -0.6965 -0.6390 0.3819, -0.6984 -0.6433 0.3819, -0.6996 -0.6499 0.3819, -0.7002 -0.6532 0.3819, -0.7003 -0.6557 0.3819, -0.6892 -0.6844 0.3819, -0.6893 -0.6842 0.3819, -0.6952 -0.6758 0.3819, -0.6990 -0.6660 0.3819, -0.6810 -0.6915 0.3819, -0.6714 -0.6961 0.3819, -0.6681 -0.6971 0.3819, -0.6678 -0.6978 0.3819, -0.6655 -0.7027 0.3819, -0.6615 -0.7076 0.3819, -0.6564 -0.7115 0.3819, -0.6540 -0.7125 0.3819, -0.6503 -0.7140 0.3819, -0.6441 -0.7150 0.3819, -0.6431 -0.7150 0.3819, -0.6167 -0.6887 0.3819, -0.6367 -0.7142 0.3819, -0.6322 -0.7125 0.3819, -0.6308 -0.7120 0.3819, -0.6256 -0.7083 0.3819, -0.6215 -0.7038 0.3819, -0.6184 -0.6979 0.3819, -0.6184 -0.6978 0.3819, -0.6169 -0.6914 0.3819, -0.6167 -0.6860 0.3819, -0.5798 -0.6665 0.3819, -0.5880 -0.6525 0.3819, -0.6233 -0.6710 0.3819, -0.6279 -0.6668 0.3819, -0.6335 -0.6638 0.3819, -0.6399 -0.6622 0.3819, -0.6431 -0.6620 0.3819, -0.6494 -0.6628 0.3819, -0.6552 -0.6650 0.3819, -0.6606 -0.6688 0.3819, -0.6649 -0.6738 0.3819, -0.6678 -0.6794 0.3819, -0.6736 -0.6759 0.3819, -0.6783 -0.6710 0.3819, -0.6815 -0.6657 0.3819, -0.6833 -0.6592 0.3819, -0.6837 -0.6552 0.3819, -0.6830 -0.6499 0.3819, -0.6829 -0.6488 0.3819, -0.6806 -0.6429 0.3819, -0.6779 -0.6390 0.3819, -0.6770 -0.6377 0.3819, -0.6724 -0.6336 0.3819, -0.6666 -0.6305 0.3819, -0.6600 -0.6290 0.3819, -0.6573 -0.6288 0.3819, -0.6511 -0.6296 0.3819, -0.6452 -0.6317 0.3819, -0.6433 -0.6328 0.3819, -0.6393 -0.6244 0.3819, -0.6334 -0.6174 0.3819, -0.6263 -0.6122 0.3819, -0.6177 -0.6087 0.3819, -0.6080 -0.6075 0.3819, -0.5711 -0.6404 0.3819, -0.5714 -0.6390 0.3819, -0.5727 -0.6331 0.3819, -0.5768 -0.6246 0.3819, -0.5827 -0.6175 0.3819, -0.5834 -0.6169 0.3819, -0.5908 -0.6117 0.3819, -0.5991 -0.6086 0.3819, -0.5690 -0.6404 0.3819, -0.5640 -0.6410 0.3819, -0.5594 -0.6428 0.3819, -0.5553 -0.6457 0.3819, -0.5523 -0.6491 0.3819, -0.5518 -0.6499 0.3819, -0.5498 -0.6536 0.3819, -0.5486 -0.6587 0.3819, -0.5485 -0.6610 0.3819, -0.5491 -0.6661 0.3819, -0.5509 -0.6708 0.3819, -0.5538 -0.6749 0.3819, -0.5542 -0.6753 0.3819, -0.5581 -0.6785 0.3819, -0.5627 -0.6806 0.3819, -0.5674 -0.6815 0.3819, -0.5793 -0.6815 0.3819, -0.5798 -0.6815 0.3819, -0.5806 -0.6813 0.3819, -0.5809 -0.6813 0.3819, -0.5829 -0.6815 0.3819, -0.5847 -0.6823 0.3819, -0.5863 -0.6834 0.3819, -0.5874 -0.6846 0.3819, -0.5884 -0.6864 0.3819, -0.5890 -0.6884 0.3819, -0.5890 -0.6894 0.3819, -0.5888 -0.6914 0.3819, -0.5881 -0.6932 0.3819, -0.5869 -0.6948 0.3819, -0.5863 -0.6955 0.3819, -0.5846 -0.6967 0.3819, -0.5829 -0.6974 0.3819, -0.5814 -0.6976 0.3819, -0.5658 -0.6976 0.3819, -0.5571 -0.6958 0.3819, -0.5490 -0.6918 0.3819, -0.5419 -0.6858 0.3819, -0.5366 -0.6785 0.3819, -0.5333 -0.6701 0.3819, -0.6433 -0.6786 0.3819, -0.6416 -0.6788 0.3819, -0.6391 -0.6796 0.3819, -0.6369 -0.6809 0.3819, -0.6351 -0.6827 0.3819, -0.6339 -0.6849 0.3819, -0.6332 -0.6872 0.3819, -0.6331 -0.6898 0.3819, -0.6337 -0.6924 0.3819, -0.6348 -0.6947 0.3819, -0.6365 -0.6966 0.3819, -0.6385 -0.6980 0.3819, -0.6408 -0.6989 0.3819, -0.6433 -0.6992 0.3819, -0.6438 -0.6992 0.3819, -0.6462 -0.6988 0.3819, -0.6485 -0.6978 0.3819, -0.6506 -0.6962 0.3819, -0.6519 -0.6945 0.3819, -0.6530 -0.6923 0.3819, -0.6536 -0.6899 0.3819, -0.6535 -0.6873 0.3819, -0.6528 -0.6848 0.3819, -0.6514 -0.6826 0.3819, -0.6502 -0.6813 0.3819, -0.6482 -0.6798 0.3819, -0.6459 -0.6790 0.3819, -0.6459 -0.6790 0.3819
            ]
        }
        coordIndex [
            0 1 2 -1,3 4 5 -1,6 7 8 -1,9 10 11 -1,11 10 12 -1,13 14 2 -1,2 14 15 -1,2 15 0 -1,5 4 16 -1,17 18 19 -1,20 21 10 -1,10 21 22 -1,10 22 12 -1,12 22 23 -1,24 25 26 -1,26 25 27 -1,26 27 28 -1,28 27 29 -1,28 29 30 -1,30 29 31 -1,30 31 32 -1,32 31 2 -1,32 2 33 -1,33 2 34 -1,35 36 24 -1,24 36 37 -1,24 37 25 -1,9 11 19 -1,19 11 38 -1,19 38 17 -1,39 40 41 -1,41 40 42 -1,41 42 43 -1,43 42 44 -1,43 44 45 -1,45 44 46 -1,6 8 47 -1,47 8 48 -1,47 48 49 -1,49 48 50 -1,49 50 51 -1,4 52 16 -1,16 52 53 -1,16 53 54 -1,54 53 55 -1,54 55 6 -1,6 55 56 -1,6 56 7 -1,34 2 57 -1,57 2 1 -1,57 1 58 -1,23 22 24 -1,24 22 59 -1,24 59 35 -1,60 61 62 -1,62 61 63 -1,62 63 64 -1,64 63 65 -1,64 65 66 -1,66 65 67 -1,66 67 68 -1,68 67 69 -1,68 69 70 -1,44 71 46 -1,46 71 72 -1,46 72 73 -1,73 72 74 -1,73 74 75 -1,75 74 76 -1,75 76 77 -1,77 76 78 -1,77 78 79 -1,79 78 80 -1,79 80 81 -1,81 80 82 -1,81 82 60 -1,60 82 83 -1,60 83 61 -1,84 85 86 -1,86 85 87 -1,86 87 41 -1,41 87 88 -1,41 88 39 -1,89 90 91 -1,91 90 92 -1,91 92 93 -1,93 92 94 -1,93 94 95 -1,95 94 96 -1,95 96 97 -1,97 96 98 -1,97 98 13 -1,13 98 99 -1,13 99 14 -1,51 50 100 -1,100 50 101 -1,100 101 102 -1,102 101 103 -1,102 103 104 -1,104 103 105 -1,104 105 106 -1,106 105 107 -1,106 107 84 -1,84 107 108 -1,84 108 85 -1,5 109 3 -1,3 109 110 -1,3 110 111 -1,111 110 112 -1,111 112 113 -1,113 112 114 -1,113 114 89 -1,89 114 115 -1,89 115 90 -1,18 116 19 -1,19 116 117 -1,19 117 118 -1,118 117 119 -1,118 119 120 -1,120 119 121 -1,120 121 122 -1,122 121 123 -1,122 123 124 -1,124 123 125 -1,124 125 126 -1,126 125 127 -1,126 127 128 -1,128 127 129 -1,128 129 130 -1,130 129 131 -1,130 131 132 -1,132 131 133 -1,132 133 134 -1,134 133 135 -1,134 135 1 -1,1 135 136 -1,1 136 58 -1,137 138 139 -1,69 140 70 -1,70 140 137 -1,70 137 141 -1,141 137 139 -1,142 143 137 -1,137 143 144 -1,137 144 138 -1,145 146 147 -1,146 148 147 -1,147 148 149 -1,147 149 150 -1,142 137 147 -1,147 137 151 -1,147 151 145 -1,152 46 153 -1,153 46 73 -1,153 73 154 -1,154 73 75 -1,154 75 155 -1,155 75 77 -1,155 77 156 -1,152 157 46 -1,46 157 158 -1,46 158 45 -1,45 158 159 -1,45 159 43 -1,43 159 160 -1,43 160 41 -1,41 160 161 -1,41 161 86 -1,86 161 162 -1,86 162 84 -1,84 162 106 -1,106 162 163 -1,163 164 106 -1,106 164 165 -1,106 165 104 -1,104 165 166 -1,104 166 102 -1,167 49 168 -1,168 49 51 -1,168 51 169 -1,169 51 100 -1,169 100 170 -1,170 100 102 -1,170 102 166 -1,49 167 171 -1,49 171 47 -1,47 171 172 -1,47 172 6 -1,6 172 173 -1,6 173 54 -1,54 173 174 -1,54 174 16 -1,16 174 175 -1,16 175 5 -1,5 175 176 -1,5 176 109 -1,109 176 177 -1,109 177 110 -1,110 177 178 -1,110 178 112 -1,112 178 179 -1,112 179 114 -1,114 179 180 -1,114 180 115 -1,180 181 115 -1,115 181 182 -1,115 182 90 -1,90 182 183 -1,183 184 90 -1,90 184 185 -1,90 185 92 -1,186 98 187 -1,187 98 96 -1,187 96 188 -1,188 96 94 -1,188 94 189 -1,189 94 92 -1,189 92 185 -1,98 186 190 -1,98 190 99 -1,99 190 191 -1,99 191 14 -1,14 191 192 -1,14 192 15 -1,15 192 193 -1,15 193 0 -1,193 194 0 -1,0 194 195 -1,0 195 1 -1,1 195 196 -1,1 196 134 -1,134 196 197 -1,134 197 132 -1,197 198 132 -1,132 198 199 -1,132 199 130 -1,130 199 200 -1,130 200 128 -1,201 9 19 -1,128 200 202 -1,128 202 126 -1,126 202 203 -1,126 203 124 -1,203 204 124 -1,124 204 205 -1,124 205 122 -1,122 205 206 -1,122 206 120 -1,120 206 207 -1,120 207 118 -1,118 207 208 -1,118 208 19 -1,19 208 209 -1,19 209 201 -1,10 9 210 -1,210 9 201 -1,20 10 211 -1,211 10 210 -1,21 20 212 -1,212 20 211 -1,22 21 213 -1,213 21 212 -1,22 213 214 -1,22 214 59 -1,59 214 215 -1,59 215 35 -1,35 215 216 -1,35 216 36 -1,36 216 217 -1,36 217 37 -1,37 217 218 -1,37 218 25 -1,25 218 219 -1,25 219 27 -1,27 219 220 -1,27 220 29 -1,29 220 221 -1,29 221 31 -1,31 221 222 -1,31 222 2 -1,2 222 223 -1,2 223 13 -1,13 223 224 -1,13 224 97 -1,97 224 225 -1,97 225 95 -1,95 225 226 -1,95 226 93 -1,93 226 227 -1,93 227 91 -1,227 228 91 -1,91 228 89 -1,228 229 89 -1,89 229 230 -1,89 230 113 -1,113 230 231 -1,113 231 111 -1,231 232 111 -1,111 232 233 -1,111 233 3 -1,3 233 234 -1,3 234 4 -1,4 234 235 -1,4 235 52 -1,52 235 236 -1,52 236 53 -1,53 236 237 -1,53 237 55 -1,55 237 238 -1,55 238 56 -1,56 238 239 -1,56 239 7 -1,7 239 240 -1,7 240 8 -1,8 240 241 -1,8 241 48 -1,48 241 242 -1,48 242 50 -1,50 242 243 -1,50 243 101 -1,101 243 244 -1,101 244 103 -1,245 39 246 -1,246 39 88 -1,246 88 247 -1,247 88 87 -1,247 87 248 -1,248 87 85 -1,248 85 249 -1,249 85 108 -1,249 108 250 -1,250 108 107 -1,250 107 251 -1,251 107 105 -1,251 105 252 -1,252 105 103 -1,252 103 244 -1,40 39 253 -1,253 39 245 -1,40 253 254 -1,40 254 42 -1,42 254 255 -1,42 255 44 -1,44 255 256 -1,44 256 71 -1,71 256 257 -1,71 257 72 -1,72 257 258 -1,72 258 74 -1,258 259 74 -1,74 259 260 -1,74 260 76 -1,76 260 261 -1,76 261 78 -1,78 261 262 -1,78 262 80 -1,80 262 263 -1,80 263 82 -1,82 263 264 -1,82 264 83 -1,83 264 265 -1,83 265 61 -1,61 265 266 -1,61 266 63 -1,63 266 267 -1,63 267 65 -1,65 267 268 -1,65 268 67 -1,69 67 269 -1,269 67 268 -1,69 269 270 -1,69 270 140 -1,140 270 271 -1,140 271 137 -1,137 271 272 -1,137 272 151 -1,151 272 273 -1,151 273 145 -1,145 273 274 -1,145 274 146 -1,146 274 275 -1,146 275 148 -1,148 275 276 -1,148 276 149 -1,149 276 277 -1,149 277 150 -1,150 277 278 -1,150 278 147 -1,147 278 279 -1,147 279 142 -1,142 279 280 -1,142 280 143 -1,143 280 281 -1,143 281 144 -1,144 281 282 -1,144 282 138 -1,138 282 283 -1,138 283 139 -1,139 283 284 -1,139 284 141 -1,141 284 285 -1,141 285 70 -1,70 285 286 -1,70 286 68 -1,66 68 287 -1,287 68 286 -1,66 287 288 -1,66 288 64 -1,64 288 289 -1,64 289 62 -1,62 289 290 -1,62 290 60 -1,60 290 291 -1,60 291 81 -1,81 291 292 -1,81 292 79 -1,79 292 156 -1,79 156 77 -1,23 293 294 -1,23 294 12 -1,12 294 295 -1,12 295 11 -1,11 295 296 -1,11 296 38 -1,38 296 297 -1,38 297 17 -1,17 297 298 -1,17 298 18 -1,18 298 299 -1,18 299 116 -1,116 299 300 -1,116 300 117 -1,117 300 301 -1,117 301 119 -1,119 301 302 -1,119 302 121 -1,121 302 303 -1,121 303 123 -1,123 303 304 -1,123 304 125 -1,125 304 305 -1,125 305 127 -1,127 305 306 -1,127 306 129 -1,129 306 307 -1,129 307 131 -1,131 307 308 -1,131 308 133 -1,133 308 309 -1,133 309 135 -1,135 309 310 -1,135 310 136 -1,136 310 311 -1,136 311 58 -1,58 311 312 -1,58 312 57 -1,57 312 313 -1,57 313 34 -1,34 313 314 -1,34 314 33 -1,33 314 315 -1,33 315 32 -1,32 315 316 -1,32 316 30 -1,30 316 317 -1,30 317 28 -1,28 317 318 -1,28 318 26 -1,26 318 319 -1,26 319 24 -1,24 319 293 -1,24 293 23 -1,
        ]
    }
}
Shape{
    appearance Appearance {
        material  Material {
            diffuseColor 0.2235294117647059 0.2235294117647059 0.2235294117647059
            specularColor 0.11372549019607843 0.11372549019607843 0.11372549019607843
            ambientIntensity 0.2
            transparency 0
            shininess 0.5
        }
    }
    geometry IndexedFaceSet {
        ccw TRUE
        solid FALSE
        coord DEF co Coordinate {
            point [
                -0.6459 -0.6790 0.3819, -0.6482 -0.6798 0.3819, -0.6438 -0.6992 0.3819, -0.6502 -0.6813 0.3819, -0.6514 -0.6826 0.3819, -0.6416 -0.6788 0.3819, -0.6433 -0.6992 0.3819, -0.6408 -0.6989 0.3819, -0.6433 -0.6786 0.3819, -0.6530 -0.6923 0.3819, -0.6519 -0.6945 0.3819, -0.6506 -0.6962 0.3819, -0.6365 -0.6966 0.3819, -0.6351 -0.6827 0.3819, -0.6369 -0.6809 0.3819, -0.6528 -0.6848 0.3819, -0.6535 -0.6873 0.3819, -0.6536 -0.6899 0.3819, -0.6485 -0.6978 0.3819, -0.6462 -0.6988 0.3819, -0.6385 -0.6980 0.3819, -0.6391 -0.6796 0.3819, -0.6337 -0.6924 0.3819, -0.6331 -0.6898 0.3819, -0.6348 -0.6947 0.3819, -0.6332 -0.6872 0.3819, -0.6339 -0.6849 0.3819, -0.6339 -0.6849 0.3819
            ]
        }
        coordIndex [
            0 1 2 -1,2 1 3 -1,2 3 4 -1,5 6 7 -1,6 5 2 -1,2 5 8 -1,2 8 0 -1,9 10 4 -1,4 10 11 -1,12 13 14 -1,15 16 4 -1,4 16 17 -1,4 17 9 -1,11 18 4 -1,4 18 19 -1,4 19 2 -1,7 20 5 -1,5 20 12 -1,5 12 21 -1,21 12 14 -1,22 23 24 -1,24 23 25 -1,24 25 12 -1,12 25 26 -1,12 26 13 -1,
        ]
    }
}
Shape{
    appearance Appearance {
        material  Material {
            diffuseColor 1.0 1.0 1.0
            specularColor 0.5019607843137255 0.5019607843137255 0.5019607843137255
            ambientIntensity 0.2
            transparency 0
            shininess 0.5
        }
    }
    geometry IndexedFaceSet {
        ccw TRUE
        solid FALSE
        coord DEF co Coordinate {
            point [
                -0.2756 0.1969 0.0079, -0.1969 0.2756 0.0079, -0.2756 0.1969 0.0039, -0.1969 0.2756 0.0039, -0.5906 -0.7158 0.0079, -0.5200 -0.6453 0.0079, -0.5906 -0.7158 0.0000, -0.5200 -0.6453 0.0000, -0.6453 -0.5200 0.0079, -0.7158 -0.5906 0.0079, -0.6453 -0.5200 0.0000, -0.7158 -0.5906 0.0000, 0.6453 0.5200 0.0079, 0.7158 0.5906 0.0079, 0.6453 0.5200 0.0000, 0.7158 0.5906 0.0000, 0.7158 -0.5906 0.0079, 0.6453 -0.5200 0.0079, 0.7158 -0.5906 0.0000, 0.6453 -0.5200 0.0000, 0.5200 -0.6453 0.0079, 0.5906 -0.7158 0.0079, 0.5200 -0.6453 0.0000, 0.5906 -0.7158 0.0000, -0.7158 0.5906 0.0079, -0.6453 0.5200 0.0079, -0.7158 0.5906 0.0000, -0.6453 0.5200 0.0000, -0.5200 0.6453 0.0079, -0.5906 0.7158 0.0079, -0.5200 0.6453 0.0000, -0.5906 0.7158 0.0000, 0.5906 0.7158 0.0079, 0.5200 0.6453 0.0079, 0.5906 0.7158 0.0000, 0.5200 0.6453 0.0000, 0.5200 0.6453 0.0000
            ]
        }
        coordIndex [
            0 1 2 -1,2 1 3 -1,4 5 6 -1,6 5 7 -1,8 9 10 -1,10 9 11 -1,12 13 14 -1,14 13 15 -1,16 17 18 -1,18 17 19 -1,20 21 22 -1,22 21 23 -1,24 25 26 -1,26 25 27 -1,28 29 30 -1,30 29 31 -1,32 33 34 -1,34 33 35 -1,
        ]
    }
}