ISO-10303-21;
HEADER;
/* Generated by software containing ST-Developer
 * from STEP Tools, Inc. (www.steptools.com) 
 */

FILE_DESCRIPTION(
/* description */ (''),
/* implementation_level */ '2;1');

FILE_NAME(
/* name */ 'Lower.step',
/* time_stamp */ '2026-06-27T03:10:23+07:00',
/* author */ (''),
/* organization */ (''),
/* preprocessor_version */ 'ST-DEVELOPER v20.1',
/* originating_system */ 'Autodesk Translation Framework v15.8.0.0',
/* authorisation */ '');

FILE_SCHEMA (('AUTOMOTIVE_DESIGN { 1 0 10303 214 3 1 1 }'));
ENDSEC;

DATA;
#10=MECHANICAL_DESIGN_GEOMETRIC_PRESENTATION_REPRESENTATION('',(#13,#14,
#15),#2968);
#11=SHAPE_REPRESENTATION_RELATIONSHIP('SRR','None',#2974,#12);
#12=ADVANCED_BREP_SHAPE_REPRESENTATION('',(#16,#17,#18),#2967);
#13=STYLED_ITEM('',(#2984),#16);
#14=STYLED_ITEM('',(#2984),#17);
#15=STYLED_ITEM('',(#2984),#18);
#16=MANIFOLD_SOLID_BREP('Bottom',#1776);
#17=MANIFOLD_SOLID_BREP('Side-ish',#1777);
#18=MANIFOLD_SOLID_BREP('Side++',#1778);
#19=FACE_BOUND('',#189,.T.);
#20=FACE_BOUND('',#191,.T.);
#21=FACE_BOUND('',#199,.T.);
#22=FACE_BOUND('',#201,.T.);
#23=FACE_BOUND('',#208,.T.);
#24=FACE_BOUND('',#210,.T.);
#25=FACE_BOUND('',#246,.T.);
#26=FACE_BOUND('',#249,.T.);
#27=FACE_BOUND('',#255,.T.);
#28=FACE_BOUND('',#279,.T.);
#29=PLANE('',#1790);
#30=PLANE('',#1799);
#31=PLANE('',#1800);
#32=PLANE('',#1801);
#33=PLANE('',#1802);
#34=PLANE('',#1803);
#35=PLANE('',#1804);
#36=PLANE('',#1805);
#37=PLANE('',#1809);
#38=PLANE('',#1810);
#39=PLANE('',#1811);
#40=PLANE('',#1812);
#41=PLANE('',#1813);
#42=PLANE('',#1814);
#43=PLANE('',#1815);
#44=PLANE('',#1819);
#45=PLANE('',#1820);
#46=PLANE('',#1821);
#47=PLANE('',#1822);
#48=PLANE('',#1823);
#49=PLANE('',#1824);
#50=PLANE('',#1825);
#51=PLANE('',#1826);
#52=PLANE('',#1827);
#53=PLANE('',#1828);
#54=PLANE('',#1829);
#55=PLANE('',#1830);
#56=PLANE('',#1834);
#57=PLANE('',#1838);
#58=PLANE('',#1839);
#59=PLANE('',#1843);
#60=PLANE('',#1847);
#61=PLANE('',#1852);
#62=PLANE('',#1857);
#63=PLANE('',#1862);
#64=PLANE('',#1865);
#65=PLANE('',#1868);
#66=PLANE('',#1869);
#67=PLANE('',#1870);
#68=PLANE('',#1874);
#69=PLANE('',#1878);
#70=PLANE('',#1882);
#71=PLANE('',#1886);
#72=PLANE('',#1891);
#73=PLANE('',#1892);
#74=PLANE('',#1893);
#75=PLANE('',#1895);
#76=PLANE('',#1897);
#77=PLANE('',#1912);
#78=PLANE('',#1913);
#79=PLANE('',#1914);
#80=PLANE('',#1925);
#81=PLANE('',#1926);
#82=PLANE('',#1927);
#83=PLANE('',#1928);
#84=PLANE('',#1931);
#85=PLANE('',#1934);
#86=PLANE('',#1937);
#87=PLANE('',#1940);
#88=FACE_OUTER_BOUND('',#179,.T.);
#89=FACE_OUTER_BOUND('',#180,.T.);
#90=FACE_OUTER_BOUND('',#181,.T.);
#91=FACE_OUTER_BOUND('',#182,.T.);
#92=FACE_OUTER_BOUND('',#183,.T.);
#93=FACE_OUTER_BOUND('',#184,.T.);
#94=FACE_OUTER_BOUND('',#185,.T.);
#95=FACE_OUTER_BOUND('',#186,.T.);
#96=FACE_OUTER_BOUND('',#187,.T.);
#97=FACE_OUTER_BOUND('',#188,.T.);
#98=FACE_OUTER_BOUND('',#190,.T.);
#99=FACE_OUTER_BOUND('',#192,.T.);
#100=FACE_OUTER_BOUND('',#193,.T.);
#101=FACE_OUTER_BOUND('',#194,.T.);
#102=FACE_OUTER_BOUND('',#195,.T.);
#103=FACE_OUTER_BOUND('',#196,.T.);
#104=FACE_OUTER_BOUND('',#197,.T.);
#105=FACE_OUTER_BOUND('',#198,.T.);
#106=FACE_OUTER_BOUND('',#200,.T.);
#107=FACE_OUTER_BOUND('',#202,.T.);
#108=FACE_OUTER_BOUND('',#203,.T.);
#109=FACE_OUTER_BOUND('',#204,.T.);
#110=FACE_OUTER_BOUND('',#205,.T.);
#111=FACE_OUTER_BOUND('',#206,.T.);
#112=FACE_OUTER_BOUND('',#207,.T.);
#113=FACE_OUTER_BOUND('',#209,.T.);
#114=FACE_OUTER_BOUND('',#211,.T.);
#115=FACE_OUTER_BOUND('',#212,.T.);
#116=FACE_OUTER_BOUND('',#213,.T.);
#117=FACE_OUTER_BOUND('',#214,.T.);
#118=FACE_OUTER_BOUND('',#215,.T.);
#119=FACE_OUTER_BOUND('',#216,.T.);
#120=FACE_OUTER_BOUND('',#217,.T.);
#121=FACE_OUTER_BOUND('',#218,.T.);
#122=FACE_OUTER_BOUND('',#219,.T.);
#123=FACE_OUTER_BOUND('',#220,.T.);
#124=FACE_OUTER_BOUND('',#221,.T.);
#125=FACE_OUTER_BOUND('',#222,.T.);
#126=FACE_OUTER_BOUND('',#223,.T.);
#127=FACE_OUTER_BOUND('',#224,.T.);
#128=FACE_OUTER_BOUND('',#225,.T.);
#129=FACE_OUTER_BOUND('',#226,.T.);
#130=FACE_OUTER_BOUND('',#227,.T.);
#131=FACE_OUTER_BOUND('',#228,.T.);
#132=FACE_OUTER_BOUND('',#229,.T.);
#133=FACE_OUTER_BOUND('',#230,.T.);
#134=FACE_OUTER_BOUND('',#231,.T.);
#135=FACE_OUTER_BOUND('',#232,.T.);
#136=FACE_OUTER_BOUND('',#233,.T.);
#137=FACE_OUTER_BOUND('',#234,.T.);
#138=FACE_OUTER_BOUND('',#235,.T.);
#139=FACE_OUTER_BOUND('',#236,.T.);
#140=FACE_OUTER_BOUND('',#237,.T.);
#141=FACE_OUTER_BOUND('',#238,.T.);
#142=FACE_OUTER_BOUND('',#239,.T.);
#143=FACE_OUTER_BOUND('',#240,.T.);
#144=FACE_OUTER_BOUND('',#241,.T.);
#145=FACE_OUTER_BOUND('',#242,.T.);
#146=FACE_OUTER_BOUND('',#243,.T.);
#147=FACE_OUTER_BOUND('',#244,.T.);
#148=FACE_OUTER_BOUND('',#245,.T.);
#149=FACE_OUTER_BOUND('',#247,.T.);
#150=FACE_OUTER_BOUND('',#248,.T.);
#151=FACE_OUTER_BOUND('',#250,.T.);
#152=FACE_OUTER_BOUND('',#251,.T.);
#153=FACE_OUTER_BOUND('',#252,.T.);
#154=FACE_OUTER_BOUND('',#253,.T.);
#155=FACE_OUTER_BOUND('',#254,.T.);
#156=FACE_OUTER_BOUND('',#256,.T.);
#157=FACE_OUTER_BOUND('',#257,.T.);
#158=FACE_OUTER_BOUND('',#258,.T.);
#159=FACE_OUTER_BOUND('',#259,.T.);
#160=FACE_OUTER_BOUND('',#260,.T.);
#161=FACE_OUTER_BOUND('',#261,.T.);
#162=FACE_OUTER_BOUND('',#262,.T.);
#163=FACE_OUTER_BOUND('',#263,.T.);
#164=FACE_OUTER_BOUND('',#264,.T.);
#165=FACE_OUTER_BOUND('',#265,.T.);
#166=FACE_OUTER_BOUND('',#266,.T.);
#167=FACE_OUTER_BOUND('',#267,.T.);
#168=FACE_OUTER_BOUND('',#268,.T.);
#169=FACE_OUTER_BOUND('',#269,.T.);
#170=FACE_OUTER_BOUND('',#270,.T.);
#171=FACE_OUTER_BOUND('',#271,.T.);
#172=FACE_OUTER_BOUND('',#272,.T.);
#173=FACE_OUTER_BOUND('',#273,.T.);
#174=FACE_OUTER_BOUND('',#274,.T.);
#175=FACE_OUTER_BOUND('',#275,.T.);
#176=FACE_OUTER_BOUND('',#276,.T.);
#177=FACE_OUTER_BOUND('',#277,.T.);
#178=FACE_OUTER_BOUND('',#278,.T.);
#179=EDGE_LOOP('',(#1143,#1144,#1145,#1146,#1147,#1148));
#180=EDGE_LOOP('',(#1149,#1150,#1151,#1152,#1153,#1154));
#181=EDGE_LOOP('',(#1155,#1156,#1157,#1158,#1159,#1160,#1161,#1162,#1163,
#1164,#1165,#1166,#1167,#1168,#1169,#1170));
#182=EDGE_LOOP('',(#1171,#1172,#1173,#1174,#1175,#1176));
#183=EDGE_LOOP('',(#1177,#1178,#1179,#1180));
#184=EDGE_LOOP('',(#1181,#1182,#1183,#1184));
#185=EDGE_LOOP('',(#1185,#1186,#1187,#1188));
#186=EDGE_LOOP('',(#1189,#1190,#1191,#1192));
#187=EDGE_LOOP('',(#1193,#1194,#1195,#1196));
#188=EDGE_LOOP('',(#1197,#1198,#1199,#1200));
#189=EDGE_LOOP('',(#1201));
#190=EDGE_LOOP('',(#1202,#1203,#1204,#1205));
#191=EDGE_LOOP('',(#1206));
#192=EDGE_LOOP('',(#1207,#1208,#1209,#1210,#1211,#1212));
#193=EDGE_LOOP('',(#1213,#1214,#1215,#1216));
#194=EDGE_LOOP('',(#1217,#1218,#1219,#1220));
#195=EDGE_LOOP('',(#1221,#1222,#1223,#1224));
#196=EDGE_LOOP('',(#1225,#1226,#1227,#1228));
#197=EDGE_LOOP('',(#1229,#1230,#1231,#1232));
#198=EDGE_LOOP('',(#1233,#1234,#1235,#1236));
#199=EDGE_LOOP('',(#1237));
#200=EDGE_LOOP('',(#1238,#1239,#1240,#1241));
#201=EDGE_LOOP('',(#1242));
#202=EDGE_LOOP('',(#1243,#1244,#1245,#1246,#1247,#1248));
#203=EDGE_LOOP('',(#1249,#1250,#1251,#1252));
#204=EDGE_LOOP('',(#1253,#1254,#1255,#1256));
#205=EDGE_LOOP('',(#1257,#1258,#1259,#1260));
#206=EDGE_LOOP('',(#1261,#1262,#1263,#1264));
#207=EDGE_LOOP('',(#1265,#1266,#1267,#1268));
#208=EDGE_LOOP('',(#1269));
#209=EDGE_LOOP('',(#1270,#1271,#1272,#1273));
#210=EDGE_LOOP('',(#1274));
#211=EDGE_LOOP('',(#1275,#1276,#1277,#1278,#1279));
#212=EDGE_LOOP('',(#1280,#1281,#1282,#1283,#1284));
#213=EDGE_LOOP('',(#1285,#1286,#1287,#1288));
#214=EDGE_LOOP('',(#1289,#1290,#1291,#1292,#1293,#1294,#1295,#1296,#1297,
#1298,#1299,#1300,#1301,#1302,#1303,#1304));
#215=EDGE_LOOP('',(#1305,#1306,#1307,#1308));
#216=EDGE_LOOP('',(#1309,#1310,#1311,#1312));
#217=EDGE_LOOP('',(#1313,#1314,#1315,#1316));
#218=EDGE_LOOP('',(#1317,#1318,#1319,#1320));
#219=EDGE_LOOP('',(#1321,#1322,#1323));
#220=EDGE_LOOP('',(#1324,#1325,#1326,#1327));
#221=EDGE_LOOP('',(#1328,#1329,#1330));
#222=EDGE_LOOP('',(#1331,#1332,#1333));
#223=EDGE_LOOP('',(#1334,#1335,#1336,#1337));
#224=EDGE_LOOP('',(#1338,#1339,#1340));
#225=EDGE_LOOP('',(#1341,#1342,#1343,#1344));
#226=EDGE_LOOP('',(#1345,#1346,#1347,#1348,#1349,#1350,#1351,#1352,#1353,
#1354,#1355,#1356,#1357,#1358,#1359,#1360));
#227=EDGE_LOOP('',(#1361,#1362,#1363,#1364,#1365,#1366,#1367,#1368,#1369,
#1370,#1371,#1372,#1373,#1374,#1375,#1376,#1377,#1378,#1379,#1380));
#228=EDGE_LOOP('',(#1381,#1382,#1383,#1384,#1385,#1386,#1387,#1388));
#229=EDGE_LOOP('',(#1389,#1390,#1391,#1392));
#230=EDGE_LOOP('',(#1393,#1394,#1395,#1396));
#231=EDGE_LOOP('',(#1397,#1398,#1399,#1400));
#232=EDGE_LOOP('',(#1401,#1402,#1403,#1404));
#233=EDGE_LOOP('',(#1405,#1406,#1407,#1408));
#234=EDGE_LOOP('',(#1409,#1410,#1411,#1412));
#235=EDGE_LOOP('',(#1413,#1414,#1415,#1416));
#236=EDGE_LOOP('',(#1417,#1418,#1419,#1420,#1421,#1422,#1423,#1424,#1425,
#1426,#1427,#1428));
#237=EDGE_LOOP('',(#1429,#1430,#1431,#1432));
#238=EDGE_LOOP('',(#1433,#1434,#1435,#1436));
#239=EDGE_LOOP('',(#1437,#1438,#1439,#1440));
#240=EDGE_LOOP('',(#1441,#1442,#1443,#1444));
#241=EDGE_LOOP('',(#1445,#1446,#1447,#1448));
#242=EDGE_LOOP('',(#1449,#1450,#1451,#1452));
#243=EDGE_LOOP('',(#1453,#1454,#1455,#1456));
#244=EDGE_LOOP('',(#1457,#1458,#1459,#1460));
#245=EDGE_LOOP('',(#1461,#1462,#1463,#1464,#1465,#1466,#1467,#1468));
#246=EDGE_LOOP('',(#1469,#1470,#1471,#1472));
#247=EDGE_LOOP('',(#1473,#1474,#1475,#1476,#1477,#1478,#1479,#1480));
#248=EDGE_LOOP('',(#1481,#1482,#1483,#1484,#1485,#1486,#1487,#1488));
#249=EDGE_LOOP('',(#1489,#1490,#1491,#1492,#1493,#1494,#1495,#1496));
#250=EDGE_LOOP('',(#1497,#1498,#1499,#1500));
#251=EDGE_LOOP('',(#1501,#1502,#1503,#1504));
#252=EDGE_LOOP('',(#1505,#1506,#1507,#1508));
#253=EDGE_LOOP('',(#1509,#1510,#1511,#1512));
#254=EDGE_LOOP('',(#1513,#1514,#1515,#1516));
#255=EDGE_LOOP('',(#1517,#1518,#1519,#1520,#1521,#1522,#1523,#1524));
#256=EDGE_LOOP('',(#1525,#1526,#1527,#1528));
#257=EDGE_LOOP('',(#1529,#1530,#1531,#1532));
#258=EDGE_LOOP('',(#1533,#1534,#1535,#1536));
#259=EDGE_LOOP('',(#1537,#1538,#1539,#1540));
#260=EDGE_LOOP('',(#1541,#1542,#1543,#1544));
#261=EDGE_LOOP('',(#1545,#1546,#1547,#1548));
#262=EDGE_LOOP('',(#1549,#1550,#1551,#1552));
#263=EDGE_LOOP('',(#1553,#1554,#1555,#1556));
#264=EDGE_LOOP('',(#1557,#1558,#1559,#1560,#1561,#1562,#1563,#1564,#1565,
#1566,#1567,#1568,#1569,#1570,#1571,#1572,#1573,#1574,#1575,#1576));
#265=EDGE_LOOP('',(#1577,#1578,#1579,#1580));
#266=EDGE_LOOP('',(#1581,#1582,#1583,#1584));
#267=EDGE_LOOP('',(#1585,#1586,#1587,#1588,#1589,#1590,#1591,#1592));
#268=EDGE_LOOP('',(#1593,#1594,#1595,#1596));
#269=EDGE_LOOP('',(#1597,#1598,#1599,#1600));
#270=EDGE_LOOP('',(#1601,#1602,#1603,#1604));
#271=EDGE_LOOP('',(#1605,#1606,#1607,#1608));
#272=EDGE_LOOP('',(#1609,#1610,#1611,#1612));
#273=EDGE_LOOP('',(#1613,#1614,#1615,#1616));
#274=EDGE_LOOP('',(#1617,#1618,#1619,#1620));
#275=EDGE_LOOP('',(#1621,#1622,#1623,#1624));
#276=EDGE_LOOP('',(#1625,#1626,#1627,#1628,#1629,#1630,#1631,#1632));
#277=EDGE_LOOP('',(#1633,#1634,#1635,#1636));
#278=EDGE_LOOP('',(#1637,#1638,#1639,#1640,#1641,#1642,#1643,#1644));
#279=EDGE_LOOP('',(#1645,#1646,#1647,#1648,#1649,#1650,#1651,#1652));
#280=LINE('',#2456,#465);
#281=LINE('',#2462,#466);
#282=LINE('',#2469,#467);
#283=LINE('',#2475,#468);
#284=LINE('',#2480,#469);
#285=LINE('',#2482,#470);
#286=LINE('',#2484,#471);
#287=LINE('',#2486,#472);
#288=LINE('',#2488,#473);
#289=LINE('',#2490,#474);
#290=LINE('',#2492,#475);
#291=LINE('',#2494,#476);
#292=LINE('',#2496,#477);
#293=LINE('',#2498,#478);
#294=LINE('',#2500,#479);
#295=LINE('',#2502,#480);
#296=LINE('',#2504,#481);
#297=LINE('',#2506,#482);
#298=LINE('',#2508,#483);
#299=LINE('',#2509,#484);
#300=LINE('',#2515,#485);
#301=LINE('',#2521,#486);
#302=LINE('',#2527,#487);
#303=LINE('',#2531,#488);
#304=LINE('',#2533,#489);
#305=LINE('',#2534,#490);
#306=LINE('',#2537,#491);
#307=LINE('',#2538,#492);
#308=LINE('',#2541,#493);
#309=LINE('',#2542,#494);
#310=LINE('',#2544,#495);
#311=LINE('',#2545,#496);
#312=LINE('',#2547,#497);
#313=LINE('',#2549,#498);
#314=LINE('',#2551,#499);
#315=LINE('',#2553,#500);
#316=LINE('',#2554,#501);
#317=LINE('',#2559,#502);
#318=LINE('',#2563,#503);
#319=LINE('',#2565,#504);
#320=LINE('',#2566,#505);
#321=LINE('',#2569,#506);
#322=LINE('',#2570,#507);
#323=LINE('',#2573,#508);
#324=LINE('',#2574,#509);
#325=LINE('',#2576,#510);
#326=LINE('',#2577,#511);
#327=LINE('',#2579,#512);
#328=LINE('',#2581,#513);
#329=LINE('',#2583,#514);
#330=LINE('',#2588,#515);
#331=LINE('',#2592,#516);
#332=LINE('',#2594,#517);
#333=LINE('',#2595,#518);
#334=LINE('',#2597,#519);
#335=LINE('',#2599,#520);
#336=LINE('',#2600,#521);
#337=LINE('',#2603,#522);
#338=LINE('',#2606,#523);
#339=LINE('',#2607,#524);
#340=LINE('',#2610,#525);
#341=LINE('',#2612,#526);
#342=LINE('',#2613,#527);
#343=LINE('',#2616,#528);
#344=LINE('',#2617,#529);
#345=LINE('',#2619,#530);
#346=LINE('',#2621,#531);
#347=LINE('',#2622,#532);
#348=LINE('',#2624,#533);
#349=LINE('',#2630,#534);
#350=LINE('',#2634,#535);
#351=LINE('',#2638,#536);
#352=LINE('',#2639,#537);
#353=LINE('',#2643,#538);
#354=LINE('',#2647,#539);
#355=LINE('',#2651,#540);
#356=LINE('',#2652,#541);
#357=LINE('',#2656,#542);
#358=LINE('',#2659,#543);
#359=LINE('',#2662,#544);
#360=LINE('',#2665,#545);
#361=LINE('',#2669,#546);
#362=LINE('',#2672,#547);
#363=LINE('',#2675,#548);
#364=LINE('',#2678,#549);
#365=LINE('',#2681,#550);
#366=LINE('',#2685,#551);
#367=LINE('',#2689,#552);
#368=LINE('',#2693,#553);
#369=LINE('',#2696,#554);
#370=LINE('',#2698,#555);
#371=LINE('',#2700,#556);
#372=LINE('',#2701,#557);
#373=LINE('',#2703,#558);
#374=LINE('',#2704,#559);
#375=LINE('',#2705,#560);
#376=LINE('',#2707,#561);
#377=LINE('',#2709,#562);
#378=LINE('',#2713,#563);
#379=LINE('',#2717,#564);
#380=LINE('',#2721,#565);
#381=LINE('',#2725,#566);
#382=LINE('',#2726,#567);
#383=LINE('',#2729,#568);
#384=LINE('',#2731,#569);
#385=LINE('',#2732,#570);
#386=LINE('',#2735,#571);
#387=LINE('',#2740,#572);
#388=LINE('',#2743,#573);
#389=LINE('',#2744,#574);
#390=LINE('',#2748,#575);
#391=LINE('',#2751,#576);
#392=LINE('',#2752,#577);
#393=LINE('',#2756,#578);
#394=LINE('',#2758,#579);
#395=LINE('',#2761,#580);
#396=LINE('',#2763,#581);
#397=LINE('',#2764,#582);
#398=LINE('',#2768,#583);
#399=LINE('',#2770,#584);
#400=LINE('',#2772,#585);
#401=LINE('',#2773,#586);
#402=LINE('',#2779,#587);
#403=LINE('',#2782,#588);
#404=LINE('',#2784,#589);
#405=LINE('',#2785,#590);
#406=LINE('',#2791,#591);
#407=LINE('',#2794,#592);
#408=LINE('',#2796,#593);
#409=LINE('',#2797,#594);
#410=LINE('',#2802,#595);
#411=LINE('',#2806,#596);
#412=LINE('',#2808,#597);
#413=LINE('',#2809,#598);
#414=LINE('',#2817,#599);
#415=LINE('',#2821,#600);
#416=LINE('',#2825,#601);
#417=LINE('',#2827,#602);
#418=LINE('',#2828,#603);
#419=LINE('',#2832,#604);
#420=LINE('',#2833,#605);
#421=LINE('',#2835,#606);
#422=LINE('',#2837,#607);
#423=LINE('',#2839,#608);
#424=LINE('',#2841,#609);
#425=LINE('',#2847,#610);
#426=LINE('',#2851,#611);
#427=LINE('',#2858,#612);
#428=LINE('',#2861,#613);
#429=LINE('',#2865,#614);
#430=LINE('',#2869,#615);
#431=LINE('',#2876,#616);
#432=LINE('',#2879,#617);
#433=LINE('',#2881,#618);
#434=LINE('',#2882,#619);
#435=LINE('',#2884,#620);
#436=LINE('',#2885,#621);
#437=LINE('',#2888,#622);
#438=LINE('',#2890,#623);
#439=LINE('',#2892,#624);
#440=LINE('',#2896,#625);
#441=LINE('',#2900,#626);
#442=LINE('',#2904,#627);
#443=LINE('',#2908,#628);
#444=LINE('',#2910,#629);
#445=LINE('',#2911,#630);
#446=LINE('',#2912,#631);
#447=LINE('',#2917,#632);
#448=LINE('',#2923,#633);
#449=LINE('',#2926,#634);
#450=LINE('',#2927,#635);
#451=LINE('',#2929,#636);
#452=LINE('',#2931,#637);
#453=LINE('',#2934,#638);
#454=LINE('',#2936,#639);
#455=LINE('',#2937,#640);
#456=LINE('',#2941,#641);
#457=LINE('',#2944,#642);
#458=LINE('',#2945,#643);
#459=LINE('',#2949,#644);
#460=LINE('',#2952,#645);
#461=LINE('',#2953,#646);
#462=LINE('',#2957,#647);
#463=LINE('',#2960,#648);
#464=LINE('',#2961,#649);
#465=VECTOR('',#1947,10.);
#466=VECTOR('',#1952,10.);
#467=VECTOR('',#1959,10.);
#468=VECTOR('',#1964,10.);
#469=VECTOR('',#1969,10.);
#470=VECTOR('',#1970,10.);
#471=VECTOR('',#1971,10.);
#472=VECTOR('',#1972,10.);
#473=VECTOR('',#1973,10.);
#474=VECTOR('',#1974,10.);
#475=VECTOR('',#1975,10.);
#476=VECTOR('',#1976,10.);
#477=VECTOR('',#1977,10.);
#478=VECTOR('',#1978,10.);
#479=VECTOR('',#1979,10.);
#480=VECTOR('',#1980,10.);
#481=VECTOR('',#1981,10.);
#482=VECTOR('',#1982,10.);
#483=VECTOR('',#1983,10.);
#484=VECTOR('',#1984,10.);
#485=VECTOR('',#1989,10.);
#486=VECTOR('',#1994,10.);
#487=VECTOR('',#2001,1.86);
#488=VECTOR('',#2006,10.);
#489=VECTOR('',#2007,10.);
#490=VECTOR('',#2008,10.);
#491=VECTOR('',#2011,10.);
#492=VECTOR('',#2012,10.);
#493=VECTOR('',#2015,10.);
#494=VECTOR('',#2016,10.);
#495=VECTOR('',#2019,10.);
#496=VECTOR('',#2020,10.);
#497=VECTOR('',#2023,10.);
#498=VECTOR('',#2026,10.);
#499=VECTOR('',#2029,10.);
#500=VECTOR('',#2030,10.);
#501=VECTOR('',#2031,10.);
#502=VECTOR('',#2036,1.86);
#503=VECTOR('',#2041,10.);
#504=VECTOR('',#2042,10.);
#505=VECTOR('',#2043,10.);
#506=VECTOR('',#2046,10.);
#507=VECTOR('',#2047,10.);
#508=VECTOR('',#2050,10.);
#509=VECTOR('',#2051,10.);
#510=VECTOR('',#2054,10.);
#511=VECTOR('',#2055,10.);
#512=VECTOR('',#2058,10.);
#513=VECTOR('',#2061,10.);
#514=VECTOR('',#2064,10.);
#515=VECTOR('',#2069,1.86);
#516=VECTOR('',#2074,10.);
#517=VECTOR('',#2075,10.);
#518=VECTOR('',#2076,10.);
#519=VECTOR('',#2079,10.);
#520=VECTOR('',#2082,10.);
#521=VECTOR('',#2083,10.);
#522=VECTOR('',#2088,10.);
#523=VECTOR('',#2091,10.);
#524=VECTOR('',#2092,10.);
#525=VECTOR('',#2095,10.);
#526=VECTOR('',#2096,10.);
#527=VECTOR('',#2097,10.);
#528=VECTOR('',#2100,10.);
#529=VECTOR('',#2101,10.);
#530=VECTOR('',#2104,10.);
#531=VECTOR('',#2105,10.);
#532=VECTOR('',#2106,10.);
#533=VECTOR('',#2109,10.);
#534=VECTOR('',#2116,10.);
#535=VECTOR('',#2119,10.);
#536=VECTOR('',#2124,10.);
#537=VECTOR('',#2125,10.);
#538=VECTOR('',#2128,10.);
#539=VECTOR('',#2131,10.);
#540=VECTOR('',#2136,10.);
#541=VECTOR('',#2137,10.);
#542=VECTOR('',#2140,10.);
#543=VECTOR('',#2143,10.);
#544=VECTOR('',#2146,10.);
#545=VECTOR('',#2149,10.);
#546=VECTOR('',#2152,10.);
#547=VECTOR('',#2155,10.);
#548=VECTOR('',#2158,10.);
#549=VECTOR('',#2161,10.);
#550=VECTOR('',#2164,10.);
#551=VECTOR('',#2167,10.);
#552=VECTOR('',#2170,10.);
#553=VECTOR('',#2173,10.);
#554=VECTOR('',#2176,10.);
#555=VECTOR('',#2177,10.);
#556=VECTOR('',#2178,10.);
#557=VECTOR('',#2179,10.);
#558=VECTOR('',#2182,10.);
#559=VECTOR('',#2183,10.);
#560=VECTOR('',#2184,10.);
#561=VECTOR('',#2185,10.);
#562=VECTOR('',#2186,10.);
#563=VECTOR('',#2189,10.);
#564=VECTOR('',#2192,10.);
#565=VECTOR('',#2195,10.);
#566=VECTOR('',#2198,10.);
#567=VECTOR('',#2199,10.);
#568=VECTOR('',#2202,10.);
#569=VECTOR('',#2203,10.);
#570=VECTOR('',#2204,10.);
#571=VECTOR('',#2207,10.);
#572=VECTOR('',#2214,10.);
#573=VECTOR('',#2217,10.);
#574=VECTOR('',#2218,10.);
#575=VECTOR('',#2223,10.);
#576=VECTOR('',#2226,10.);
#577=VECTOR('',#2227,10.);
#578=VECTOR('',#2232,10.);
#579=VECTOR('',#2235,10.);
#580=VECTOR('',#2238,10.);
#581=VECTOR('',#2239,10.);
#582=VECTOR('',#2240,10.);
#583=VECTOR('',#2243,10.);
#584=VECTOR('',#2244,10.);
#585=VECTOR('',#2245,10.);
#586=VECTOR('',#2246,10.);
#587=VECTOR('',#2253,10.);
#588=VECTOR('',#2256,10.);
#589=VECTOR('',#2257,10.);
#590=VECTOR('',#2258,10.);
#591=VECTOR('',#2265,10.);
#592=VECTOR('',#2268,10.);
#593=VECTOR('',#2269,10.);
#594=VECTOR('',#2270,10.);
#595=VECTOR('',#2275,10.);
#596=VECTOR('',#2280,10.);
#597=VECTOR('',#2281,10.);
#598=VECTOR('',#2282,10.);
#599=VECTOR('',#2293,10.);
#600=VECTOR('',#2296,10.);
#601=VECTOR('',#2299,10.);
#602=VECTOR('',#2302,10.);
#603=VECTOR('',#2303,10.);
#604=VECTOR('',#2310,10.);
#605=VECTOR('',#2311,10.);
#606=VECTOR('',#2314,10.);
#607=VECTOR('',#2317,10.);
#608=VECTOR('',#2320,10.);
#609=VECTOR('',#2323,10.);
#610=VECTOR('',#2330,10.);
#611=VECTOR('',#2333,10.);
#612=VECTOR('',#2340,10.);
#613=VECTOR('',#2343,10.);
#614=VECTOR('',#2346,10.);
#615=VECTOR('',#2349,10.);
#616=VECTOR('',#2356,10.);
#617=VECTOR('',#2359,10.);
#618=VECTOR('',#2362,10.);
#619=VECTOR('',#2363,10.);
#620=VECTOR('',#2366,10.);
#621=VECTOR('',#2367,10.);
#622=VECTOR('',#2370,10.);
#623=VECTOR('',#2371,10.);
#624=VECTOR('',#2372,10.);
#625=VECTOR('',#2375,10.);
#626=VECTOR('',#2378,10.);
#627=VECTOR('',#2381,10.);
#628=VECTOR('',#2384,10.);
#629=VECTOR('',#2385,10.);
#630=VECTOR('',#2386,10.);
#631=VECTOR('',#2387,10.);
#632=VECTOR('',#2392,10.);
#633=VECTOR('',#2399,10.);
#634=VECTOR('',#2404,10.);
#635=VECTOR('',#2405,10.);
#636=VECTOR('',#2408,10.);
#637=VECTOR('',#2411,10.);
#638=VECTOR('',#2414,10.);
#639=VECTOR('',#2415,10.);
#640=VECTOR('',#2416,10.);
#641=VECTOR('',#2421,10.);
#642=VECTOR('',#2424,10.);
#643=VECTOR('',#2425,10.);
#644=VECTOR('',#2430,10.);
#645=VECTOR('',#2433,10.);
#646=VECTOR('',#2434,10.);
#647=VECTOR('',#2439,10.);
#648=VECTOR('',#2442,10.);
#649=VECTOR('',#2443,10.);
#650=CIRCLE('',#1781,9.);
#651=CIRCLE('',#1782,9.);
#652=CIRCLE('',#1783,9.);
#653=CIRCLE('',#1784,9.);
#654=CIRCLE('',#1786,9.);
#655=CIRCLE('',#1787,9.);
#656=CIRCLE('',#1788,9.);
#657=CIRCLE('',#1789,9.);
#658=CIRCLE('',#1792,9.);
#659=CIRCLE('',#1793,9.);
#660=CIRCLE('',#1794,9.);
#661=CIRCLE('',#1795,9.);
#662=CIRCLE('',#1797,1.86);
#663=CIRCLE('',#1798,1.86);
#664=CIRCLE('',#1807,1.86);
#665=CIRCLE('',#1808,1.86);
#666=CIRCLE('',#1817,1.86);
#667=CIRCLE('',#1818,1.86);
#668=CIRCLE('',#1832,0.8115);
#669=CIRCLE('',#1833,0.8115);
#670=CIRCLE('',#1836,0.8115);
#671=CIRCLE('',#1837,0.8115);
#672=CIRCLE('',#1840,0.8115);
#673=CIRCLE('',#1842,0.8115);
#674=CIRCLE('',#1844,0.8115);
#675=CIRCLE('',#1846,0.8115);
#676=CIRCLE('',#1848,1.5);
#677=CIRCLE('',#1849,1.);
#678=CIRCLE('',#1850,1.);
#679=CIRCLE('',#1851,1.);
#680=CIRCLE('',#1853,2.00000000000001);
#681=CIRCLE('',#1854,1.99999999999999);
#682=CIRCLE('',#1855,1.99999999999999);
#683=CIRCLE('',#1856,2.00000000000001);
#684=CIRCLE('',#1859,1.);
#685=CIRCLE('',#1861,1.5);
#686=CIRCLE('',#1864,1.);
#687=CIRCLE('',#1867,1.);
#688=CIRCLE('',#1872,0.500000000000025);
#689=CIRCLE('',#1873,0.500000000000025);
#690=CIRCLE('',#1876,0.500000000000009);
#691=CIRCLE('',#1877,0.500000000000009);
#692=CIRCLE('',#1880,0.500000000000025);
#693=CIRCLE('',#1881,0.500000000000025);
#694=CIRCLE('',#1884,0.500000000000007);
#695=CIRCLE('',#1885,0.500000000000007);
#696=CIRCLE('',#1887,2.00000000000001);
#697=CIRCLE('',#1888,1.99999999999999);
#698=CIRCLE('',#1889,1.99999999999999);
#699=CIRCLE('',#1890,2.00000000000001);
#700=CIRCLE('',#1901,0.8115);
#701=CIRCLE('',#1902,0.8115);
#702=CIRCLE('',#1904,0.8115);
#703=CIRCLE('',#1905,0.8115);
#704=CIRCLE('',#1907,0.8115);
#705=CIRCLE('',#1908,0.8115);
#706=CIRCLE('',#1910,0.8115);
#707=CIRCLE('',#1911,0.8115);
#708=CIRCLE('',#1915,2.00000000000001);
#709=CIRCLE('',#1916,1.99999999999999);
#710=CIRCLE('',#1917,1.99999999999999);
#711=CIRCLE('',#1918,2.00000000000001);
#712=CIRCLE('',#1920,1.5);
#713=CIRCLE('',#1921,1.5);
#714=CIRCLE('',#1923,1.);
#715=CIRCLE('',#1924,1.);
#716=CIRCLE('',#1930,1.99999999999999);
#717=CIRCLE('',#1933,1.99999999999999);
#718=CIRCLE('',#1936,2.00000000000001);
#719=CIRCLE('',#1939,2.00000000000001);
#720=VERTEX_POINT('',#2452);
#721=VERTEX_POINT('',#2453);
#722=VERTEX_POINT('',#2455);
#723=VERTEX_POINT('',#2457);
#724=VERTEX_POINT('',#2459);
#725=VERTEX_POINT('',#2461);
#726=VERTEX_POINT('',#2465);
#727=VERTEX_POINT('',#2466);
#728=VERTEX_POINT('',#2468);
#729=VERTEX_POINT('',#2470);
#730=VERTEX_POINT('',#2472);
#731=VERTEX_POINT('',#2474);
#732=VERTEX_POINT('',#2478);
#733=VERTEX_POINT('',#2479);
#734=VERTEX_POINT('',#2481);
#735=VERTEX_POINT('',#2483);
#736=VERTEX_POINT('',#2485);
#737=VERTEX_POINT('',#2487);
#738=VERTEX_POINT('',#2489);
#739=VERTEX_POINT('',#2491);
#740=VERTEX_POINT('',#2493);
#741=VERTEX_POINT('',#2495);
#742=VERTEX_POINT('',#2497);
#743=VERTEX_POINT('',#2499);
#744=VERTEX_POINT('',#2501);
#745=VERTEX_POINT('',#2503);
#746=VERTEX_POINT('',#2505);
#747=VERTEX_POINT('',#2507);
#748=VERTEX_POINT('',#2511);
#749=VERTEX_POINT('',#2512);
#750=VERTEX_POINT('',#2514);
#751=VERTEX_POINT('',#2516);
#752=VERTEX_POINT('',#2518);
#753=VERTEX_POINT('',#2520);
#754=VERTEX_POINT('',#2524);
#755=VERTEX_POINT('',#2526);
#756=VERTEX_POINT('',#2530);
#757=VERTEX_POINT('',#2532);
#758=VERTEX_POINT('',#2536);
#759=VERTEX_POINT('',#2540);
#760=VERTEX_POINT('',#2552);
#761=VERTEX_POINT('',#2556);
#762=VERTEX_POINT('',#2558);
#763=VERTEX_POINT('',#2562);
#764=VERTEX_POINT('',#2564);
#765=VERTEX_POINT('',#2568);
#766=VERTEX_POINT('',#2572);
#767=VERTEX_POINT('',#2585);
#768=VERTEX_POINT('',#2587);
#769=VERTEX_POINT('',#2591);
#770=VERTEX_POINT('',#2593);
#771=VERTEX_POINT('',#2605);
#772=VERTEX_POINT('',#2609);
#773=VERTEX_POINT('',#2611);
#774=VERTEX_POINT('',#2615);
#775=VERTEX_POINT('',#2620);
#776=VERTEX_POINT('',#2628);
#777=VERTEX_POINT('',#2629);
#778=VERTEX_POINT('',#2631);
#779=VERTEX_POINT('',#2633);
#780=VERTEX_POINT('',#2637);
#781=VERTEX_POINT('',#2641);
#782=VERTEX_POINT('',#2642);
#783=VERTEX_POINT('',#2644);
#784=VERTEX_POINT('',#2646);
#785=VERTEX_POINT('',#2650);
#786=VERTEX_POINT('',#2654);
#787=VERTEX_POINT('',#2655);
#788=VERTEX_POINT('',#2657);
#789=VERTEX_POINT('',#2661);
#790=VERTEX_POINT('',#2663);
#791=VERTEX_POINT('',#2667);
#792=VERTEX_POINT('',#2668);
#793=VERTEX_POINT('',#2670);
#794=VERTEX_POINT('',#2674);
#795=VERTEX_POINT('',#2676);
#796=VERTEX_POINT('',#2680);
#797=VERTEX_POINT('',#2682);
#798=VERTEX_POINT('',#2684);
#799=VERTEX_POINT('',#2686);
#800=VERTEX_POINT('',#2688);
#801=VERTEX_POINT('',#2690);
#802=VERTEX_POINT('',#2692);
#803=VERTEX_POINT('',#2694);
#804=VERTEX_POINT('',#2697);
#805=VERTEX_POINT('',#2699);
#806=VERTEX_POINT('',#2706);
#807=VERTEX_POINT('',#2708);
#808=VERTEX_POINT('',#2710);
#809=VERTEX_POINT('',#2712);
#810=VERTEX_POINT('',#2714);
#811=VERTEX_POINT('',#2716);
#812=VERTEX_POINT('',#2718);
#813=VERTEX_POINT('',#2720);
#814=VERTEX_POINT('',#2722);
#815=VERTEX_POINT('',#2724);
#816=VERTEX_POINT('',#2728);
#817=VERTEX_POINT('',#2730);
#818=VERTEX_POINT('',#2734);
#819=VERTEX_POINT('',#2738);
#820=VERTEX_POINT('',#2742);
#821=VERTEX_POINT('',#2746);
#822=VERTEX_POINT('',#2750);
#823=VERTEX_POINT('',#2754);
#824=VERTEX_POINT('',#2760);
#825=VERTEX_POINT('',#2762);
#826=VERTEX_POINT('',#2766);
#827=VERTEX_POINT('',#2767);
#828=VERTEX_POINT('',#2769);
#829=VERTEX_POINT('',#2771);
#830=VERTEX_POINT('',#2775);
#831=VERTEX_POINT('',#2777);
#832=VERTEX_POINT('',#2781);
#833=VERTEX_POINT('',#2783);
#834=VERTEX_POINT('',#2787);
#835=VERTEX_POINT('',#2789);
#836=VERTEX_POINT('',#2793);
#837=VERTEX_POINT('',#2795);
#838=VERTEX_POINT('',#2799);
#839=VERTEX_POINT('',#2801);
#840=VERTEX_POINT('',#2805);
#841=VERTEX_POINT('',#2807);
#842=VERTEX_POINT('',#2814);
#843=VERTEX_POINT('',#2816);
#844=VERTEX_POINT('',#2818);
#845=VERTEX_POINT('',#2820);
#846=VERTEX_POINT('',#2822);
#847=VERTEX_POINT('',#2824);
#848=VERTEX_POINT('',#2845);
#849=VERTEX_POINT('',#2846);
#850=VERTEX_POINT('',#2848);
#851=VERTEX_POINT('',#2850);
#852=VERTEX_POINT('',#2854);
#853=VERTEX_POINT('',#2855);
#854=VERTEX_POINT('',#2857);
#855=VERTEX_POINT('',#2859);
#856=VERTEX_POINT('',#2863);
#857=VERTEX_POINT('',#2864);
#858=VERTEX_POINT('',#2866);
#859=VERTEX_POINT('',#2868);
#860=VERTEX_POINT('',#2872);
#861=VERTEX_POINT('',#2873);
#862=VERTEX_POINT('',#2875);
#863=VERTEX_POINT('',#2877);
#864=VERTEX_POINT('',#2887);
#865=VERTEX_POINT('',#2889);
#866=VERTEX_POINT('',#2891);
#867=VERTEX_POINT('',#2893);
#868=VERTEX_POINT('',#2895);
#869=VERTEX_POINT('',#2897);
#870=VERTEX_POINT('',#2899);
#871=VERTEX_POINT('',#2901);
#872=VERTEX_POINT('',#2903);
#873=VERTEX_POINT('',#2905);
#874=VERTEX_POINT('',#2907);
#875=VERTEX_POINT('',#2909);
#876=VERTEX_POINT('',#2914);
#877=VERTEX_POINT('',#2916);
#878=VERTEX_POINT('',#2920);
#879=VERTEX_POINT('',#2922);
#880=VERTEX_POINT('',#2933);
#881=VERTEX_POINT('',#2935);
#882=VERTEX_POINT('',#2939);
#883=VERTEX_POINT('',#2943);
#884=VERTEX_POINT('',#2947);
#885=VERTEX_POINT('',#2951);
#886=VERTEX_POINT('',#2955);
#887=VERTEX_POINT('',#2959);
#888=EDGE_CURVE('',#720,#721,#650,.T.);
#889=EDGE_CURVE('',#720,#722,#280,.T.);
#890=EDGE_CURVE('',#723,#722,#651,.T.);
#891=EDGE_CURVE('',#724,#723,#652,.T.);
#892=EDGE_CURVE('',#725,#724,#281,.T.);
#893=EDGE_CURVE('',#721,#725,#653,.T.);
#894=EDGE_CURVE('',#726,#727,#654,.T.);
#895=EDGE_CURVE('',#726,#728,#282,.T.);
#896=EDGE_CURVE('',#729,#728,#655,.T.);
#897=EDGE_CURVE('',#730,#729,#656,.T.);
#898=EDGE_CURVE('',#731,#730,#283,.T.);
#899=EDGE_CURVE('',#727,#731,#657,.T.);
#900=EDGE_CURVE('',#732,#733,#284,.T.);
#901=EDGE_CURVE('',#733,#734,#285,.T.);
#902=EDGE_CURVE('',#735,#734,#286,.T.);
#903=EDGE_CURVE('',#736,#735,#287,.T.);
#904=EDGE_CURVE('',#736,#737,#288,.T.);
#905=EDGE_CURVE('',#738,#737,#289,.T.);
#906=EDGE_CURVE('',#738,#739,#290,.T.);
#907=EDGE_CURVE('',#740,#739,#291,.T.);
#908=EDGE_CURVE('',#740,#741,#292,.T.);
#909=EDGE_CURVE('',#741,#742,#293,.T.);
#910=EDGE_CURVE('',#743,#742,#294,.T.);
#911=EDGE_CURVE('',#744,#743,#295,.T.);
#912=EDGE_CURVE('',#744,#745,#296,.T.);
#913=EDGE_CURVE('',#745,#746,#297,.T.);
#914=EDGE_CURVE('',#747,#746,#298,.T.);
#915=EDGE_CURVE('',#732,#747,#299,.T.);
#916=EDGE_CURVE('',#748,#749,#658,.T.);
#917=EDGE_CURVE('',#748,#750,#300,.T.);
#918=EDGE_CURVE('',#751,#750,#659,.T.);
#919=EDGE_CURVE('',#752,#751,#660,.T.);
#920=EDGE_CURVE('',#753,#752,#301,.T.);
#921=EDGE_CURVE('',#749,#753,#661,.T.);
#922=EDGE_CURVE('',#754,#754,#662,.T.);
#923=EDGE_CURVE('',#754,#755,#302,.T.);
#924=EDGE_CURVE('',#755,#755,#663,.T.);
#925=EDGE_CURVE('',#756,#726,#303,.T.);
#926=EDGE_CURVE('',#756,#757,#304,.T.);
#927=EDGE_CURVE('',#728,#757,#305,.T.);
#928=EDGE_CURVE('',#757,#758,#306,.T.);
#929=EDGE_CURVE('',#729,#758,#307,.T.);
#930=EDGE_CURVE('',#756,#759,#308,.T.);
#931=EDGE_CURVE('',#759,#727,#309,.T.);
#932=EDGE_CURVE('',#731,#745,#310,.T.);
#933=EDGE_CURVE('',#746,#730,#311,.T.);
#934=EDGE_CURVE('',#747,#729,#312,.T.);
#935=EDGE_CURVE('',#727,#744,#313,.T.);
#936=EDGE_CURVE('',#743,#751,#314,.T.);
#937=EDGE_CURVE('',#751,#760,#315,.T.);
#938=EDGE_CURVE('',#760,#759,#316,.T.);
#939=EDGE_CURVE('',#761,#761,#664,.T.);
#940=EDGE_CURVE('',#761,#762,#317,.T.);
#941=EDGE_CURVE('',#762,#762,#665,.T.);
#942=EDGE_CURVE('',#763,#720,#318,.T.);
#943=EDGE_CURVE('',#763,#764,#319,.T.);
#944=EDGE_CURVE('',#722,#764,#320,.T.);
#945=EDGE_CURVE('',#764,#765,#321,.T.);
#946=EDGE_CURVE('',#723,#765,#322,.T.);
#947=EDGE_CURVE('',#763,#766,#323,.T.);
#948=EDGE_CURVE('',#766,#721,#324,.T.);
#949=EDGE_CURVE('',#725,#733,#325,.T.);
#950=EDGE_CURVE('',#734,#724,#326,.T.);
#951=EDGE_CURVE('',#735,#723,#327,.T.);
#952=EDGE_CURVE('',#721,#732,#328,.T.);
#953=EDGE_CURVE('',#758,#766,#329,.T.);
#954=EDGE_CURVE('',#767,#767,#666,.T.);
#955=EDGE_CURVE('',#767,#768,#330,.T.);
#956=EDGE_CURVE('',#768,#768,#667,.T.);
#957=EDGE_CURVE('',#769,#748,#331,.T.);
#958=EDGE_CURVE('',#769,#770,#332,.T.);
#959=EDGE_CURVE('',#750,#770,#333,.T.);
#960=EDGE_CURVE('',#770,#760,#334,.T.);
#961=EDGE_CURVE('',#753,#741,#335,.T.);
#962=EDGE_CURVE('',#742,#752,#336,.T.);
#963=EDGE_CURVE('',#749,#740,#337,.T.);
#964=EDGE_CURVE('',#765,#771,#338,.T.);
#965=EDGE_CURVE('',#771,#736,#339,.T.);
#966=EDGE_CURVE('',#739,#772,#340,.T.);
#967=EDGE_CURVE('',#772,#773,#341,.T.);
#968=EDGE_CURVE('',#773,#749,#342,.T.);
#969=EDGE_CURVE('',#774,#771,#343,.T.);
#970=EDGE_CURVE('',#737,#774,#344,.T.);
#971=EDGE_CURVE('',#769,#773,#345,.T.);
#972=EDGE_CURVE('',#775,#772,#346,.T.);
#973=EDGE_CURVE('',#774,#775,#347,.T.);
#974=EDGE_CURVE('',#775,#738,#348,.T.);
#975=EDGE_CURVE('',#776,#777,#349,.T.);
#976=EDGE_CURVE('',#776,#778,#668,.T.);
#977=EDGE_CURVE('',#779,#778,#350,.T.);
#978=EDGE_CURVE('',#777,#779,#669,.T.);
#979=EDGE_CURVE('',#780,#776,#351,.T.);
#980=EDGE_CURVE('',#778,#780,#352,.T.);
#981=EDGE_CURVE('',#781,#782,#353,.T.);
#982=EDGE_CURVE('',#781,#783,#670,.T.);
#983=EDGE_CURVE('',#784,#783,#354,.T.);
#984=EDGE_CURVE('',#782,#784,#671,.T.);
#985=EDGE_CURVE('',#785,#781,#355,.T.);
#986=EDGE_CURVE('',#783,#785,#356,.T.);
#987=EDGE_CURVE('',#786,#787,#357,.T.);
#988=EDGE_CURVE('',#788,#786,#672,.T.);
#989=EDGE_CURVE('',#787,#788,#358,.T.);
#990=EDGE_CURVE('',#789,#786,#359,.T.);
#991=EDGE_CURVE('',#790,#789,#673,.T.);
#992=EDGE_CURVE('',#788,#790,#360,.T.);
#993=EDGE_CURVE('',#791,#792,#361,.T.);
#994=EDGE_CURVE('',#793,#791,#674,.T.);
#995=EDGE_CURVE('',#792,#793,#362,.T.);
#996=EDGE_CURVE('',#794,#791,#363,.T.);
#997=EDGE_CURVE('',#795,#794,#675,.T.);
#998=EDGE_CURVE('',#793,#795,#364,.T.);
#999=EDGE_CURVE('',#796,#777,#365,.T.);
#1000=EDGE_CURVE('',#797,#796,#676,.T.);
#1001=EDGE_CURVE('',#798,#797,#366,.T.);
#1002=EDGE_CURVE('',#799,#798,#677,.T.);
#1003=EDGE_CURVE('',#800,#799,#367,.T.);
#1004=EDGE_CURVE('',#801,#800,#678,.T.);
#1005=EDGE_CURVE('',#802,#801,#368,.T.);
#1006=EDGE_CURVE('',#803,#802,#679,.T.);
#1007=EDGE_CURVE('',#789,#803,#369,.T.);
#1008=EDGE_CURVE('',#804,#787,#370,.T.);
#1009=EDGE_CURVE('',#805,#804,#371,.T.);
#1010=EDGE_CURVE('',#805,#780,#372,.T.);
#1011=EDGE_CURVE('',#779,#795,#373,.T.);
#1012=EDGE_CURVE('',#794,#782,#374,.T.);
#1013=EDGE_CURVE('',#784,#790,#375,.T.);
#1014=EDGE_CURVE('',#803,#806,#376,.T.);
#1015=EDGE_CURVE('',#806,#807,#377,.T.);
#1016=EDGE_CURVE('',#807,#808,#680,.T.);
#1017=EDGE_CURVE('',#808,#809,#378,.T.);
#1018=EDGE_CURVE('',#809,#810,#681,.T.);
#1019=EDGE_CURVE('',#810,#811,#379,.T.);
#1020=EDGE_CURVE('',#811,#812,#682,.T.);
#1021=EDGE_CURVE('',#812,#813,#380,.T.);
#1022=EDGE_CURVE('',#813,#814,#683,.T.);
#1023=EDGE_CURVE('',#814,#815,#381,.T.);
#1024=EDGE_CURVE('',#815,#796,#382,.T.);
#1025=EDGE_CURVE('',#816,#792,#383,.T.);
#1026=EDGE_CURVE('',#817,#816,#384,.T.);
#1027=EDGE_CURVE('',#785,#817,#385,.T.);
#1028=EDGE_CURVE('',#818,#802,#386,.T.);
#1029=EDGE_CURVE('',#806,#818,#684,.T.);
#1030=EDGE_CURVE('',#819,#815,#685,.T.);
#1031=EDGE_CURVE('',#819,#797,#387,.T.);
#1032=EDGE_CURVE('',#818,#820,#388,.T.);
#1033=EDGE_CURVE('',#820,#801,#389,.T.);
#1034=EDGE_CURVE('',#820,#821,#686,.T.);
#1035=EDGE_CURVE('',#821,#800,#390,.T.);
#1036=EDGE_CURVE('',#821,#822,#391,.T.);
#1037=EDGE_CURVE('',#822,#799,#392,.T.);
#1038=EDGE_CURVE('',#822,#823,#687,.T.);
#1039=EDGE_CURVE('',#823,#798,#393,.T.);
#1040=EDGE_CURVE('',#823,#819,#394,.T.);
#1041=EDGE_CURVE('',#824,#814,#395,.T.);
#1042=EDGE_CURVE('',#825,#824,#396,.T.);
#1043=EDGE_CURVE('',#825,#807,#397,.T.);
#1044=EDGE_CURVE('',#826,#827,#398,.T.);
#1045=EDGE_CURVE('',#826,#828,#399,.T.);
#1046=EDGE_CURVE('',#829,#828,#400,.T.);
#1047=EDGE_CURVE('',#827,#829,#401,.T.);
#1048=EDGE_CURVE('',#827,#830,#688,.T.);
#1049=EDGE_CURVE('',#831,#829,#689,.T.);
#1050=EDGE_CURVE('',#830,#831,#402,.T.);
#1051=EDGE_CURVE('',#830,#832,#403,.T.);
#1052=EDGE_CURVE('',#833,#831,#404,.T.);
#1053=EDGE_CURVE('',#832,#833,#405,.T.);
#1054=EDGE_CURVE('',#832,#834,#690,.T.);
#1055=EDGE_CURVE('',#835,#833,#691,.T.);
#1056=EDGE_CURVE('',#834,#835,#406,.T.);
#1057=EDGE_CURVE('',#834,#836,#407,.T.);
#1058=EDGE_CURVE('',#837,#835,#408,.T.);
#1059=EDGE_CURVE('',#836,#837,#409,.T.);
#1060=EDGE_CURVE('',#838,#826,#692,.T.);
#1061=EDGE_CURVE('',#838,#839,#410,.T.);
#1062=EDGE_CURVE('',#828,#839,#693,.T.);
#1063=EDGE_CURVE('',#840,#838,#411,.T.);
#1064=EDGE_CURVE('',#840,#841,#412,.T.);
#1065=EDGE_CURVE('',#839,#841,#413,.T.);
#1066=EDGE_CURVE('',#836,#840,#694,.T.);
#1067=EDGE_CURVE('',#841,#837,#695,.T.);
#1068=EDGE_CURVE('',#824,#842,#696,.T.);
#1069=EDGE_CURVE('',#842,#843,#414,.T.);
#1070=EDGE_CURVE('',#843,#844,#697,.T.);
#1071=EDGE_CURVE('',#844,#845,#415,.T.);
#1072=EDGE_CURVE('',#845,#846,#698,.T.);
#1073=EDGE_CURVE('',#846,#847,#416,.T.);
#1074=EDGE_CURVE('',#847,#825,#699,.T.);
#1075=EDGE_CURVE('',#804,#817,#417,.T.);
#1076=EDGE_CURVE('',#816,#805,#418,.T.);
#1077=EDGE_CURVE('',#813,#842,#419,.T.);
#1078=EDGE_CURVE('',#843,#812,#420,.T.);
#1079=EDGE_CURVE('',#844,#811,#421,.T.);
#1080=EDGE_CURVE('',#845,#810,#422,.T.);
#1081=EDGE_CURVE('',#846,#809,#423,.T.);
#1082=EDGE_CURVE('',#847,#808,#424,.T.);
#1083=EDGE_CURVE('',#848,#849,#425,.T.);
#1084=EDGE_CURVE('',#850,#848,#700,.F.);
#1085=EDGE_CURVE('',#851,#850,#426,.T.);
#1086=EDGE_CURVE('',#849,#851,#701,.T.);
#1087=EDGE_CURVE('',#852,#853,#702,.F.);
#1088=EDGE_CURVE('',#854,#852,#427,.T.);
#1089=EDGE_CURVE('',#855,#854,#703,.T.);
#1090=EDGE_CURVE('',#853,#855,#428,.T.);
#1091=EDGE_CURVE('',#856,#857,#429,.T.);
#1092=EDGE_CURVE('',#858,#856,#704,.T.);
#1093=EDGE_CURVE('',#859,#858,#430,.T.);
#1094=EDGE_CURVE('',#857,#859,#705,.F.);
#1095=EDGE_CURVE('',#860,#861,#706,.F.);
#1096=EDGE_CURVE('',#862,#860,#431,.T.);
#1097=EDGE_CURVE('',#863,#862,#707,.T.);
#1098=EDGE_CURVE('',#861,#863,#432,.T.);
#1099=EDGE_CURVE('',#852,#859,#433,.T.);
#1100=EDGE_CURVE('',#854,#858,#434,.T.);
#1101=EDGE_CURVE('',#850,#861,#435,.T.);
#1102=EDGE_CURVE('',#851,#863,#436,.T.);
#1103=EDGE_CURVE('',#864,#848,#437,.T.);
#1104=EDGE_CURVE('',#864,#865,#438,.T.);
#1105=EDGE_CURVE('',#866,#865,#439,.T.);
#1106=EDGE_CURVE('',#867,#866,#708,.T.);
#1107=EDGE_CURVE('',#868,#867,#440,.T.);
#1108=EDGE_CURVE('',#869,#868,#709,.T.);
#1109=EDGE_CURVE('',#870,#869,#441,.T.);
#1110=EDGE_CURVE('',#871,#870,#710,.T.);
#1111=EDGE_CURVE('',#872,#871,#442,.T.);
#1112=EDGE_CURVE('',#873,#872,#711,.T.);
#1113=EDGE_CURVE('',#874,#873,#443,.T.);
#1114=EDGE_CURVE('',#874,#875,#444,.T.);
#1115=EDGE_CURVE('',#857,#875,#445,.T.);
#1116=EDGE_CURVE('',#860,#853,#446,.T.);
#1117=EDGE_CURVE('',#864,#876,#712,.T.);
#1118=EDGE_CURVE('',#877,#876,#447,.T.);
#1119=EDGE_CURVE('',#865,#877,#713,.T.);
#1120=EDGE_CURVE('',#878,#874,#714,.T.);
#1121=EDGE_CURVE('',#878,#879,#448,.T.);
#1122=EDGE_CURVE('',#879,#875,#715,.T.);
#1123=EDGE_CURVE('',#856,#849,#449,.T.);
#1124=EDGE_CURVE('',#876,#879,#450,.T.);
#1125=EDGE_CURVE('',#877,#878,#451,.T.);
#1126=EDGE_CURVE('',#862,#855,#452,.T.);
#1127=EDGE_CURVE('',#867,#880,#453,.T.);
#1128=EDGE_CURVE('',#881,#880,#454,.T.);
#1129=EDGE_CURVE('',#868,#881,#455,.T.);
#1130=EDGE_CURVE('',#882,#881,#716,.T.);
#1131=EDGE_CURVE('',#869,#882,#456,.T.);
#1132=EDGE_CURVE('',#883,#882,#457,.T.);
#1133=EDGE_CURVE('',#870,#883,#458,.T.);
#1134=EDGE_CURVE('',#884,#883,#717,.T.);
#1135=EDGE_CURVE('',#871,#884,#459,.T.);
#1136=EDGE_CURVE('',#885,#884,#460,.T.);
#1137=EDGE_CURVE('',#872,#885,#461,.T.);
#1138=EDGE_CURVE('',#886,#885,#718,.T.);
#1139=EDGE_CURVE('',#873,#886,#462,.T.);
#1140=EDGE_CURVE('',#887,#886,#463,.T.);
#1141=EDGE_CURVE('',#866,#887,#464,.T.);
#1142=EDGE_CURVE('',#880,#887,#719,.T.);
#1143=ORIENTED_EDGE('',*,*,#888,.F.);
#1144=ORIENTED_EDGE('',*,*,#889,.T.);
#1145=ORIENTED_EDGE('',*,*,#890,.F.);
#1146=ORIENTED_EDGE('',*,*,#891,.F.);
#1147=ORIENTED_EDGE('',*,*,#892,.F.);
#1148=ORIENTED_EDGE('',*,*,#893,.F.);
#1149=ORIENTED_EDGE('',*,*,#894,.F.);
#1150=ORIENTED_EDGE('',*,*,#895,.T.);
#1151=ORIENTED_EDGE('',*,*,#896,.F.);
#1152=ORIENTED_EDGE('',*,*,#897,.F.);
#1153=ORIENTED_EDGE('',*,*,#898,.F.);
#1154=ORIENTED_EDGE('',*,*,#899,.F.);
#1155=ORIENTED_EDGE('',*,*,#900,.T.);
#1156=ORIENTED_EDGE('',*,*,#901,.T.);
#1157=ORIENTED_EDGE('',*,*,#902,.F.);
#1158=ORIENTED_EDGE('',*,*,#903,.F.);
#1159=ORIENTED_EDGE('',*,*,#904,.T.);
#1160=ORIENTED_EDGE('',*,*,#905,.F.);
#1161=ORIENTED_EDGE('',*,*,#906,.T.);
#1162=ORIENTED_EDGE('',*,*,#907,.F.);
#1163=ORIENTED_EDGE('',*,*,#908,.T.);
#1164=ORIENTED_EDGE('',*,*,#909,.T.);
#1165=ORIENTED_EDGE('',*,*,#910,.F.);
#1166=ORIENTED_EDGE('',*,*,#911,.F.);
#1167=ORIENTED_EDGE('',*,*,#912,.T.);
#1168=ORIENTED_EDGE('',*,*,#913,.T.);
#1169=ORIENTED_EDGE('',*,*,#914,.F.);
#1170=ORIENTED_EDGE('',*,*,#915,.F.);
#1171=ORIENTED_EDGE('',*,*,#916,.F.);
#1172=ORIENTED_EDGE('',*,*,#917,.T.);
#1173=ORIENTED_EDGE('',*,*,#918,.F.);
#1174=ORIENTED_EDGE('',*,*,#919,.F.);
#1175=ORIENTED_EDGE('',*,*,#920,.F.);
#1176=ORIENTED_EDGE('',*,*,#921,.F.);
#1177=ORIENTED_EDGE('',*,*,#922,.F.);
#1178=ORIENTED_EDGE('',*,*,#923,.T.);
#1179=ORIENTED_EDGE('',*,*,#924,.F.);
#1180=ORIENTED_EDGE('',*,*,#923,.F.);
#1181=ORIENTED_EDGE('',*,*,#925,.F.);
#1182=ORIENTED_EDGE('',*,*,#926,.T.);
#1183=ORIENTED_EDGE('',*,*,#927,.F.);
#1184=ORIENTED_EDGE('',*,*,#895,.F.);
#1185=ORIENTED_EDGE('',*,*,#928,.T.);
#1186=ORIENTED_EDGE('',*,*,#929,.F.);
#1187=ORIENTED_EDGE('',*,*,#896,.T.);
#1188=ORIENTED_EDGE('',*,*,#927,.T.);
#1189=ORIENTED_EDGE('',*,*,#930,.F.);
#1190=ORIENTED_EDGE('',*,*,#925,.T.);
#1191=ORIENTED_EDGE('',*,*,#894,.T.);
#1192=ORIENTED_EDGE('',*,*,#931,.F.);
#1193=ORIENTED_EDGE('',*,*,#932,.F.);
#1194=ORIENTED_EDGE('',*,*,#898,.T.);
#1195=ORIENTED_EDGE('',*,*,#933,.F.);
#1196=ORIENTED_EDGE('',*,*,#913,.F.);
#1197=ORIENTED_EDGE('',*,*,#914,.T.);
#1198=ORIENTED_EDGE('',*,*,#933,.T.);
#1199=ORIENTED_EDGE('',*,*,#897,.T.);
#1200=ORIENTED_EDGE('',*,*,#934,.F.);
#1201=ORIENTED_EDGE('',*,*,#922,.T.);
#1202=ORIENTED_EDGE('',*,*,#912,.F.);
#1203=ORIENTED_EDGE('',*,*,#935,.F.);
#1204=ORIENTED_EDGE('',*,*,#899,.T.);
#1205=ORIENTED_EDGE('',*,*,#932,.T.);
#1206=ORIENTED_EDGE('',*,*,#924,.T.);
#1207=ORIENTED_EDGE('',*,*,#931,.T.);
#1208=ORIENTED_EDGE('',*,*,#935,.T.);
#1209=ORIENTED_EDGE('',*,*,#911,.T.);
#1210=ORIENTED_EDGE('',*,*,#936,.T.);
#1211=ORIENTED_EDGE('',*,*,#937,.T.);
#1212=ORIENTED_EDGE('',*,*,#938,.T.);
#1213=ORIENTED_EDGE('',*,*,#939,.F.);
#1214=ORIENTED_EDGE('',*,*,#940,.T.);
#1215=ORIENTED_EDGE('',*,*,#941,.F.);
#1216=ORIENTED_EDGE('',*,*,#940,.F.);
#1217=ORIENTED_EDGE('',*,*,#942,.F.);
#1218=ORIENTED_EDGE('',*,*,#943,.T.);
#1219=ORIENTED_EDGE('',*,*,#944,.F.);
#1220=ORIENTED_EDGE('',*,*,#889,.F.);
#1221=ORIENTED_EDGE('',*,*,#945,.T.);
#1222=ORIENTED_EDGE('',*,*,#946,.F.);
#1223=ORIENTED_EDGE('',*,*,#890,.T.);
#1224=ORIENTED_EDGE('',*,*,#944,.T.);
#1225=ORIENTED_EDGE('',*,*,#947,.F.);
#1226=ORIENTED_EDGE('',*,*,#942,.T.);
#1227=ORIENTED_EDGE('',*,*,#888,.T.);
#1228=ORIENTED_EDGE('',*,*,#948,.F.);
#1229=ORIENTED_EDGE('',*,*,#949,.F.);
#1230=ORIENTED_EDGE('',*,*,#892,.T.);
#1231=ORIENTED_EDGE('',*,*,#950,.F.);
#1232=ORIENTED_EDGE('',*,*,#901,.F.);
#1233=ORIENTED_EDGE('',*,*,#902,.T.);
#1234=ORIENTED_EDGE('',*,*,#950,.T.);
#1235=ORIENTED_EDGE('',*,*,#891,.T.);
#1236=ORIENTED_EDGE('',*,*,#951,.F.);
#1237=ORIENTED_EDGE('',*,*,#939,.T.);
#1238=ORIENTED_EDGE('',*,*,#900,.F.);
#1239=ORIENTED_EDGE('',*,*,#952,.F.);
#1240=ORIENTED_EDGE('',*,*,#893,.T.);
#1241=ORIENTED_EDGE('',*,*,#949,.T.);
#1242=ORIENTED_EDGE('',*,*,#941,.T.);
#1243=ORIENTED_EDGE('',*,*,#929,.T.);
#1244=ORIENTED_EDGE('',*,*,#953,.T.);
#1245=ORIENTED_EDGE('',*,*,#948,.T.);
#1246=ORIENTED_EDGE('',*,*,#952,.T.);
#1247=ORIENTED_EDGE('',*,*,#915,.T.);
#1248=ORIENTED_EDGE('',*,*,#934,.T.);
#1249=ORIENTED_EDGE('',*,*,#954,.F.);
#1250=ORIENTED_EDGE('',*,*,#955,.T.);
#1251=ORIENTED_EDGE('',*,*,#956,.F.);
#1252=ORIENTED_EDGE('',*,*,#955,.F.);
#1253=ORIENTED_EDGE('',*,*,#957,.F.);
#1254=ORIENTED_EDGE('',*,*,#958,.T.);
#1255=ORIENTED_EDGE('',*,*,#959,.F.);
#1256=ORIENTED_EDGE('',*,*,#917,.F.);
#1257=ORIENTED_EDGE('',*,*,#960,.T.);
#1258=ORIENTED_EDGE('',*,*,#937,.F.);
#1259=ORIENTED_EDGE('',*,*,#918,.T.);
#1260=ORIENTED_EDGE('',*,*,#959,.T.);
#1261=ORIENTED_EDGE('',*,*,#961,.F.);
#1262=ORIENTED_EDGE('',*,*,#920,.T.);
#1263=ORIENTED_EDGE('',*,*,#962,.F.);
#1264=ORIENTED_EDGE('',*,*,#909,.F.);
#1265=ORIENTED_EDGE('',*,*,#910,.T.);
#1266=ORIENTED_EDGE('',*,*,#962,.T.);
#1267=ORIENTED_EDGE('',*,*,#919,.T.);
#1268=ORIENTED_EDGE('',*,*,#936,.F.);
#1269=ORIENTED_EDGE('',*,*,#954,.T.);
#1270=ORIENTED_EDGE('',*,*,#908,.F.);
#1271=ORIENTED_EDGE('',*,*,#963,.F.);
#1272=ORIENTED_EDGE('',*,*,#921,.T.);
#1273=ORIENTED_EDGE('',*,*,#961,.T.);
#1274=ORIENTED_EDGE('',*,*,#956,.T.);
#1275=ORIENTED_EDGE('',*,*,#946,.T.);
#1276=ORIENTED_EDGE('',*,*,#964,.T.);
#1277=ORIENTED_EDGE('',*,*,#965,.T.);
#1278=ORIENTED_EDGE('',*,*,#903,.T.);
#1279=ORIENTED_EDGE('',*,*,#951,.T.);
#1280=ORIENTED_EDGE('',*,*,#966,.T.);
#1281=ORIENTED_EDGE('',*,*,#967,.T.);
#1282=ORIENTED_EDGE('',*,*,#968,.T.);
#1283=ORIENTED_EDGE('',*,*,#963,.T.);
#1284=ORIENTED_EDGE('',*,*,#907,.T.);
#1285=ORIENTED_EDGE('',*,*,#965,.F.);
#1286=ORIENTED_EDGE('',*,*,#969,.F.);
#1287=ORIENTED_EDGE('',*,*,#970,.F.);
#1288=ORIENTED_EDGE('',*,*,#904,.F.);
#1289=ORIENTED_EDGE('',*,*,#945,.F.);
#1290=ORIENTED_EDGE('',*,*,#943,.F.);
#1291=ORIENTED_EDGE('',*,*,#947,.T.);
#1292=ORIENTED_EDGE('',*,*,#953,.F.);
#1293=ORIENTED_EDGE('',*,*,#928,.F.);
#1294=ORIENTED_EDGE('',*,*,#926,.F.);
#1295=ORIENTED_EDGE('',*,*,#930,.T.);
#1296=ORIENTED_EDGE('',*,*,#938,.F.);
#1297=ORIENTED_EDGE('',*,*,#960,.F.);
#1298=ORIENTED_EDGE('',*,*,#958,.F.);
#1299=ORIENTED_EDGE('',*,*,#971,.T.);
#1300=ORIENTED_EDGE('',*,*,#967,.F.);
#1301=ORIENTED_EDGE('',*,*,#972,.F.);
#1302=ORIENTED_EDGE('',*,*,#973,.F.);
#1303=ORIENTED_EDGE('',*,*,#969,.T.);
#1304=ORIENTED_EDGE('',*,*,#964,.F.);
#1305=ORIENTED_EDGE('',*,*,#970,.T.);
#1306=ORIENTED_EDGE('',*,*,#973,.T.);
#1307=ORIENTED_EDGE('',*,*,#974,.T.);
#1308=ORIENTED_EDGE('',*,*,#905,.T.);
#1309=ORIENTED_EDGE('',*,*,#968,.F.);
#1310=ORIENTED_EDGE('',*,*,#971,.F.);
#1311=ORIENTED_EDGE('',*,*,#957,.T.);
#1312=ORIENTED_EDGE('',*,*,#916,.T.);
#1313=ORIENTED_EDGE('',*,*,#966,.F.);
#1314=ORIENTED_EDGE('',*,*,#906,.F.);
#1315=ORIENTED_EDGE('',*,*,#974,.F.);
#1316=ORIENTED_EDGE('',*,*,#972,.T.);
#1317=ORIENTED_EDGE('',*,*,#975,.F.);
#1318=ORIENTED_EDGE('',*,*,#976,.T.);
#1319=ORIENTED_EDGE('',*,*,#977,.F.);
#1320=ORIENTED_EDGE('',*,*,#978,.F.);
#1321=ORIENTED_EDGE('',*,*,#979,.F.);
#1322=ORIENTED_EDGE('',*,*,#980,.F.);
#1323=ORIENTED_EDGE('',*,*,#976,.F.);
#1324=ORIENTED_EDGE('',*,*,#981,.F.);
#1325=ORIENTED_EDGE('',*,*,#982,.T.);
#1326=ORIENTED_EDGE('',*,*,#983,.F.);
#1327=ORIENTED_EDGE('',*,*,#984,.F.);
#1328=ORIENTED_EDGE('',*,*,#985,.F.);
#1329=ORIENTED_EDGE('',*,*,#986,.F.);
#1330=ORIENTED_EDGE('',*,*,#982,.F.);
#1331=ORIENTED_EDGE('',*,*,#987,.F.);
#1332=ORIENTED_EDGE('',*,*,#988,.F.);
#1333=ORIENTED_EDGE('',*,*,#989,.F.);
#1334=ORIENTED_EDGE('',*,*,#990,.F.);
#1335=ORIENTED_EDGE('',*,*,#991,.F.);
#1336=ORIENTED_EDGE('',*,*,#992,.F.);
#1337=ORIENTED_EDGE('',*,*,#988,.T.);
#1338=ORIENTED_EDGE('',*,*,#993,.F.);
#1339=ORIENTED_EDGE('',*,*,#994,.F.);
#1340=ORIENTED_EDGE('',*,*,#995,.F.);
#1341=ORIENTED_EDGE('',*,*,#996,.F.);
#1342=ORIENTED_EDGE('',*,*,#997,.F.);
#1343=ORIENTED_EDGE('',*,*,#998,.F.);
#1344=ORIENTED_EDGE('',*,*,#994,.T.);
#1345=ORIENTED_EDGE('',*,*,#979,.T.);
#1346=ORIENTED_EDGE('',*,*,#975,.T.);
#1347=ORIENTED_EDGE('',*,*,#999,.F.);
#1348=ORIENTED_EDGE('',*,*,#1000,.F.);
#1349=ORIENTED_EDGE('',*,*,#1001,.F.);
#1350=ORIENTED_EDGE('',*,*,#1002,.F.);
#1351=ORIENTED_EDGE('',*,*,#1003,.F.);
#1352=ORIENTED_EDGE('',*,*,#1004,.F.);
#1353=ORIENTED_EDGE('',*,*,#1005,.F.);
#1354=ORIENTED_EDGE('',*,*,#1006,.F.);
#1355=ORIENTED_EDGE('',*,*,#1007,.F.);
#1356=ORIENTED_EDGE('',*,*,#990,.T.);
#1357=ORIENTED_EDGE('',*,*,#987,.T.);
#1358=ORIENTED_EDGE('',*,*,#1008,.F.);
#1359=ORIENTED_EDGE('',*,*,#1009,.F.);
#1360=ORIENTED_EDGE('',*,*,#1010,.T.);
#1361=ORIENTED_EDGE('',*,*,#978,.T.);
#1362=ORIENTED_EDGE('',*,*,#1011,.T.);
#1363=ORIENTED_EDGE('',*,*,#997,.T.);
#1364=ORIENTED_EDGE('',*,*,#1012,.T.);
#1365=ORIENTED_EDGE('',*,*,#984,.T.);
#1366=ORIENTED_EDGE('',*,*,#1013,.T.);
#1367=ORIENTED_EDGE('',*,*,#991,.T.);
#1368=ORIENTED_EDGE('',*,*,#1007,.T.);
#1369=ORIENTED_EDGE('',*,*,#1014,.T.);
#1370=ORIENTED_EDGE('',*,*,#1015,.T.);
#1371=ORIENTED_EDGE('',*,*,#1016,.T.);
#1372=ORIENTED_EDGE('',*,*,#1017,.T.);
#1373=ORIENTED_EDGE('',*,*,#1018,.T.);
#1374=ORIENTED_EDGE('',*,*,#1019,.T.);
#1375=ORIENTED_EDGE('',*,*,#1020,.T.);
#1376=ORIENTED_EDGE('',*,*,#1021,.T.);
#1377=ORIENTED_EDGE('',*,*,#1022,.T.);
#1378=ORIENTED_EDGE('',*,*,#1023,.T.);
#1379=ORIENTED_EDGE('',*,*,#1024,.T.);
#1380=ORIENTED_EDGE('',*,*,#999,.T.);
#1381=ORIENTED_EDGE('',*,*,#985,.T.);
#1382=ORIENTED_EDGE('',*,*,#981,.T.);
#1383=ORIENTED_EDGE('',*,*,#1012,.F.);
#1384=ORIENTED_EDGE('',*,*,#996,.T.);
#1385=ORIENTED_EDGE('',*,*,#993,.T.);
#1386=ORIENTED_EDGE('',*,*,#1025,.F.);
#1387=ORIENTED_EDGE('',*,*,#1026,.F.);
#1388=ORIENTED_EDGE('',*,*,#1027,.F.);
#1389=ORIENTED_EDGE('',*,*,#1014,.F.);
#1390=ORIENTED_EDGE('',*,*,#1006,.T.);
#1391=ORIENTED_EDGE('',*,*,#1028,.F.);
#1392=ORIENTED_EDGE('',*,*,#1029,.F.);
#1393=ORIENTED_EDGE('',*,*,#1024,.F.);
#1394=ORIENTED_EDGE('',*,*,#1030,.F.);
#1395=ORIENTED_EDGE('',*,*,#1031,.T.);
#1396=ORIENTED_EDGE('',*,*,#1000,.T.);
#1397=ORIENTED_EDGE('',*,*,#1032,.F.);
#1398=ORIENTED_EDGE('',*,*,#1028,.T.);
#1399=ORIENTED_EDGE('',*,*,#1005,.T.);
#1400=ORIENTED_EDGE('',*,*,#1033,.F.);
#1401=ORIENTED_EDGE('',*,*,#1034,.F.);
#1402=ORIENTED_EDGE('',*,*,#1033,.T.);
#1403=ORIENTED_EDGE('',*,*,#1004,.T.);
#1404=ORIENTED_EDGE('',*,*,#1035,.F.);
#1405=ORIENTED_EDGE('',*,*,#1036,.F.);
#1406=ORIENTED_EDGE('',*,*,#1035,.T.);
#1407=ORIENTED_EDGE('',*,*,#1003,.T.);
#1408=ORIENTED_EDGE('',*,*,#1037,.F.);
#1409=ORIENTED_EDGE('',*,*,#1038,.F.);
#1410=ORIENTED_EDGE('',*,*,#1037,.T.);
#1411=ORIENTED_EDGE('',*,*,#1002,.T.);
#1412=ORIENTED_EDGE('',*,*,#1039,.F.);
#1413=ORIENTED_EDGE('',*,*,#1040,.F.);
#1414=ORIENTED_EDGE('',*,*,#1039,.T.);
#1415=ORIENTED_EDGE('',*,*,#1001,.T.);
#1416=ORIENTED_EDGE('',*,*,#1031,.F.);
#1417=ORIENTED_EDGE('',*,*,#1029,.T.);
#1418=ORIENTED_EDGE('',*,*,#1032,.T.);
#1419=ORIENTED_EDGE('',*,*,#1034,.T.);
#1420=ORIENTED_EDGE('',*,*,#1036,.T.);
#1421=ORIENTED_EDGE('',*,*,#1038,.T.);
#1422=ORIENTED_EDGE('',*,*,#1040,.T.);
#1423=ORIENTED_EDGE('',*,*,#1030,.T.);
#1424=ORIENTED_EDGE('',*,*,#1023,.F.);
#1425=ORIENTED_EDGE('',*,*,#1041,.F.);
#1426=ORIENTED_EDGE('',*,*,#1042,.F.);
#1427=ORIENTED_EDGE('',*,*,#1043,.T.);
#1428=ORIENTED_EDGE('',*,*,#1015,.F.);
#1429=ORIENTED_EDGE('',*,*,#1044,.F.);
#1430=ORIENTED_EDGE('',*,*,#1045,.T.);
#1431=ORIENTED_EDGE('',*,*,#1046,.F.);
#1432=ORIENTED_EDGE('',*,*,#1047,.F.);
#1433=ORIENTED_EDGE('',*,*,#1048,.F.);
#1434=ORIENTED_EDGE('',*,*,#1047,.T.);
#1435=ORIENTED_EDGE('',*,*,#1049,.F.);
#1436=ORIENTED_EDGE('',*,*,#1050,.F.);
#1437=ORIENTED_EDGE('',*,*,#1051,.F.);
#1438=ORIENTED_EDGE('',*,*,#1050,.T.);
#1439=ORIENTED_EDGE('',*,*,#1052,.F.);
#1440=ORIENTED_EDGE('',*,*,#1053,.F.);
#1441=ORIENTED_EDGE('',*,*,#1054,.F.);
#1442=ORIENTED_EDGE('',*,*,#1053,.T.);
#1443=ORIENTED_EDGE('',*,*,#1055,.F.);
#1444=ORIENTED_EDGE('',*,*,#1056,.F.);
#1445=ORIENTED_EDGE('',*,*,#1057,.F.);
#1446=ORIENTED_EDGE('',*,*,#1056,.T.);
#1447=ORIENTED_EDGE('',*,*,#1058,.F.);
#1448=ORIENTED_EDGE('',*,*,#1059,.F.);
#1449=ORIENTED_EDGE('',*,*,#1060,.F.);
#1450=ORIENTED_EDGE('',*,*,#1061,.T.);
#1451=ORIENTED_EDGE('',*,*,#1062,.F.);
#1452=ORIENTED_EDGE('',*,*,#1045,.F.);
#1453=ORIENTED_EDGE('',*,*,#1063,.F.);
#1454=ORIENTED_EDGE('',*,*,#1064,.T.);
#1455=ORIENTED_EDGE('',*,*,#1065,.F.);
#1456=ORIENTED_EDGE('',*,*,#1061,.F.);
#1457=ORIENTED_EDGE('',*,*,#1066,.F.);
#1458=ORIENTED_EDGE('',*,*,#1059,.T.);
#1459=ORIENTED_EDGE('',*,*,#1067,.F.);
#1460=ORIENTED_EDGE('',*,*,#1064,.F.);
#1461=ORIENTED_EDGE('',*,*,#1068,.T.);
#1462=ORIENTED_EDGE('',*,*,#1069,.T.);
#1463=ORIENTED_EDGE('',*,*,#1070,.T.);
#1464=ORIENTED_EDGE('',*,*,#1071,.T.);
#1465=ORIENTED_EDGE('',*,*,#1072,.T.);
#1466=ORIENTED_EDGE('',*,*,#1073,.T.);
#1467=ORIENTED_EDGE('',*,*,#1074,.T.);
#1468=ORIENTED_EDGE('',*,*,#1042,.T.);
#1469=ORIENTED_EDGE('',*,*,#1075,.T.);
#1470=ORIENTED_EDGE('',*,*,#1026,.T.);
#1471=ORIENTED_EDGE('',*,*,#1076,.T.);
#1472=ORIENTED_EDGE('',*,*,#1009,.T.);
#1473=ORIENTED_EDGE('',*,*,#980,.T.);
#1474=ORIENTED_EDGE('',*,*,#1010,.F.);
#1475=ORIENTED_EDGE('',*,*,#1076,.F.);
#1476=ORIENTED_EDGE('',*,*,#1025,.T.);
#1477=ORIENTED_EDGE('',*,*,#995,.T.);
#1478=ORIENTED_EDGE('',*,*,#998,.T.);
#1479=ORIENTED_EDGE('',*,*,#1011,.F.);
#1480=ORIENTED_EDGE('',*,*,#977,.T.);
#1481=ORIENTED_EDGE('',*,*,#986,.T.);
#1482=ORIENTED_EDGE('',*,*,#1027,.T.);
#1483=ORIENTED_EDGE('',*,*,#1075,.F.);
#1484=ORIENTED_EDGE('',*,*,#1008,.T.);
#1485=ORIENTED_EDGE('',*,*,#989,.T.);
#1486=ORIENTED_EDGE('',*,*,#992,.T.);
#1487=ORIENTED_EDGE('',*,*,#1013,.F.);
#1488=ORIENTED_EDGE('',*,*,#983,.T.);
#1489=ORIENTED_EDGE('',*,*,#1057,.T.);
#1490=ORIENTED_EDGE('',*,*,#1066,.T.);
#1491=ORIENTED_EDGE('',*,*,#1063,.T.);
#1492=ORIENTED_EDGE('',*,*,#1060,.T.);
#1493=ORIENTED_EDGE('',*,*,#1044,.T.);
#1494=ORIENTED_EDGE('',*,*,#1048,.T.);
#1495=ORIENTED_EDGE('',*,*,#1051,.T.);
#1496=ORIENTED_EDGE('',*,*,#1054,.T.);
#1497=ORIENTED_EDGE('',*,*,#1077,.F.);
#1498=ORIENTED_EDGE('',*,*,#1021,.F.);
#1499=ORIENTED_EDGE('',*,*,#1078,.F.);
#1500=ORIENTED_EDGE('',*,*,#1069,.F.);
#1501=ORIENTED_EDGE('',*,*,#1078,.T.);
#1502=ORIENTED_EDGE('',*,*,#1020,.F.);
#1503=ORIENTED_EDGE('',*,*,#1079,.F.);
#1504=ORIENTED_EDGE('',*,*,#1070,.F.);
#1505=ORIENTED_EDGE('',*,*,#1079,.T.);
#1506=ORIENTED_EDGE('',*,*,#1019,.F.);
#1507=ORIENTED_EDGE('',*,*,#1080,.F.);
#1508=ORIENTED_EDGE('',*,*,#1071,.F.);
#1509=ORIENTED_EDGE('',*,*,#1080,.T.);
#1510=ORIENTED_EDGE('',*,*,#1018,.F.);
#1511=ORIENTED_EDGE('',*,*,#1081,.F.);
#1512=ORIENTED_EDGE('',*,*,#1072,.F.);
#1513=ORIENTED_EDGE('',*,*,#1081,.T.);
#1514=ORIENTED_EDGE('',*,*,#1017,.F.);
#1515=ORIENTED_EDGE('',*,*,#1082,.F.);
#1516=ORIENTED_EDGE('',*,*,#1073,.F.);
#1517=ORIENTED_EDGE('',*,*,#1058,.T.);
#1518=ORIENTED_EDGE('',*,*,#1055,.T.);
#1519=ORIENTED_EDGE('',*,*,#1052,.T.);
#1520=ORIENTED_EDGE('',*,*,#1049,.T.);
#1521=ORIENTED_EDGE('',*,*,#1046,.T.);
#1522=ORIENTED_EDGE('',*,*,#1062,.T.);
#1523=ORIENTED_EDGE('',*,*,#1065,.T.);
#1524=ORIENTED_EDGE('',*,*,#1067,.T.);
#1525=ORIENTED_EDGE('',*,*,#1082,.T.);
#1526=ORIENTED_EDGE('',*,*,#1016,.F.);
#1527=ORIENTED_EDGE('',*,*,#1043,.F.);
#1528=ORIENTED_EDGE('',*,*,#1074,.F.);
#1529=ORIENTED_EDGE('',*,*,#1041,.T.);
#1530=ORIENTED_EDGE('',*,*,#1022,.F.);
#1531=ORIENTED_EDGE('',*,*,#1077,.T.);
#1532=ORIENTED_EDGE('',*,*,#1068,.F.);
#1533=ORIENTED_EDGE('',*,*,#1083,.F.);
#1534=ORIENTED_EDGE('',*,*,#1084,.F.);
#1535=ORIENTED_EDGE('',*,*,#1085,.F.);
#1536=ORIENTED_EDGE('',*,*,#1086,.F.);
#1537=ORIENTED_EDGE('',*,*,#1087,.F.);
#1538=ORIENTED_EDGE('',*,*,#1088,.F.);
#1539=ORIENTED_EDGE('',*,*,#1089,.F.);
#1540=ORIENTED_EDGE('',*,*,#1090,.F.);
#1541=ORIENTED_EDGE('',*,*,#1091,.F.);
#1542=ORIENTED_EDGE('',*,*,#1092,.F.);
#1543=ORIENTED_EDGE('',*,*,#1093,.F.);
#1544=ORIENTED_EDGE('',*,*,#1094,.F.);
#1545=ORIENTED_EDGE('',*,*,#1095,.F.);
#1546=ORIENTED_EDGE('',*,*,#1096,.F.);
#1547=ORIENTED_EDGE('',*,*,#1097,.F.);
#1548=ORIENTED_EDGE('',*,*,#1098,.F.);
#1549=ORIENTED_EDGE('',*,*,#1088,.T.);
#1550=ORIENTED_EDGE('',*,*,#1099,.T.);
#1551=ORIENTED_EDGE('',*,*,#1093,.T.);
#1552=ORIENTED_EDGE('',*,*,#1100,.F.);
#1553=ORIENTED_EDGE('',*,*,#1085,.T.);
#1554=ORIENTED_EDGE('',*,*,#1101,.T.);
#1555=ORIENTED_EDGE('',*,*,#1098,.T.);
#1556=ORIENTED_EDGE('',*,*,#1102,.F.);
#1557=ORIENTED_EDGE('',*,*,#1084,.T.);
#1558=ORIENTED_EDGE('',*,*,#1103,.F.);
#1559=ORIENTED_EDGE('',*,*,#1104,.T.);
#1560=ORIENTED_EDGE('',*,*,#1105,.F.);
#1561=ORIENTED_EDGE('',*,*,#1106,.F.);
#1562=ORIENTED_EDGE('',*,*,#1107,.F.);
#1563=ORIENTED_EDGE('',*,*,#1108,.F.);
#1564=ORIENTED_EDGE('',*,*,#1109,.F.);
#1565=ORIENTED_EDGE('',*,*,#1110,.F.);
#1566=ORIENTED_EDGE('',*,*,#1111,.F.);
#1567=ORIENTED_EDGE('',*,*,#1112,.F.);
#1568=ORIENTED_EDGE('',*,*,#1113,.F.);
#1569=ORIENTED_EDGE('',*,*,#1114,.T.);
#1570=ORIENTED_EDGE('',*,*,#1115,.F.);
#1571=ORIENTED_EDGE('',*,*,#1094,.T.);
#1572=ORIENTED_EDGE('',*,*,#1099,.F.);
#1573=ORIENTED_EDGE('',*,*,#1087,.T.);
#1574=ORIENTED_EDGE('',*,*,#1116,.F.);
#1575=ORIENTED_EDGE('',*,*,#1095,.T.);
#1576=ORIENTED_EDGE('',*,*,#1101,.F.);
#1577=ORIENTED_EDGE('',*,*,#1104,.F.);
#1578=ORIENTED_EDGE('',*,*,#1117,.T.);
#1579=ORIENTED_EDGE('',*,*,#1118,.F.);
#1580=ORIENTED_EDGE('',*,*,#1119,.F.);
#1581=ORIENTED_EDGE('',*,*,#1114,.F.);
#1582=ORIENTED_EDGE('',*,*,#1120,.F.);
#1583=ORIENTED_EDGE('',*,*,#1121,.T.);
#1584=ORIENTED_EDGE('',*,*,#1122,.T.);
#1585=ORIENTED_EDGE('',*,*,#1083,.T.);
#1586=ORIENTED_EDGE('',*,*,#1123,.F.);
#1587=ORIENTED_EDGE('',*,*,#1091,.T.);
#1588=ORIENTED_EDGE('',*,*,#1115,.T.);
#1589=ORIENTED_EDGE('',*,*,#1122,.F.);
#1590=ORIENTED_EDGE('',*,*,#1124,.F.);
#1591=ORIENTED_EDGE('',*,*,#1117,.F.);
#1592=ORIENTED_EDGE('',*,*,#1103,.T.);
#1593=ORIENTED_EDGE('',*,*,#1125,.F.);
#1594=ORIENTED_EDGE('',*,*,#1118,.T.);
#1595=ORIENTED_EDGE('',*,*,#1124,.T.);
#1596=ORIENTED_EDGE('',*,*,#1121,.F.);
#1597=ORIENTED_EDGE('',*,*,#1090,.T.);
#1598=ORIENTED_EDGE('',*,*,#1126,.F.);
#1599=ORIENTED_EDGE('',*,*,#1096,.T.);
#1600=ORIENTED_EDGE('',*,*,#1116,.T.);
#1601=ORIENTED_EDGE('',*,*,#1107,.T.);
#1602=ORIENTED_EDGE('',*,*,#1127,.T.);
#1603=ORIENTED_EDGE('',*,*,#1128,.F.);
#1604=ORIENTED_EDGE('',*,*,#1129,.F.);
#1605=ORIENTED_EDGE('',*,*,#1108,.T.);
#1606=ORIENTED_EDGE('',*,*,#1129,.T.);
#1607=ORIENTED_EDGE('',*,*,#1130,.F.);
#1608=ORIENTED_EDGE('',*,*,#1131,.F.);
#1609=ORIENTED_EDGE('',*,*,#1109,.T.);
#1610=ORIENTED_EDGE('',*,*,#1131,.T.);
#1611=ORIENTED_EDGE('',*,*,#1132,.F.);
#1612=ORIENTED_EDGE('',*,*,#1133,.F.);
#1613=ORIENTED_EDGE('',*,*,#1110,.T.);
#1614=ORIENTED_EDGE('',*,*,#1133,.T.);
#1615=ORIENTED_EDGE('',*,*,#1134,.F.);
#1616=ORIENTED_EDGE('',*,*,#1135,.F.);
#1617=ORIENTED_EDGE('',*,*,#1111,.T.);
#1618=ORIENTED_EDGE('',*,*,#1135,.T.);
#1619=ORIENTED_EDGE('',*,*,#1136,.F.);
#1620=ORIENTED_EDGE('',*,*,#1137,.F.);
#1621=ORIENTED_EDGE('',*,*,#1112,.T.);
#1622=ORIENTED_EDGE('',*,*,#1137,.T.);
#1623=ORIENTED_EDGE('',*,*,#1138,.F.);
#1624=ORIENTED_EDGE('',*,*,#1139,.F.);
#1625=ORIENTED_EDGE('',*,*,#1120,.T.);
#1626=ORIENTED_EDGE('',*,*,#1113,.T.);
#1627=ORIENTED_EDGE('',*,*,#1139,.T.);
#1628=ORIENTED_EDGE('',*,*,#1140,.F.);
#1629=ORIENTED_EDGE('',*,*,#1141,.F.);
#1630=ORIENTED_EDGE('',*,*,#1105,.T.);
#1631=ORIENTED_EDGE('',*,*,#1119,.T.);
#1632=ORIENTED_EDGE('',*,*,#1125,.T.);
#1633=ORIENTED_EDGE('',*,*,#1106,.T.);
#1634=ORIENTED_EDGE('',*,*,#1141,.T.);
#1635=ORIENTED_EDGE('',*,*,#1142,.F.);
#1636=ORIENTED_EDGE('',*,*,#1127,.F.);
#1637=ORIENTED_EDGE('',*,*,#1142,.T.);
#1638=ORIENTED_EDGE('',*,*,#1140,.T.);
#1639=ORIENTED_EDGE('',*,*,#1138,.T.);
#1640=ORIENTED_EDGE('',*,*,#1136,.T.);
#1641=ORIENTED_EDGE('',*,*,#1134,.T.);
#1642=ORIENTED_EDGE('',*,*,#1132,.T.);
#1643=ORIENTED_EDGE('',*,*,#1130,.T.);
#1644=ORIENTED_EDGE('',*,*,#1128,.T.);
#1645=ORIENTED_EDGE('',*,*,#1086,.T.);
#1646=ORIENTED_EDGE('',*,*,#1102,.T.);
#1647=ORIENTED_EDGE('',*,*,#1097,.T.);
#1648=ORIENTED_EDGE('',*,*,#1126,.T.);
#1649=ORIENTED_EDGE('',*,*,#1089,.T.);
#1650=ORIENTED_EDGE('',*,*,#1100,.T.);
#1651=ORIENTED_EDGE('',*,*,#1092,.T.);
#1652=ORIENTED_EDGE('',*,*,#1123,.T.);
#1653=CYLINDRICAL_SURFACE('',#1780,9.);
#1654=CYLINDRICAL_SURFACE('',#1785,9.);
#1655=CYLINDRICAL_SURFACE('',#1791,9.);
#1656=CYLINDRICAL_SURFACE('',#1796,1.86);
#1657=CYLINDRICAL_SURFACE('',#1806,1.86);
#1658=CYLINDRICAL_SURFACE('',#1816,1.86);
#1659=CYLINDRICAL_SURFACE('',#1831,0.8115);
#1660=CYLINDRICAL_SURFACE('',#1835,0.8115);
#1661=CYLINDRICAL_SURFACE('',#1841,0.8115);
#1662=CYLINDRICAL_SURFACE('',#1845,0.8115);
#1663=CYLINDRICAL_SURFACE('',#1858,1.);
#1664=CYLINDRICAL_SURFACE('',#1860,1.5);
#1665=CYLINDRICAL_SURFACE('',#1863,1.);
#1666=CYLINDRICAL_SURFACE('',#1866,1.);
#1667=CYLINDRICAL_SURFACE('',#1871,0.500000000000025);
#1668=CYLINDRICAL_SURFACE('',#1875,0.500000000000009);
#1669=CYLINDRICAL_SURFACE('',#1879,0.500000000000025);
#1670=CYLINDRICAL_SURFACE('',#1883,0.500000000000007);
#1671=CYLINDRICAL_SURFACE('',#1894,1.99999999999999);
#1672=CYLINDRICAL_SURFACE('',#1896,1.99999999999999);
#1673=CYLINDRICAL_SURFACE('',#1898,2.00000000000001);
#1674=CYLINDRICAL_SURFACE('',#1899,2.00000000000001);
#1675=CYLINDRICAL_SURFACE('',#1900,0.8115);
#1676=CYLINDRICAL_SURFACE('',#1903,0.8115);
#1677=CYLINDRICAL_SURFACE('',#1906,0.8115);
#1678=CYLINDRICAL_SURFACE('',#1909,0.8115);
#1679=CYLINDRICAL_SURFACE('',#1919,1.5);
#1680=CYLINDRICAL_SURFACE('',#1922,1.);
#1681=CYLINDRICAL_SURFACE('',#1929,1.99999999999999);
#1682=CYLINDRICAL_SURFACE('',#1932,1.99999999999999);
#1683=CYLINDRICAL_SURFACE('',#1935,2.00000000000001);
#1684=CYLINDRICAL_SURFACE('',#1938,2.00000000000001);
#1685=ADVANCED_FACE('',(#88),#1653,.F.);
#1686=ADVANCED_FACE('',(#89),#1654,.F.);
#1687=ADVANCED_FACE('',(#90),#29,.T.);
#1688=ADVANCED_FACE('',(#91),#1655,.F.);
#1689=ADVANCED_FACE('',(#92),#1656,.F.);
#1690=ADVANCED_FACE('',(#93),#30,.T.);
#1691=ADVANCED_FACE('',(#94),#31,.T.);
#1692=ADVANCED_FACE('',(#95),#32,.F.);
#1693=ADVANCED_FACE('',(#96),#33,.T.);
#1694=ADVANCED_FACE('',(#97,#19),#34,.T.);
#1695=ADVANCED_FACE('',(#98,#20),#35,.F.);
#1696=ADVANCED_FACE('',(#99),#36,.T.);
#1697=ADVANCED_FACE('',(#100),#1657,.F.);
#1698=ADVANCED_FACE('',(#101),#37,.T.);
#1699=ADVANCED_FACE('',(#102),#38,.T.);
#1700=ADVANCED_FACE('',(#103),#39,.F.);
#1701=ADVANCED_FACE('',(#104),#40,.T.);
#1702=ADVANCED_FACE('',(#105,#21),#41,.T.);
#1703=ADVANCED_FACE('',(#106,#22),#42,.F.);
#1704=ADVANCED_FACE('',(#107),#43,.T.);
#1705=ADVANCED_FACE('',(#108),#1658,.F.);
#1706=ADVANCED_FACE('',(#109),#44,.T.);
#1707=ADVANCED_FACE('',(#110),#45,.T.);
#1708=ADVANCED_FACE('',(#111),#46,.T.);
#1709=ADVANCED_FACE('',(#112,#23),#47,.T.);
#1710=ADVANCED_FACE('',(#113,#24),#48,.F.);
#1711=ADVANCED_FACE('',(#114),#49,.T.);
#1712=ADVANCED_FACE('',(#115),#50,.T.);
#1713=ADVANCED_FACE('',(#116),#51,.F.);
#1714=ADVANCED_FACE('',(#117),#52,.T.);
#1715=ADVANCED_FACE('',(#118),#53,.F.);
#1716=ADVANCED_FACE('',(#119),#54,.F.);
#1717=ADVANCED_FACE('',(#120),#55,.T.);
#1718=ADVANCED_FACE('',(#121),#1659,.F.);
#1719=ADVANCED_FACE('',(#122),#56,.T.);
#1720=ADVANCED_FACE('',(#123),#1660,.F.);
#1721=ADVANCED_FACE('',(#124),#57,.T.);
#1722=ADVANCED_FACE('',(#125),#58,.T.);
#1723=ADVANCED_FACE('',(#126),#1661,.F.);
#1724=ADVANCED_FACE('',(#127),#59,.T.);
#1725=ADVANCED_FACE('',(#128),#1662,.F.);
#1726=ADVANCED_FACE('',(#129),#60,.T.);
#1727=ADVANCED_FACE('',(#130),#61,.T.);
#1728=ADVANCED_FACE('',(#131),#62,.T.);
#1729=ADVANCED_FACE('',(#132),#1663,.F.);
#1730=ADVANCED_FACE('',(#133),#1664,.F.);
#1731=ADVANCED_FACE('',(#134),#63,.F.);
#1732=ADVANCED_FACE('',(#135),#1665,.F.);
#1733=ADVANCED_FACE('',(#136),#64,.F.);
#1734=ADVANCED_FACE('',(#137),#1666,.F.);
#1735=ADVANCED_FACE('',(#138),#65,.F.);
#1736=ADVANCED_FACE('',(#139),#66,.T.);
#1737=ADVANCED_FACE('',(#140),#67,.F.);
#1738=ADVANCED_FACE('',(#141),#1667,.F.);
#1739=ADVANCED_FACE('',(#142),#68,.F.);
#1740=ADVANCED_FACE('',(#143),#1668,.F.);
#1741=ADVANCED_FACE('',(#144),#69,.F.);
#1742=ADVANCED_FACE('',(#145),#1669,.F.);
#1743=ADVANCED_FACE('',(#146),#70,.F.);
#1744=ADVANCED_FACE('',(#147),#1670,.F.);
#1745=ADVANCED_FACE('',(#148,#25),#71,.F.);
#1746=ADVANCED_FACE('',(#149),#72,.T.);
#1747=ADVANCED_FACE('',(#150,#26),#73,.T.);
#1748=ADVANCED_FACE('',(#151),#74,.T.);
#1749=ADVANCED_FACE('',(#152),#1671,.T.);
#1750=ADVANCED_FACE('',(#153),#75,.T.);
#1751=ADVANCED_FACE('',(#154),#1672,.T.);
#1752=ADVANCED_FACE('',(#155,#27),#76,.T.);
#1753=ADVANCED_FACE('',(#156),#1673,.T.);
#1754=ADVANCED_FACE('',(#157),#1674,.T.);
#1755=ADVANCED_FACE('',(#158),#1675,.F.);
#1756=ADVANCED_FACE('',(#159),#1676,.F.);
#1757=ADVANCED_FACE('',(#160),#1677,.F.);
#1758=ADVANCED_FACE('',(#161),#1678,.F.);
#1759=ADVANCED_FACE('',(#162),#77,.T.);
#1760=ADVANCED_FACE('',(#163),#78,.T.);
#1761=ADVANCED_FACE('',(#164),#79,.F.);
#1762=ADVANCED_FACE('',(#165),#1679,.F.);
#1763=ADVANCED_FACE('',(#166),#1680,.F.);
#1764=ADVANCED_FACE('',(#167),#80,.T.);
#1765=ADVANCED_FACE('',(#168),#81,.F.);
#1766=ADVANCED_FACE('',(#169),#82,.T.);
#1767=ADVANCED_FACE('',(#170),#83,.T.);
#1768=ADVANCED_FACE('',(#171),#1681,.T.);
#1769=ADVANCED_FACE('',(#172),#84,.T.);
#1770=ADVANCED_FACE('',(#173),#1682,.T.);
#1771=ADVANCED_FACE('',(#174),#85,.T.);
#1772=ADVANCED_FACE('',(#175),#1683,.T.);
#1773=ADVANCED_FACE('',(#176),#86,.T.);
#1774=ADVANCED_FACE('',(#177),#1684,.T.);
#1775=ADVANCED_FACE('',(#178,#28),#87,.T.);
#1776=CLOSED_SHELL('',(#1685,#1686,#1687,#1688,#1689,#1690,#1691,#1692,
#1693,#1694,#1695,#1696,#1697,#1698,#1699,#1700,#1701,#1702,#1703,#1704,
#1705,#1706,#1707,#1708,#1709,#1710,#1711,#1712,#1713,#1714,#1715,#1716,
#1717));
#1777=CLOSED_SHELL('',(#1718,#1719,#1720,#1721,#1722,#1723,#1724,#1725,
#1726,#1727,#1728,#1729,#1730,#1731,#1732,#1733,#1734,#1735,#1736,#1737,
#1738,#1739,#1740,#1741,#1742,#1743,#1744,#1745,#1746,#1747,#1748,#1749,
#1750,#1751,#1752,#1753,#1754));
#1778=CLOSED_SHELL('',(#1755,#1756,#1757,#1758,#1759,#1760,#1761,#1762,
#1763,#1764,#1765,#1766,#1767,#1768,#1769,#1770,#1771,#1772,#1773,#1774,
#1775));
#1779=AXIS2_PLACEMENT_3D('',#2450,#1941,#1942);
#1780=AXIS2_PLACEMENT_3D('',#2451,#1943,#1944);
#1781=AXIS2_PLACEMENT_3D('',#2454,#1945,#1946);
#1782=AXIS2_PLACEMENT_3D('',#2458,#1948,#1949);
#1783=AXIS2_PLACEMENT_3D('',#2460,#1950,#1951);
#1784=AXIS2_PLACEMENT_3D('',#2463,#1953,#1954);
#1785=AXIS2_PLACEMENT_3D('',#2464,#1955,#1956);
#1786=AXIS2_PLACEMENT_3D('',#2467,#1957,#1958);
#1787=AXIS2_PLACEMENT_3D('',#2471,#1960,#1961);
#1788=AXIS2_PLACEMENT_3D('',#2473,#1962,#1963);
#1789=AXIS2_PLACEMENT_3D('',#2476,#1965,#1966);
#1790=AXIS2_PLACEMENT_3D('',#2477,#1967,#1968);
#1791=AXIS2_PLACEMENT_3D('',#2510,#1985,#1986);
#1792=AXIS2_PLACEMENT_3D('',#2513,#1987,#1988);
#1793=AXIS2_PLACEMENT_3D('',#2517,#1990,#1991);
#1794=AXIS2_PLACEMENT_3D('',#2519,#1992,#1993);
#1795=AXIS2_PLACEMENT_3D('',#2522,#1995,#1996);
#1796=AXIS2_PLACEMENT_3D('',#2523,#1997,#1998);
#1797=AXIS2_PLACEMENT_3D('',#2525,#1999,#2000);
#1798=AXIS2_PLACEMENT_3D('',#2528,#2002,#2003);
#1799=AXIS2_PLACEMENT_3D('',#2529,#2004,#2005);
#1800=AXIS2_PLACEMENT_3D('',#2535,#2009,#2010);
#1801=AXIS2_PLACEMENT_3D('',#2539,#2013,#2014);
#1802=AXIS2_PLACEMENT_3D('',#2543,#2017,#2018);
#1803=AXIS2_PLACEMENT_3D('',#2546,#2021,#2022);
#1804=AXIS2_PLACEMENT_3D('',#2548,#2024,#2025);
#1805=AXIS2_PLACEMENT_3D('',#2550,#2027,#2028);
#1806=AXIS2_PLACEMENT_3D('',#2555,#2032,#2033);
#1807=AXIS2_PLACEMENT_3D('',#2557,#2034,#2035);
#1808=AXIS2_PLACEMENT_3D('',#2560,#2037,#2038);
#1809=AXIS2_PLACEMENT_3D('',#2561,#2039,#2040);
#1810=AXIS2_PLACEMENT_3D('',#2567,#2044,#2045);
#1811=AXIS2_PLACEMENT_3D('',#2571,#2048,#2049);
#1812=AXIS2_PLACEMENT_3D('',#2575,#2052,#2053);
#1813=AXIS2_PLACEMENT_3D('',#2578,#2056,#2057);
#1814=AXIS2_PLACEMENT_3D('',#2580,#2059,#2060);
#1815=AXIS2_PLACEMENT_3D('',#2582,#2062,#2063);
#1816=AXIS2_PLACEMENT_3D('',#2584,#2065,#2066);
#1817=AXIS2_PLACEMENT_3D('',#2586,#2067,#2068);
#1818=AXIS2_PLACEMENT_3D('',#2589,#2070,#2071);
#1819=AXIS2_PLACEMENT_3D('',#2590,#2072,#2073);
#1820=AXIS2_PLACEMENT_3D('',#2596,#2077,#2078);
#1821=AXIS2_PLACEMENT_3D('',#2598,#2080,#2081);
#1822=AXIS2_PLACEMENT_3D('',#2601,#2084,#2085);
#1823=AXIS2_PLACEMENT_3D('',#2602,#2086,#2087);
#1824=AXIS2_PLACEMENT_3D('',#2604,#2089,#2090);
#1825=AXIS2_PLACEMENT_3D('',#2608,#2093,#2094);
#1826=AXIS2_PLACEMENT_3D('',#2614,#2098,#2099);
#1827=AXIS2_PLACEMENT_3D('',#2618,#2102,#2103);
#1828=AXIS2_PLACEMENT_3D('',#2623,#2107,#2108);
#1829=AXIS2_PLACEMENT_3D('',#2625,#2110,#2111);
#1830=AXIS2_PLACEMENT_3D('',#2626,#2112,#2113);
#1831=AXIS2_PLACEMENT_3D('',#2627,#2114,#2115);
#1832=AXIS2_PLACEMENT_3D('',#2632,#2117,#2118);
#1833=AXIS2_PLACEMENT_3D('',#2635,#2120,#2121);
#1834=AXIS2_PLACEMENT_3D('',#2636,#2122,#2123);
#1835=AXIS2_PLACEMENT_3D('',#2640,#2126,#2127);
#1836=AXIS2_PLACEMENT_3D('',#2645,#2129,#2130);
#1837=AXIS2_PLACEMENT_3D('',#2648,#2132,#2133);
#1838=AXIS2_PLACEMENT_3D('',#2649,#2134,#2135);
#1839=AXIS2_PLACEMENT_3D('',#2653,#2138,#2139);
#1840=AXIS2_PLACEMENT_3D('',#2658,#2141,#2142);
#1841=AXIS2_PLACEMENT_3D('',#2660,#2144,#2145);
#1842=AXIS2_PLACEMENT_3D('',#2664,#2147,#2148);
#1843=AXIS2_PLACEMENT_3D('',#2666,#2150,#2151);
#1844=AXIS2_PLACEMENT_3D('',#2671,#2153,#2154);
#1845=AXIS2_PLACEMENT_3D('',#2673,#2156,#2157);
#1846=AXIS2_PLACEMENT_3D('',#2677,#2159,#2160);
#1847=AXIS2_PLACEMENT_3D('',#2679,#2162,#2163);
#1848=AXIS2_PLACEMENT_3D('',#2683,#2165,#2166);
#1849=AXIS2_PLACEMENT_3D('',#2687,#2168,#2169);
#1850=AXIS2_PLACEMENT_3D('',#2691,#2171,#2172);
#1851=AXIS2_PLACEMENT_3D('',#2695,#2174,#2175);
#1852=AXIS2_PLACEMENT_3D('',#2702,#2180,#2181);
#1853=AXIS2_PLACEMENT_3D('',#2711,#2187,#2188);
#1854=AXIS2_PLACEMENT_3D('',#2715,#2190,#2191);
#1855=AXIS2_PLACEMENT_3D('',#2719,#2193,#2194);
#1856=AXIS2_PLACEMENT_3D('',#2723,#2196,#2197);
#1857=AXIS2_PLACEMENT_3D('',#2727,#2200,#2201);
#1858=AXIS2_PLACEMENT_3D('',#2733,#2205,#2206);
#1859=AXIS2_PLACEMENT_3D('',#2736,#2208,#2209);
#1860=AXIS2_PLACEMENT_3D('',#2737,#2210,#2211);
#1861=AXIS2_PLACEMENT_3D('',#2739,#2212,#2213);
#1862=AXIS2_PLACEMENT_3D('',#2741,#2215,#2216);
#1863=AXIS2_PLACEMENT_3D('',#2745,#2219,#2220);
#1864=AXIS2_PLACEMENT_3D('',#2747,#2221,#2222);
#1865=AXIS2_PLACEMENT_3D('',#2749,#2224,#2225);
#1866=AXIS2_PLACEMENT_3D('',#2753,#2228,#2229);
#1867=AXIS2_PLACEMENT_3D('',#2755,#2230,#2231);
#1868=AXIS2_PLACEMENT_3D('',#2757,#2233,#2234);
#1869=AXIS2_PLACEMENT_3D('',#2759,#2236,#2237);
#1870=AXIS2_PLACEMENT_3D('',#2765,#2241,#2242);
#1871=AXIS2_PLACEMENT_3D('',#2774,#2247,#2248);
#1872=AXIS2_PLACEMENT_3D('',#2776,#2249,#2250);
#1873=AXIS2_PLACEMENT_3D('',#2778,#2251,#2252);
#1874=AXIS2_PLACEMENT_3D('',#2780,#2254,#2255);
#1875=AXIS2_PLACEMENT_3D('',#2786,#2259,#2260);
#1876=AXIS2_PLACEMENT_3D('',#2788,#2261,#2262);
#1877=AXIS2_PLACEMENT_3D('',#2790,#2263,#2264);
#1878=AXIS2_PLACEMENT_3D('',#2792,#2266,#2267);
#1879=AXIS2_PLACEMENT_3D('',#2798,#2271,#2272);
#1880=AXIS2_PLACEMENT_3D('',#2800,#2273,#2274);
#1881=AXIS2_PLACEMENT_3D('',#2803,#2276,#2277);
#1882=AXIS2_PLACEMENT_3D('',#2804,#2278,#2279);
#1883=AXIS2_PLACEMENT_3D('',#2810,#2283,#2284);
#1884=AXIS2_PLACEMENT_3D('',#2811,#2285,#2286);
#1885=AXIS2_PLACEMENT_3D('',#2812,#2287,#2288);
#1886=AXIS2_PLACEMENT_3D('',#2813,#2289,#2290);
#1887=AXIS2_PLACEMENT_3D('',#2815,#2291,#2292);
#1888=AXIS2_PLACEMENT_3D('',#2819,#2294,#2295);
#1889=AXIS2_PLACEMENT_3D('',#2823,#2297,#2298);
#1890=AXIS2_PLACEMENT_3D('',#2826,#2300,#2301);
#1891=AXIS2_PLACEMENT_3D('',#2829,#2304,#2305);
#1892=AXIS2_PLACEMENT_3D('',#2830,#2306,#2307);
#1893=AXIS2_PLACEMENT_3D('',#2831,#2308,#2309);
#1894=AXIS2_PLACEMENT_3D('',#2834,#2312,#2313);
#1895=AXIS2_PLACEMENT_3D('',#2836,#2315,#2316);
#1896=AXIS2_PLACEMENT_3D('',#2838,#2318,#2319);
#1897=AXIS2_PLACEMENT_3D('',#2840,#2321,#2322);
#1898=AXIS2_PLACEMENT_3D('',#2842,#2324,#2325);
#1899=AXIS2_PLACEMENT_3D('',#2843,#2326,#2327);
#1900=AXIS2_PLACEMENT_3D('',#2844,#2328,#2329);
#1901=AXIS2_PLACEMENT_3D('',#2849,#2331,#2332);
#1902=AXIS2_PLACEMENT_3D('',#2852,#2334,#2335);
#1903=AXIS2_PLACEMENT_3D('',#2853,#2336,#2337);
#1904=AXIS2_PLACEMENT_3D('',#2856,#2338,#2339);
#1905=AXIS2_PLACEMENT_3D('',#2860,#2341,#2342);
#1906=AXIS2_PLACEMENT_3D('',#2862,#2344,#2345);
#1907=AXIS2_PLACEMENT_3D('',#2867,#2347,#2348);
#1908=AXIS2_PLACEMENT_3D('',#2870,#2350,#2351);
#1909=AXIS2_PLACEMENT_3D('',#2871,#2352,#2353);
#1910=AXIS2_PLACEMENT_3D('',#2874,#2354,#2355);
#1911=AXIS2_PLACEMENT_3D('',#2878,#2357,#2358);
#1912=AXIS2_PLACEMENT_3D('',#2880,#2360,#2361);
#1913=AXIS2_PLACEMENT_3D('',#2883,#2364,#2365);
#1914=AXIS2_PLACEMENT_3D('',#2886,#2368,#2369);
#1915=AXIS2_PLACEMENT_3D('',#2894,#2373,#2374);
#1916=AXIS2_PLACEMENT_3D('',#2898,#2376,#2377);
#1917=AXIS2_PLACEMENT_3D('',#2902,#2379,#2380);
#1918=AXIS2_PLACEMENT_3D('',#2906,#2382,#2383);
#1919=AXIS2_PLACEMENT_3D('',#2913,#2388,#2389);
#1920=AXIS2_PLACEMENT_3D('',#2915,#2390,#2391);
#1921=AXIS2_PLACEMENT_3D('',#2918,#2393,#2394);
#1922=AXIS2_PLACEMENT_3D('',#2919,#2395,#2396);
#1923=AXIS2_PLACEMENT_3D('',#2921,#2397,#2398);
#1924=AXIS2_PLACEMENT_3D('',#2924,#2400,#2401);
#1925=AXIS2_PLACEMENT_3D('',#2925,#2402,#2403);
#1926=AXIS2_PLACEMENT_3D('',#2928,#2406,#2407);
#1927=AXIS2_PLACEMENT_3D('',#2930,#2409,#2410);
#1928=AXIS2_PLACEMENT_3D('',#2932,#2412,#2413);
#1929=AXIS2_PLACEMENT_3D('',#2938,#2417,#2418);
#1930=AXIS2_PLACEMENT_3D('',#2940,#2419,#2420);
#1931=AXIS2_PLACEMENT_3D('',#2942,#2422,#2423);
#1932=AXIS2_PLACEMENT_3D('',#2946,#2426,#2427);
#1933=AXIS2_PLACEMENT_3D('',#2948,#2428,#2429);
#1934=AXIS2_PLACEMENT_3D('',#2950,#2431,#2432);
#1935=AXIS2_PLACEMENT_3D('',#2954,#2435,#2436);
#1936=AXIS2_PLACEMENT_3D('',#2956,#2437,#2438);
#1937=AXIS2_PLACEMENT_3D('',#2958,#2440,#2441);
#1938=AXIS2_PLACEMENT_3D('',#2962,#2444,#2445);
#1939=AXIS2_PLACEMENT_3D('',#2963,#2446,#2447);
#1940=AXIS2_PLACEMENT_3D('',#2964,#2448,#2449);
#1941=DIRECTION('axis',(0.,0.,1.));
#1942=DIRECTION('refdir',(1.,0.,0.));
#1943=DIRECTION('center_axis',(1.,0.,0.));
#1944=DIRECTION('ref_axis',(0.,0.,-1.));
#1945=DIRECTION('center_axis',(1.,0.,0.));
#1946=DIRECTION('ref_axis',(0.,0.,-1.));
#1947=DIRECTION('',(1.,0.,0.));
#1948=DIRECTION('center_axis',(-1.,0.,0.));
#1949=DIRECTION('ref_axis',(0.,0.,-1.));
#1950=DIRECTION('center_axis',(-1.,0.,0.));
#1951=DIRECTION('ref_axis',(0.,0.,-1.));
#1952=DIRECTION('',(1.,0.,0.));
#1953=DIRECTION('center_axis',(1.,0.,0.));
#1954=DIRECTION('ref_axis',(0.,0.,-1.));
#1955=DIRECTION('center_axis',(1.,0.,0.));
#1956=DIRECTION('ref_axis',(0.,0.,-1.));
#1957=DIRECTION('center_axis',(1.,0.,0.));
#1958=DIRECTION('ref_axis',(0.,0.,-1.));
#1959=DIRECTION('',(1.,0.,0.));
#1960=DIRECTION('center_axis',(-1.,0.,0.));
#1961=DIRECTION('ref_axis',(0.,0.,-1.));
#1962=DIRECTION('center_axis',(-1.,0.,0.));
#1963=DIRECTION('ref_axis',(0.,0.,-1.));
#1964=DIRECTION('',(1.,0.,0.));
#1965=DIRECTION('center_axis',(1.,0.,0.));
#1966=DIRECTION('ref_axis',(0.,0.,-1.));
#1967=DIRECTION('center_axis',(-6.25477751031856E-17,0.,-1.));
#1968=DIRECTION('ref_axis',(-1.,3.12738875515928E-17,6.25477751031856E-17));
#1969=DIRECTION('',(0.,1.,0.));
#1970=DIRECTION('',(1.,0.,0.));
#1971=DIRECTION('',(0.,1.,0.));
#1972=DIRECTION('',(-1.,3.12738875515928E-17,6.25477751031856E-17));
#1973=DIRECTION('',(0.,-1.,0.));
#1974=DIRECTION('',(1.,-3.12738875515928E-17,-6.25477751031856E-17));
#1975=DIRECTION('',(0.,1.,0.));
#1976=DIRECTION('',(-1.,3.12738875515928E-17,6.25477751031856E-17));
#1977=DIRECTION('',(0.,1.,0.));
#1978=DIRECTION('',(1.,0.,0.));
#1979=DIRECTION('',(0.,1.,0.));
#1980=DIRECTION('',(-1.,3.12738875515928E-17,6.25477751031856E-17));
#1981=DIRECTION('',(0.,1.,0.));
#1982=DIRECTION('',(1.,0.,0.));
#1983=DIRECTION('',(0.,1.,0.));
#1984=DIRECTION('',(-1.,3.12738875515928E-17,6.25477751031856E-17));
#1985=DIRECTION('center_axis',(1.,0.,0.));
#1986=DIRECTION('ref_axis',(0.,0.,-1.));
#1987=DIRECTION('center_axis',(1.,0.,0.));
#1988=DIRECTION('ref_axis',(0.,0.,-1.));
#1989=DIRECTION('',(1.,0.,0.));
#1990=DIRECTION('center_axis',(-1.,0.,0.));
#1991=DIRECTION('ref_axis',(0.,0.,-1.));
#1992=DIRECTION('center_axis',(-1.,0.,0.));
#1993=DIRECTION('ref_axis',(0.,0.,-1.));
#1994=DIRECTION('',(1.,0.,0.));
#1995=DIRECTION('center_axis',(1.,0.,0.));
#1996=DIRECTION('ref_axis',(0.,0.,-1.));
#1997=DIRECTION('center_axis',(-1.,0.,2.22044604925031E-16));
#1998=DIRECTION('ref_axis',(0.,1.,0.));
#1999=DIRECTION('center_axis',(-1.,0.,0.));
#2000=DIRECTION('ref_axis',(0.,1.,0.));
#2001=DIRECTION('',(-1.,0.,2.22044604925031E-16));
#2002=DIRECTION('center_axis',(1.,0.,0.));
#2003=DIRECTION('ref_axis',(0.,1.,0.));
#2004=DIRECTION('center_axis',(0.,1.,0.));
#2005=DIRECTION('ref_axis',(0.,0.,1.));
#2006=DIRECTION('',(0.,0.,-1.));
#2007=DIRECTION('',(1.,0.,0.));
#2008=DIRECTION('',(0.,0.,1.));
#2009=DIRECTION('center_axis',(1.,0.,0.));
#2010=DIRECTION('ref_axis',(0.,0.,-1.));
#2011=DIRECTION('',(0.,-1.,0.));
#2012=DIRECTION('',(0.,0.,1.));
#2013=DIRECTION('center_axis',(1.,0.,0.));
#2014=DIRECTION('ref_axis',(0.,0.,-1.));
#2015=DIRECTION('',(0.,-1.,0.));
#2016=DIRECTION('',(0.,0.,-1.));
#2017=DIRECTION('center_axis',(0.,1.,0.));
#2018=DIRECTION('ref_axis',(0.,0.,1.));
#2019=DIRECTION('',(0.,0.,-1.));
#2020=DIRECTION('',(0.,0.,1.));
#2021=DIRECTION('center_axis',(1.,0.,0.));
#2022=DIRECTION('ref_axis',(0.,0.,-1.));
#2023=DIRECTION('',(0.,0.,1.));
#2024=DIRECTION('center_axis',(1.,0.,0.));
#2025=DIRECTION('ref_axis',(0.,0.,-1.));
#2026=DIRECTION('',(0.,0.,-1.));
#2027=DIRECTION('center_axis',(6.25477751031856E-17,1.,0.));
#2028=DIRECTION('ref_axis',(1.,-6.25477751031856E-17,0.));
#2029=DIRECTION('',(0.,0.,1.));
#2030=DIRECTION('',(0.,0.,1.));
#2031=DIRECTION('',(1.,-6.25477751031856E-17,6.25477751031856E-17));
#2032=DIRECTION('center_axis',(-1.,0.,2.22044604925031E-16));
#2033=DIRECTION('ref_axis',(0.,1.,0.));
#2034=DIRECTION('center_axis',(-1.,0.,0.));
#2035=DIRECTION('ref_axis',(0.,1.,0.));
#2036=DIRECTION('',(-1.,0.,2.22044604925031E-16));
#2037=DIRECTION('center_axis',(1.,0.,0.));
#2038=DIRECTION('ref_axis',(0.,1.,0.));
#2039=DIRECTION('center_axis',(0.,1.,0.));
#2040=DIRECTION('ref_axis',(0.,0.,1.));
#2041=DIRECTION('',(0.,0.,-1.));
#2042=DIRECTION('',(1.,0.,0.));
#2043=DIRECTION('',(0.,0.,1.));
#2044=DIRECTION('center_axis',(1.,0.,0.));
#2045=DIRECTION('ref_axis',(0.,0.,-1.));
#2046=DIRECTION('',(0.,-1.,0.));
#2047=DIRECTION('',(0.,0.,1.));
#2048=DIRECTION('center_axis',(1.,0.,0.));
#2049=DIRECTION('ref_axis',(0.,0.,-1.));
#2050=DIRECTION('',(0.,-1.,0.));
#2051=DIRECTION('',(0.,0.,-1.));
#2052=DIRECTION('center_axis',(0.,1.,0.));
#2053=DIRECTION('ref_axis',(0.,0.,1.));
#2054=DIRECTION('',(0.,0.,-1.));
#2055=DIRECTION('',(0.,0.,1.));
#2056=DIRECTION('center_axis',(1.,0.,0.));
#2057=DIRECTION('ref_axis',(0.,0.,-1.));
#2058=DIRECTION('',(0.,0.,1.));
#2059=DIRECTION('center_axis',(1.,0.,0.));
#2060=DIRECTION('ref_axis',(0.,0.,-1.));
#2061=DIRECTION('',(0.,0.,-1.));
#2062=DIRECTION('center_axis',(6.25477751031856E-17,1.,0.));
#2063=DIRECTION('ref_axis',(1.,-6.25477751031856E-17,0.));
#2064=DIRECTION('',(1.,-6.25477751031856E-17,6.25477751031856E-17));
#2065=DIRECTION('center_axis',(-1.,0.,2.22044604925031E-16));
#2066=DIRECTION('ref_axis',(0.,1.,0.));
#2067=DIRECTION('center_axis',(-1.,0.,0.));
#2068=DIRECTION('ref_axis',(0.,1.,0.));
#2069=DIRECTION('',(-1.,0.,2.22044604925031E-16));
#2070=DIRECTION('center_axis',(1.,0.,0.));
#2071=DIRECTION('ref_axis',(0.,1.,0.));
#2072=DIRECTION('center_axis',(0.,1.,0.));
#2073=DIRECTION('ref_axis',(0.,0.,1.));
#2074=DIRECTION('',(0.,0.,-1.));
#2075=DIRECTION('',(1.,0.,0.));
#2076=DIRECTION('',(0.,0.,1.));
#2077=DIRECTION('center_axis',(1.,0.,0.));
#2078=DIRECTION('ref_axis',(0.,0.,-1.));
#2079=DIRECTION('',(0.,-1.,0.));
#2080=DIRECTION('center_axis',(0.,1.,0.));
#2081=DIRECTION('ref_axis',(0.,0.,1.));
#2082=DIRECTION('',(0.,0.,-1.));
#2083=DIRECTION('',(0.,0.,1.));
#2084=DIRECTION('center_axis',(1.,0.,0.));
#2085=DIRECTION('ref_axis',(0.,0.,-1.));
#2086=DIRECTION('center_axis',(1.,0.,0.));
#2087=DIRECTION('ref_axis',(0.,0.,-1.));
#2088=DIRECTION('',(0.,0.,-1.));
#2089=DIRECTION('center_axis',(6.25477751031856E-17,1.,0.));
#2090=DIRECTION('ref_axis',(1.,-6.25477751031856E-17,0.));
#2091=DIRECTION('',(1.,-6.25477751031856E-17,6.25477751031856E-17));
#2092=DIRECTION('',(0.,0.,-1.));
#2093=DIRECTION('center_axis',(6.25477751031856E-17,1.,0.));
#2094=DIRECTION('ref_axis',(1.,-6.25477751031856E-17,0.));
#2095=DIRECTION('',(0.,0.,1.));
#2096=DIRECTION('',(1.,-6.25477751031856E-17,6.25477751031856E-17));
#2097=DIRECTION('',(0.,0.,-1.));
#2098=DIRECTION('center_axis',(-1.,0.,0.));
#2099=DIRECTION('ref_axis',(0.,-1.,0.));
#2100=DIRECTION('',(0.,1.,0.));
#2101=DIRECTION('',(0.,0.,1.));
#2102=DIRECTION('center_axis',(-6.25477751031856E-17,0.,1.));
#2103=DIRECTION('ref_axis',(1.,-6.25477751031856E-17,6.25477751031856E-17));
#2104=DIRECTION('',(0.,-1.,0.));
#2105=DIRECTION('',(0.,1.,0.));
#2106=DIRECTION('',(-1.,6.25477751031856E-17,-6.25477751031856E-17));
#2107=DIRECTION('center_axis',(6.25477751031856E-17,1.,0.));
#2108=DIRECTION('ref_axis',(1.,-6.25477751031856E-17,0.));
#2109=DIRECTION('',(0.,0.,-1.));
#2110=DIRECTION('center_axis',(1.,0.,-2.22044604925031E-16));
#2111=DIRECTION('ref_axis',(-2.22044604925031E-16,0.,-1.));
#2112=DIRECTION('center_axis',(-1.,0.,0.));
#2113=DIRECTION('ref_axis',(0.,0.,1.));
#2114=DIRECTION('center_axis',(0.,-1.,0.));
#2115=DIRECTION('ref_axis',(-0.630489852010983,0.,-0.776197491951094));
#2116=DIRECTION('',(0.,1.,0.));
#2117=DIRECTION('center_axis',(0.,-1.,0.));
#2118=DIRECTION('ref_axis',(1.,0.,0.));
#2119=DIRECTION('',(0.,-1.,0.));
#2120=DIRECTION('center_axis',(0.,-1.,0.));
#2121=DIRECTION('ref_axis',(1.,0.,0.));
#2122=DIRECTION('center_axis',(0.,1.,0.));
#2123=DIRECTION('ref_axis',(1.,0.,0.));
#2124=DIRECTION('',(0.,0.,1.));
#2125=DIRECTION('',(-1.,0.,0.));
#2126=DIRECTION('center_axis',(0.,-1.,0.));
#2127=DIRECTION('ref_axis',(0.623402023638703,0.,0.781901475202068));
#2128=DIRECTION('',(0.,1.,0.));
#2129=DIRECTION('center_axis',(0.,-1.,0.));
#2130=DIRECTION('ref_axis',(1.,0.,0.));
#2131=DIRECTION('',(0.,-1.,0.));
#2132=DIRECTION('center_axis',(0.,-1.,0.));
#2133=DIRECTION('ref_axis',(1.,0.,0.));
#2134=DIRECTION('center_axis',(0.,1.,0.));
#2135=DIRECTION('ref_axis',(1.,0.,0.));
#2136=DIRECTION('',(0.,0.,-1.));
#2137=DIRECTION('',(1.,0.,0.));
#2138=DIRECTION('center_axis',(0.,1.,0.));
#2139=DIRECTION('ref_axis',(1.,0.,0.));
#2140=DIRECTION('',(0.,0.,1.));
#2141=DIRECTION('center_axis',(0.,-1.,0.));
#2142=DIRECTION('ref_axis',(1.,0.,0.));
#2143=DIRECTION('',(1.,0.,0.));
#2144=DIRECTION('center_axis',(0.,-1.,0.));
#2145=DIRECTION('ref_axis',(-0.518732553372217,0.,0.854936569619022));
#2146=DIRECTION('',(0.,-1.,0.));
#2147=DIRECTION('center_axis',(0.,-1.,0.));
#2148=DIRECTION('ref_axis',(1.,0.,0.));
#2149=DIRECTION('',(0.,1.,0.));
#2150=DIRECTION('center_axis',(0.,1.,0.));
#2151=DIRECTION('ref_axis',(1.,0.,0.));
#2152=DIRECTION('',(0.,0.,-1.));
#2153=DIRECTION('center_axis',(0.,-1.,0.));
#2154=DIRECTION('ref_axis',(1.,0.,0.));
#2155=DIRECTION('',(-1.,0.,0.));
#2156=DIRECTION('center_axis',(0.,-1.,0.));
#2157=DIRECTION('ref_axis',(0.663763773925453,0.,-0.74794227880515));
#2158=DIRECTION('',(0.,-1.,0.));
#2159=DIRECTION('center_axis',(0.,-1.,0.));
#2160=DIRECTION('ref_axis',(1.,0.,0.));
#2161=DIRECTION('',(0.,1.,0.));
#2162=DIRECTION('center_axis',(1.,0.,0.));
#2163=DIRECTION('ref_axis',(0.,0.,-1.));
#2164=DIRECTION('',(0.,0.,-1.));
#2165=DIRECTION('center_axis',(1.,0.,0.));
#2166=DIRECTION('ref_axis',(0.,0.,-1.));
#2167=DIRECTION('',(0.,1.,0.));
#2168=DIRECTION('center_axis',(1.,0.,0.));
#2169=DIRECTION('ref_axis',(0.,-1.,1.11022302462516E-15));
#2170=DIRECTION('',(0.,-6.16790558002881E-17,-1.));
#2171=DIRECTION('center_axis',(1.,0.,0.));
#2172=DIRECTION('ref_axis',(0.,-1.66533453693773E-15,1.));
#2173=DIRECTION('',(0.,-1.,0.));
#2174=DIRECTION('center_axis',(1.,0.,0.));
#2175=DIRECTION('ref_axis',(0.,1.,0.));
#2176=DIRECTION('',(0.,0.,-1.));
#2177=DIRECTION('',(0.,1.,0.));
#2178=DIRECTION('',(0.,0.,1.));
#2179=DIRECTION('',(0.,1.,0.));
#2180=DIRECTION('center_axis',(0.,1.,0.));
#2181=DIRECTION('ref_axis',(1.,0.,0.));
#2182=DIRECTION('',(1.,0.,0.));
#2183=DIRECTION('',(0.,0.,1.));
#2184=DIRECTION('',(-1.,0.,0.));
#2185=DIRECTION('',(-1.,0.,0.));
#2186=DIRECTION('',(0.,0.,1.));
#2187=DIRECTION('center_axis',(0.,1.,0.));
#2188=DIRECTION('ref_axis',(-1.,0.,6.6613381477509E-15));
#2189=DIRECTION('',(1.,0.,-6.43607540360866E-17));
#2190=DIRECTION('center_axis',(0.,1.,0.));
#2191=DIRECTION('ref_axis',(0.,0.,1.));
#2192=DIRECTION('',(0.,0.,-1.));
#2193=DIRECTION('center_axis',(0.,1.,0.));
#2194=DIRECTION('ref_axis',(1.,0.,5.68989300120395E-15));
#2195=DIRECTION('',(-1.,0.,0.));
#2196=DIRECTION('center_axis',(0.,1.,0.));
#2197=DIRECTION('ref_axis',(-4.4408920985006E-15,0.,-1.));
#2198=DIRECTION('',(0.,0.,1.));
#2199=DIRECTION('',(1.,0.,0.));
#2200=DIRECTION('center_axis',(-1.,0.,0.));
#2201=DIRECTION('ref_axis',(0.,0.,1.));
#2202=DIRECTION('',(0.,1.,0.));
#2203=DIRECTION('',(0.,0.,-1.));
#2204=DIRECTION('',(0.,-1.,0.));
#2205=DIRECTION('center_axis',(1.,0.,0.));
#2206=DIRECTION('ref_axis',(0.,1.,0.));
#2207=DIRECTION('',(1.,0.,0.));
#2208=DIRECTION('center_axis',(1.,0.,0.));
#2209=DIRECTION('ref_axis',(0.,1.,0.));
#2210=DIRECTION('center_axis',(1.,0.,0.));
#2211=DIRECTION('ref_axis',(0.,0.,-1.));
#2212=DIRECTION('center_axis',(1.,0.,0.));
#2213=DIRECTION('ref_axis',(0.,0.,-1.));
#2214=DIRECTION('',(1.,0.,0.));
#2215=DIRECTION('center_axis',(0.,0.,1.));
#2216=DIRECTION('ref_axis',(0.,-1.,0.));
#2217=DIRECTION('',(0.,-1.,0.));
#2218=DIRECTION('',(1.,0.,0.));
#2219=DIRECTION('center_axis',(1.,0.,0.));
#2220=DIRECTION('ref_axis',(0.,-1.66533453693773E-15,1.));
#2221=DIRECTION('center_axis',(1.,0.,0.));
#2222=DIRECTION('ref_axis',(0.,-1.66533453693773E-15,1.));
#2223=DIRECTION('',(1.,0.,0.));
#2224=DIRECTION('center_axis',(0.,-1.,6.16790558002881E-17));
#2225=DIRECTION('ref_axis',(0.,-6.16790558002881E-17,-1.));
#2226=DIRECTION('',(0.,-6.16790558002881E-17,-1.));
#2227=DIRECTION('',(1.,0.,0.));
#2228=DIRECTION('center_axis',(1.,0.,0.));
#2229=DIRECTION('ref_axis',(0.,-1.,1.11022302462516E-15));
#2230=DIRECTION('center_axis',(1.,0.,0.));
#2231=DIRECTION('ref_axis',(0.,-1.,1.11022302462516E-15));
#2232=DIRECTION('',(1.,0.,0.));
#2233=DIRECTION('center_axis',(0.,0.,-1.));
#2234=DIRECTION('ref_axis',(0.,1.,0.));
#2235=DIRECTION('',(0.,1.,0.));
#2236=DIRECTION('center_axis',(-1.,0.,0.));
#2237=DIRECTION('ref_axis',(0.,0.,1.));
#2238=DIRECTION('',(0.,1.,0.));
#2239=DIRECTION('',(0.,0.,-1.));
#2240=DIRECTION('',(0.,1.,0.));
#2241=DIRECTION('center_axis',(1.,4.0252562770125E-31,7.72329060608805E-16));
#2242=DIRECTION('ref_axis',(2.24832298242789E-30,1.,-3.43227873367804E-15));
#2243=DIRECTION('',(-4.0252562770125E-31,1.,0.));
#2244=DIRECTION('',(-7.72329060608805E-16,3.42721020645157E-15,1.));
#2245=DIRECTION('',(4.0252562770125E-31,-1.,-2.59068529177015E-47));
#2246=DIRECTION('',(-7.72329060608805E-16,3.42721020645157E-15,1.));
#2247=DIRECTION('center_axis',(-7.72329060608805E-16,3.42721020645157E-15,
1.));
#2248=DIRECTION('ref_axis',(1.,5.32907051820049E-14,7.72329060608622E-16));
#2249=DIRECTION('center_axis',(0.,0.,1.));
#2250=DIRECTION('ref_axis',(1.,5.32907051820049E-14,7.72329060608622E-16));
#2251=DIRECTION('center_axis',(-6.43607540360866E-17,0.,-1.));
#2252=DIRECTION('ref_axis',(1.,5.32907051820049E-14,7.72329060608622E-16));
#2253=DIRECTION('',(-7.72329060608805E-16,3.42721020645157E-15,1.));
#2254=DIRECTION('center_axis',(2.24514844687184E-30,1.,-3.42721020645157E-15));
#2255=DIRECTION('ref_axis',(-1.,9.86076131526271E-32,-6.26323074574896E-16));
#2256=DIRECTION('',(-1.,2.24514844687184E-30,0.));
#2257=DIRECTION('',(1.,-2.46572627999924E-30,-6.43607540360866E-17));
#2258=DIRECTION('',(-7.72329060608805E-16,3.42721020645157E-15,1.));
#2259=DIRECTION('center_axis',(-7.72329060608805E-16,3.42721020645157E-15,
1.));
#2260=DIRECTION('ref_axis',(2.2444084115564E-30,1.,-3.42721020645157E-15));
#2261=DIRECTION('center_axis',(0.,0.,1.));
#2262=DIRECTION('ref_axis',(2.2444084115564E-30,1.,-3.42721020645157E-15));
#2263=DIRECTION('center_axis',(-6.43607540360866E-17,0.,-1.));
#2264=DIRECTION('ref_axis',(2.2444084115564E-30,1.,-3.42721020645157E-15));
#2265=DIRECTION('',(-7.72329060608805E-16,3.42721020645157E-15,1.));
#2266=DIRECTION('center_axis',(-1.,-4.0252562770125E-31,-7.72329060608805E-16));
#2267=DIRECTION('ref_axis',(-2.24832298242789E-30,-1.,3.43227873367804E-15));
#2268=DIRECTION('',(4.0252562770125E-31,-1.,0.));
#2269=DIRECTION('',(-4.0252562770125E-31,1.,2.59068529177015E-47));
#2270=DIRECTION('',(-7.72329060608805E-16,3.42721020645157E-15,1.));
#2271=DIRECTION('center_axis',(-7.72329060608805E-16,3.42721020645157E-15,
1.));
#2272=DIRECTION('ref_axis',(7.10542735760065E-14,-1.,3.42721020645163E-15));
#2273=DIRECTION('center_axis',(0.,0.,1.));
#2274=DIRECTION('ref_axis',(7.10542735760065E-14,-1.,3.42721020645163E-15));
#2275=DIRECTION('',(-7.72329060608805E-16,3.42721020645157E-15,1.));
#2276=DIRECTION('center_axis',(-6.43607540360866E-17,0.,-1.));
#2277=DIRECTION('ref_axis',(7.10542735760065E-14,-1.,3.42721020645163E-15));
#2278=DIRECTION('center_axis',(6.53072367426568E-16,-1.,3.42721020645157E-15));
#2279=DIRECTION('ref_axis',(1.,6.5307236742657E-16,6.26323074574894E-16));
#2280=DIRECTION('',(1.,6.53072367426568E-16,0.));
#2281=DIRECTION('',(-7.72329060608805E-16,3.42721020645157E-15,1.));
#2282=DIRECTION('',(-1.,-6.53072367426567E-16,6.43607540360866E-17));
#2283=DIRECTION('center_axis',(-7.72329060608805E-16,3.42721020645157E-15,
1.));
#2284=DIRECTION('ref_axis',(-1.,-1.77635683940023E-14,-7.72329060608744E-16));
#2285=DIRECTION('center_axis',(0.,0.,1.));
#2286=DIRECTION('ref_axis',(-1.,-1.77635683940023E-14,-7.72329060608744E-16));
#2287=DIRECTION('center_axis',(-6.43607540360866E-17,0.,-1.));
#2288=DIRECTION('ref_axis',(-1.,-1.77635683940023E-14,-7.72329060608744E-16));
#2289=DIRECTION('center_axis',(0.,1.,0.));
#2290=DIRECTION('ref_axis',(1.,0.,0.));
#2291=DIRECTION('center_axis',(0.,-1.,0.));
#2292=DIRECTION('ref_axis',(-4.4408920985006E-15,0.,-1.));
#2293=DIRECTION('',(1.,0.,0.));
#2294=DIRECTION('center_axis',(0.,-1.,0.));
#2295=DIRECTION('ref_axis',(1.,0.,5.68989300120395E-15));
#2296=DIRECTION('',(0.,0.,1.));
#2297=DIRECTION('center_axis',(0.,-1.,0.));
#2298=DIRECTION('ref_axis',(0.,0.,1.));
#2299=DIRECTION('',(-1.,0.,6.43607540360866E-17));
#2300=DIRECTION('center_axis',(0.,-1.,0.));
#2301=DIRECTION('ref_axis',(-1.,0.,6.6613381477509E-15));
#2302=DIRECTION('',(1.,0.,0.));
#2303=DIRECTION('',(-1.,0.,0.));
#2304=DIRECTION('center_axis',(0.,0.,1.));
#2305=DIRECTION('ref_axis',(1.,0.,0.));
#2306=DIRECTION('center_axis',(0.,0.,-1.));
#2307=DIRECTION('ref_axis',(-1.,0.,0.));
#2308=DIRECTION('center_axis',(0.,0.,-1.));
#2309=DIRECTION('ref_axis',(-1.,0.,0.));
#2310=DIRECTION('',(0.,-1.,0.));
#2311=DIRECTION('',(0.,1.,0.));
#2312=DIRECTION('center_axis',(0.,1.,0.));
#2313=DIRECTION('ref_axis',(1.,0.,5.68989300120395E-15));
#2314=DIRECTION('',(0.,1.,0.));
#2315=DIRECTION('center_axis',(1.,0.,0.));
#2316=DIRECTION('ref_axis',(0.,0.,-1.));
#2317=DIRECTION('',(0.,1.,0.));
#2318=DIRECTION('center_axis',(0.,1.,0.));
#2319=DIRECTION('ref_axis',(0.,0.,1.));
#2320=DIRECTION('',(0.,1.,0.));
#2321=DIRECTION('center_axis',(6.43607540360866E-17,0.,1.));
#2322=DIRECTION('ref_axis',(1.,0.,-6.43607540360866E-17));
#2323=DIRECTION('',(0.,1.,0.));
#2324=DIRECTION('center_axis',(0.,1.,0.));
#2325=DIRECTION('ref_axis',(-1.,0.,6.6613381477509E-15));
#2326=DIRECTION('center_axis',(0.,1.,0.));
#2327=DIRECTION('ref_axis',(-4.4408920985006E-15,0.,-1.));
#2328=DIRECTION('center_axis',(0.,-1.,0.));
#2329=DIRECTION('ref_axis',(-0.630489852010983,0.,-0.776197491951094));
#2330=DIRECTION('',(0.,1.,0.));
#2331=DIRECTION('center_axis',(0.,-1.,0.));
#2332=DIRECTION('ref_axis',(1.,0.,0.));
#2333=DIRECTION('',(0.,-1.,0.));
#2334=DIRECTION('center_axis',(0.,-1.,0.));
#2335=DIRECTION('ref_axis',(1.,0.,0.));
#2336=DIRECTION('center_axis',(0.,-1.,0.));
#2337=DIRECTION('ref_axis',(0.623402023638703,0.,0.781901475202068));
#2338=DIRECTION('center_axis',(0.,-1.,0.));
#2339=DIRECTION('ref_axis',(1.,0.,0.));
#2340=DIRECTION('',(0.,-1.,0.));
#2341=DIRECTION('center_axis',(0.,-1.,0.));
#2342=DIRECTION('ref_axis',(1.,0.,0.));
#2343=DIRECTION('',(0.,1.,0.));
#2344=DIRECTION('center_axis',(0.,-1.,0.));
#2345=DIRECTION('ref_axis',(-0.518732553372217,0.,0.854936569619022));
#2346=DIRECTION('',(0.,-1.,0.));
#2347=DIRECTION('center_axis',(0.,-1.,0.));
#2348=DIRECTION('ref_axis',(1.,0.,0.));
#2349=DIRECTION('',(0.,1.,0.));
#2350=DIRECTION('center_axis',(0.,-1.,0.));
#2351=DIRECTION('ref_axis',(1.,0.,0.));
#2352=DIRECTION('center_axis',(0.,-1.,0.));
#2353=DIRECTION('ref_axis',(0.663763773925452,0.,-0.74794227880515));
#2354=DIRECTION('center_axis',(0.,-1.,0.));
#2355=DIRECTION('ref_axis',(1.,0.,0.));
#2356=DIRECTION('',(0.,-1.,0.));
#2357=DIRECTION('center_axis',(0.,-1.,0.));
#2358=DIRECTION('ref_axis',(1.,0.,0.));
#2359=DIRECTION('',(0.,1.,0.));
#2360=DIRECTION('center_axis',(0.,0.,-1.));
#2361=DIRECTION('ref_axis',(-1.,0.,0.));
#2362=DIRECTION('',(-1.,0.,0.));
#2363=DIRECTION('',(-1.,0.,0.));
#2364=DIRECTION('center_axis',(0.,0.,1.));
#2365=DIRECTION('ref_axis',(1.,0.,0.));
#2366=DIRECTION('',(1.,0.,0.));
#2367=DIRECTION('',(1.,0.,0.));
#2368=DIRECTION('center_axis',(0.,1.,0.));
#2369=DIRECTION('ref_axis',(1.,0.,0.));
#2370=DIRECTION('',(0.,0.,-1.));
#2371=DIRECTION('',(-1.,0.,0.));
#2372=DIRECTION('',(0.,0.,1.));
#2373=DIRECTION('center_axis',(0.,1.,0.));
#2374=DIRECTION('ref_axis',(-4.4408920985006E-15,0.,-1.));
#2375=DIRECTION('',(-1.,0.,0.));
#2376=DIRECTION('center_axis',(0.,1.,0.));
#2377=DIRECTION('ref_axis',(1.,0.,5.68989300120395E-15));
#2378=DIRECTION('',(0.,0.,-1.));
#2379=DIRECTION('center_axis',(0.,1.,0.));
#2380=DIRECTION('ref_axis',(0.,0.,1.));
#2381=DIRECTION('',(1.,0.,-6.43607540360866E-17));
#2382=DIRECTION('center_axis',(0.,1.,0.));
#2383=DIRECTION('ref_axis',(-1.,0.,6.6613381477509E-15));
#2384=DIRECTION('',(0.,0.,1.));
#2385=DIRECTION('',(1.,0.,0.));
#2386=DIRECTION('',(0.,0.,-1.));
#2387=DIRECTION('',(0.,0.,1.));
#2388=DIRECTION('center_axis',(1.,0.,0.));
#2389=DIRECTION('ref_axis',(0.,0.,-1.));
#2390=DIRECTION('center_axis',(1.,0.,0.));
#2391=DIRECTION('ref_axis',(0.,0.,-1.));
#2392=DIRECTION('',(1.,0.,0.));
#2393=DIRECTION('center_axis',(1.,0.,0.));
#2394=DIRECTION('ref_axis',(0.,0.,-1.));
#2395=DIRECTION('center_axis',(1.,0.,0.));
#2396=DIRECTION('ref_axis',(0.,1.,0.));
#2397=DIRECTION('center_axis',(1.,0.,0.));
#2398=DIRECTION('ref_axis',(0.,1.,0.));
#2399=DIRECTION('',(1.,0.,0.));
#2400=DIRECTION('center_axis',(1.,0.,0.));
#2401=DIRECTION('ref_axis',(0.,1.,0.));
#2402=DIRECTION('center_axis',(1.,0.,0.));
#2403=DIRECTION('ref_axis',(0.,0.,-1.));
#2404=DIRECTION('',(0.,0.,-1.));
#2405=DIRECTION('',(0.,0.,1.));
#2406=DIRECTION('center_axis',(0.,1.,0.));
#2407=DIRECTION('ref_axis',(0.,0.,1.));
#2408=DIRECTION('',(0.,0.,1.));
#2409=DIRECTION('center_axis',(-1.,0.,0.));
#2410=DIRECTION('ref_axis',(0.,0.,1.));
#2411=DIRECTION('',(0.,0.,1.));
#2412=DIRECTION('center_axis',(0.,0.,-1.));
#2413=DIRECTION('ref_axis',(-1.,0.,0.));
#2414=DIRECTION('',(0.,1.,0.));
#2415=DIRECTION('',(-1.,0.,0.));
#2416=DIRECTION('',(0.,1.,0.));
#2417=DIRECTION('center_axis',(0.,1.,0.));
#2418=DIRECTION('ref_axis',(1.,0.,5.68989300120395E-15));
#2419=DIRECTION('center_axis',(0.,1.,0.));
#2420=DIRECTION('ref_axis',(1.,0.,5.68989300120395E-15));
#2421=DIRECTION('',(0.,1.,0.));
#2422=DIRECTION('center_axis',(1.,0.,0.));
#2423=DIRECTION('ref_axis',(0.,0.,-1.));
#2424=DIRECTION('',(0.,0.,-1.));
#2425=DIRECTION('',(0.,1.,0.));
#2426=DIRECTION('center_axis',(0.,1.,0.));
#2427=DIRECTION('ref_axis',(0.,0.,1.));
#2428=DIRECTION('center_axis',(0.,1.,0.));
#2429=DIRECTION('ref_axis',(0.,0.,1.));
#2430=DIRECTION('',(0.,1.,0.));
#2431=DIRECTION('center_axis',(6.43607540360866E-17,0.,1.));
#2432=DIRECTION('ref_axis',(1.,0.,-6.43607540360866E-17));
#2433=DIRECTION('',(1.,0.,-6.43607540360866E-17));
#2434=DIRECTION('',(0.,1.,0.));
#2435=DIRECTION('center_axis',(0.,1.,0.));
#2436=DIRECTION('ref_axis',(-1.,0.,6.6613381477509E-15));
#2437=DIRECTION('center_axis',(0.,1.,0.));
#2438=DIRECTION('ref_axis',(-1.,0.,6.6613381477509E-15));
#2439=DIRECTION('',(0.,1.,0.));
#2440=DIRECTION('center_axis',(-1.,0.,0.));
#2441=DIRECTION('ref_axis',(0.,0.,1.));
#2442=DIRECTION('',(0.,0.,1.));
#2443=DIRECTION('',(0.,1.,0.));
#2444=DIRECTION('center_axis',(0.,1.,0.));
#2445=DIRECTION('ref_axis',(-4.4408920985006E-15,0.,-1.));
#2446=DIRECTION('center_axis',(0.,1.,0.));
#2447=DIRECTION('ref_axis',(-4.4408920985006E-15,0.,-1.));
#2448=DIRECTION('center_axis',(0.,1.,0.));
#2449=DIRECTION('ref_axis',(1.,0.,0.));
#2450=CARTESIAN_POINT('',(0.,0.,0.));
#2451=CARTESIAN_POINT('Origin',(132.,-7.00000010430813,10.5000001564622));
#2452=CARTESIAN_POINT('',(132.,-8.00000011920929,19.4442720647953));
#2453=CARTESIAN_POINT('',(132.,-16.0000002384186,10.5000001564622));
#2454=CARTESIAN_POINT('Origin',(132.,-7.00000010430813,10.5000001564622));
#2455=CARTESIAN_POINT('',(134.,-8.00000011920929,19.4442720647953));
#2456=CARTESIAN_POINT('',(132.,-8.00000011920929,19.4442720647953));
#2457=CARTESIAN_POINT('',(134.,-16.0000002384186,10.5000001564622));
#2458=CARTESIAN_POINT('Origin',(134.,-7.00000010430813,10.5000001564622));
#2459=CARTESIAN_POINT('',(134.,-8.00000011920929,1.55572824812903));
#2460=CARTESIAN_POINT('Origin',(134.,-7.00000010430813,10.5000001564622));
#2461=CARTESIAN_POINT('',(132.,-8.00000011920929,1.55572824812903));
#2462=CARTESIAN_POINT('',(132.,-8.00000011920929,1.55572824812903));
#2463=CARTESIAN_POINT('Origin',(132.,-7.00000010430813,10.5000001564622));
#2464=CARTESIAN_POINT('Origin',(107.,-7.00000010430813,10.5000001564622));
#2465=CARTESIAN_POINT('',(107.,-8.00000011920929,19.4442720647953));
#2466=CARTESIAN_POINT('',(107.,-16.0000002384186,10.5000001564622));
#2467=CARTESIAN_POINT('Origin',(107.,-7.00000010430813,10.5000001564622));
#2468=CARTESIAN_POINT('',(109.,-8.00000011920929,19.4442720647953));
#2469=CARTESIAN_POINT('',(107.,-8.00000011920929,19.4442720647953));
#2470=CARTESIAN_POINT('',(109.,-16.0000002384186,10.5000001564622));
#2471=CARTESIAN_POINT('Origin',(109.,-7.00000010430813,10.5000001564622));
#2472=CARTESIAN_POINT('',(109.,-8.00000011920929,1.55572824812903));
#2473=CARTESIAN_POINT('Origin',(109.,-7.00000010430813,10.5000001564622));
#2474=CARTESIAN_POINT('',(107.,-8.00000011920929,1.55572824812903));
#2475=CARTESIAN_POINT('',(107.,-8.00000011920929,1.55572824812903));
#2476=CARTESIAN_POINT('Origin',(107.,-7.00000010430813,10.5000001564622));
#2477=CARTESIAN_POINT('Origin',(144.000002086163,-18.,-1.00000001490116));
#2478=CARTESIAN_POINT('',(132.,-16.0000002384186,-0.999999977648258));
#2479=CARTESIAN_POINT('',(132.,-8.00000011920929,-1.00000001490116));
#2480=CARTESIAN_POINT('',(132.,-18.0000002682209,-1.00000001490116));
#2481=CARTESIAN_POINT('',(134.,-8.00000011920929,-1.00000001490116));
#2482=CARTESIAN_POINT('',(132.,-8.00000011920929,-1.00000001490116));
#2483=CARTESIAN_POINT('',(134.,-16.0000002384186,-0.999999977648258));
#2484=CARTESIAN_POINT('',(134.,-18.0000002682209,-1.00000001490116));
#2485=CARTESIAN_POINT('',(142.000002115965,-16.,-1.00000001490116));
#2486=CARTESIAN_POINT('',(73.0000010281801,-16.,-1.00000001490116));
#2487=CARTESIAN_POINT('',(142.000002115965,-18.,-1.00000001490116));
#2488=CARTESIAN_POINT('',(142.000002115965,-3.99999992549419,-1.00000001490116));
#2489=CARTESIAN_POINT('',(73.0000010281801,-18.,-1.00000001490116));
#2490=CARTESIAN_POINT('',(73.0000010281801,-18.,-1.00000001490116));
#2491=CARTESIAN_POINT('',(73.0000010281801,-16.,-1.00000001490116));
#2492=CARTESIAN_POINT('',(73.0000010281801,-18.,-1.00000001490116));
#2493=CARTESIAN_POINT('',(78.,-16.0000002384186,-0.999999977648258));
#2494=CARTESIAN_POINT('',(73.0000010281801,-16.,-1.00000001490116));
#2495=CARTESIAN_POINT('',(78.,-8.00000011920929,-1.00000001490116));
#2496=CARTESIAN_POINT('',(78.,-18.0000002682209,-1.00000001490116));
#2497=CARTESIAN_POINT('',(80.,-8.00000011920929,-1.00000001490116));
#2498=CARTESIAN_POINT('',(78.,-8.00000011920929,-1.00000001490116));
#2499=CARTESIAN_POINT('',(80.,-16.0000002384186,-0.999999977648258));
#2500=CARTESIAN_POINT('',(80.,-18.0000002682209,-1.00000001490116));
#2501=CARTESIAN_POINT('',(107.,-16.0000002384186,-0.999999977648258));
#2502=CARTESIAN_POINT('',(73.0000010281801,-16.,-1.00000001490116));
#2503=CARTESIAN_POINT('',(107.,-8.00000011920929,-1.00000001490116));
#2504=CARTESIAN_POINT('',(107.,-18.0000002682209,-1.00000001490116));
#2505=CARTESIAN_POINT('',(109.,-8.00000011920929,-1.00000001490116));
#2506=CARTESIAN_POINT('',(107.,-8.00000011920929,-1.00000001490116));
#2507=CARTESIAN_POINT('',(109.,-16.0000002384186,-0.999999977648258));
#2508=CARTESIAN_POINT('',(109.,-18.0000002682209,-1.00000001490116));
#2509=CARTESIAN_POINT('',(73.0000010281801,-16.,-1.00000001490116));
#2510=CARTESIAN_POINT('Origin',(78.,-7.00000010430813,10.5000001564622));
#2511=CARTESIAN_POINT('',(78.,-8.00000011920929,19.4442720647953));
#2512=CARTESIAN_POINT('',(78.,-16.0000002384186,10.5000001564622));
#2513=CARTESIAN_POINT('Origin',(78.,-7.00000010430813,10.5000001564622));
#2514=CARTESIAN_POINT('',(80.,-8.00000011920929,19.4442720647953));
#2515=CARTESIAN_POINT('',(78.,-8.00000011920929,19.4442720647953));
#2516=CARTESIAN_POINT('',(80.,-16.0000002384186,10.5000001564622));
#2517=CARTESIAN_POINT('Origin',(80.,-7.00000010430813,10.5000001564622));
#2518=CARTESIAN_POINT('',(80.,-8.00000011920929,1.55572824812903));
#2519=CARTESIAN_POINT('Origin',(80.,-7.00000010430813,10.5000001564622));
#2520=CARTESIAN_POINT('',(78.,-8.00000011920929,1.55572824812903));
#2521=CARTESIAN_POINT('',(78.,-8.00000011920929,1.55572824812903));
#2522=CARTESIAN_POINT('Origin',(78.,-7.00000010430813,10.5000001564622));
#2523=CARTESIAN_POINT('Origin',(100.,-13.7542564088032,1.38151971217193));
#2524=CARTESIAN_POINT('',(109.,-15.6142564088032,1.38151971217193));
#2525=CARTESIAN_POINT('Origin',(109.,-13.7542564088032,1.38151971217193));
#2526=CARTESIAN_POINT('',(107.,-15.6142564088032,1.38151971217193));
#2527=CARTESIAN_POINT('',(100.,-15.6142564088032,1.38151971217193));
#2528=CARTESIAN_POINT('Origin',(107.,-13.7542564088032,1.38151971217193));
#2529=CARTESIAN_POINT('Origin',(107.,-8.00000011920929,19.4442720647953));
#2530=CARTESIAN_POINT('',(107.,-8.00000011920929,22.0000003278255));
#2531=CARTESIAN_POINT('',(107.,-8.00000011920929,22.0000003278255));
#2532=CARTESIAN_POINT('',(109.,-8.00000011920929,22.0000003278255));
#2533=CARTESIAN_POINT('',(107.,-8.00000011920929,22.0000003278255));
#2534=CARTESIAN_POINT('',(109.,-8.00000011920929,22.0000003278255));
#2535=CARTESIAN_POINT('Origin',(109.,-12.0000001788139,16.2500002421439));
#2536=CARTESIAN_POINT('',(109.,-16.0000002384186,22.0000003278255));
#2537=CARTESIAN_POINT('',(109.,2.39999994635582,22.0000003278255));
#2538=CARTESIAN_POINT('',(109.,-16.,13.375000199303));
#2539=CARTESIAN_POINT('Origin',(107.,-12.0000001788139,16.2500002421439));
#2540=CARTESIAN_POINT('',(107.,-16.0000002384186,22.0000003278255));
#2541=CARTESIAN_POINT('',(107.,2.39999994635582,22.0000003278255));
#2542=CARTESIAN_POINT('',(107.,-16.,13.375000199303));
#2543=CARTESIAN_POINT('Origin',(107.,-8.00000011920929,-1.00000001490116));
#2544=CARTESIAN_POINT('',(107.,-8.00000011920929,1.55572824812903));
#2545=CARTESIAN_POINT('',(109.,-8.00000011920929,1.55572824812903));
#2546=CARTESIAN_POINT('Origin',(109.,-12.0000001788139,4.75000007078052));
#2547=CARTESIAN_POINT('',(109.,-16.,7.62500011362135));
#2548=CARTESIAN_POINT('Origin',(107.,-12.0000001788139,4.75000007078052));
#2549=CARTESIAN_POINT('',(107.,-16.,7.62500011362135));
#2550=CARTESIAN_POINT('Origin',(108.500001557171,-16.,10.5000001564622));
#2551=CARTESIAN_POINT('',(80.,-16.,7.62500011362135));
#2552=CARTESIAN_POINT('',(80.,-16.0000002384186,22.0000003278255));
#2553=CARTESIAN_POINT('',(80.,-16.,13.375000199303));
#2554=CARTESIAN_POINT('',(144.000002086163,-16.,22.0000003278255));
#2555=CARTESIAN_POINT('Origin',(94.,-13.7542564088032,1.38151971217193));
#2556=CARTESIAN_POINT('',(134.,-15.6142564088032,1.38151971217192));
#2557=CARTESIAN_POINT('Origin',(134.,-13.7542564088032,1.38151971217192));
#2558=CARTESIAN_POINT('',(132.,-15.6142564088032,1.38151971217192));
#2559=CARTESIAN_POINT('',(94.,-15.6142564088032,1.38151971217193));
#2560=CARTESIAN_POINT('Origin',(132.,-13.7542564088032,1.38151971217192));
#2561=CARTESIAN_POINT('Origin',(132.,-8.00000011920929,19.4442720647953));
#2562=CARTESIAN_POINT('',(132.,-8.00000011920929,22.0000003278255));
#2563=CARTESIAN_POINT('',(132.,-8.00000011920929,22.0000003278255));
#2564=CARTESIAN_POINT('',(134.,-8.00000011920929,22.0000003278255));
#2565=CARTESIAN_POINT('',(132.,-8.00000011920929,22.0000003278255));
#2566=CARTESIAN_POINT('',(134.,-8.00000011920929,22.0000003278255));
#2567=CARTESIAN_POINT('Origin',(134.,-12.0000001788139,16.2500002421439));
#2568=CARTESIAN_POINT('',(134.,-16.0000002384186,22.0000003278255));
#2569=CARTESIAN_POINT('',(134.,2.39999994635582,22.0000003278255));
#2570=CARTESIAN_POINT('',(134.,-16.,13.375000199303));
#2571=CARTESIAN_POINT('Origin',(132.,-12.0000001788139,16.2500002421439));
#2572=CARTESIAN_POINT('',(132.,-16.0000002384186,22.0000003278255));
#2573=CARTESIAN_POINT('',(132.,2.39999994635582,22.0000003278255));
#2574=CARTESIAN_POINT('',(132.,-16.,13.375000199303));
#2575=CARTESIAN_POINT('Origin',(132.,-8.00000011920929,-1.00000001490116));
#2576=CARTESIAN_POINT('',(132.,-8.00000011920929,1.55572824812903));
#2577=CARTESIAN_POINT('',(134.,-8.00000011920929,1.55572824812903));
#2578=CARTESIAN_POINT('Origin',(134.,-12.0000001788139,4.75000007078052));
#2579=CARTESIAN_POINT('',(134.,-16.,7.62500011362135));
#2580=CARTESIAN_POINT('Origin',(132.,-12.0000001788139,4.75000007078052));
#2581=CARTESIAN_POINT('',(132.,-16.,7.62500011362135));
#2582=CARTESIAN_POINT('Origin',(108.500001557171,-16.,10.5000001564622));
#2583=CARTESIAN_POINT('',(144.000002086163,-16.,22.0000003278255));
#2584=CARTESIAN_POINT('Origin',(100.,-13.7542564088032,1.38151971217193));
#2585=CARTESIAN_POINT('',(80.,-15.6142564088032,1.38151971217194));
#2586=CARTESIAN_POINT('Origin',(80.,-13.7542564088032,1.38151971217194));
#2587=CARTESIAN_POINT('',(78.,-15.6142564088032,1.38151971217194));
#2588=CARTESIAN_POINT('',(100.,-15.6142564088032,1.38151971217193));
#2589=CARTESIAN_POINT('Origin',(78.,-13.7542564088032,1.38151971217194));
#2590=CARTESIAN_POINT('Origin',(78.,-8.00000011920929,19.4442720647953));
#2591=CARTESIAN_POINT('',(78.,-8.00000011920929,22.0000003278255));
#2592=CARTESIAN_POINT('',(78.,-8.00000011920929,22.0000003278255));
#2593=CARTESIAN_POINT('',(80.,-8.00000011920929,22.0000003278255));
#2594=CARTESIAN_POINT('',(78.,-8.00000011920929,22.0000003278255));
#2595=CARTESIAN_POINT('',(80.,-8.00000011920929,22.0000003278255));
#2596=CARTESIAN_POINT('Origin',(80.,-12.0000001788139,16.2500002421439));
#2597=CARTESIAN_POINT('',(80.,2.39999994635582,22.0000003278255));
#2598=CARTESIAN_POINT('Origin',(78.,-8.00000011920929,-1.00000001490116));
#2599=CARTESIAN_POINT('',(78.,-8.00000011920929,1.55572824812903));
#2600=CARTESIAN_POINT('',(80.,-8.00000011920929,1.55572824812903));
#2601=CARTESIAN_POINT('Origin',(80.,-12.0000001788139,4.75000007078052));
#2602=CARTESIAN_POINT('Origin',(78.,-12.0000001788139,4.75000007078052));
#2603=CARTESIAN_POINT('',(78.,-16.,7.62500011362135));
#2604=CARTESIAN_POINT('Origin',(108.500001557171,-16.,10.5000001564622));
#2605=CARTESIAN_POINT('',(142.000002115965,-16.,22.0000003278255));
#2606=CARTESIAN_POINT('',(144.000002086163,-16.,22.0000003278255));
#2607=CARTESIAN_POINT('',(142.000002115965,-16.,5.2500000782311));
#2608=CARTESIAN_POINT('Origin',(108.500001557171,-16.,10.5000001564622));
#2609=CARTESIAN_POINT('',(73.0000010281801,-16.,22.0000003278255));
#2610=CARTESIAN_POINT('',(73.0000010281801,-16.,22.0000003278255));
#2611=CARTESIAN_POINT('',(78.,-16.0000002384186,22.0000003278255));
#2612=CARTESIAN_POINT('',(144.000002086163,-16.,22.0000003278255));
#2613=CARTESIAN_POINT('',(78.,-16.,13.375000199303));
#2614=CARTESIAN_POINT('Origin',(142.000002115965,10.0000001490116,0.));
#2615=CARTESIAN_POINT('',(142.000002115965,-18.,22.0000003278255));
#2616=CARTESIAN_POINT('',(142.000002115965,-3.99999992549419,22.0000003278255));
#2617=CARTESIAN_POINT('',(142.000002115965,-18.,5.2500000782311));
#2618=CARTESIAN_POINT('Origin',(73.0000010281801,-18.,22.0000003278255));
#2619=CARTESIAN_POINT('',(78.,2.39999994635582,22.0000003278255));
#2620=CARTESIAN_POINT('',(73.0000010281801,-18.,22.0000003278255));
#2621=CARTESIAN_POINT('',(73.0000010281801,-18.,22.0000003278255));
#2622=CARTESIAN_POINT('',(144.000002086163,-18.,22.0000003278255));
#2623=CARTESIAN_POINT('Origin',(108.500001557171,-18.,10.5000001564622));
#2624=CARTESIAN_POINT('',(73.0000010281801,-18.,22.0000003278255));
#2625=CARTESIAN_POINT('Origin',(78.,-13.8408427588383,19.7382888633543));
#2626=CARTESIAN_POINT('Origin',(73.0000010281801,-18.,-1.00000001490116));
#2627=CARTESIAN_POINT('Origin',(72.7590341814387,10.8,-1.39467810270306));
#2628=CARTESIAN_POINT('',(73.0000010579825,4.8,-0.619779906545175));
#2629=CARTESIAN_POINT('',(73.0000010579825,7.5,-0.619779906545176));
#2630=CARTESIAN_POINT('',(73.0000010579825,10.8,-0.619779906545174));
#2631=CARTESIAN_POINT('',(73.4680909355387,4.8,-1.00000004470373));
#2632=CARTESIAN_POINT('Origin',(72.7590341814387,4.8,-1.39467810270306));
#2633=CARTESIAN_POINT('',(73.4680909355387,7.5,-1.00000004470373));
#2634=CARTESIAN_POINT('',(73.4680909355379,10.8,-1.00000004470347));
#2635=CARTESIAN_POINT('Origin',(72.7590341814387,7.5,-1.39467810270306));
#2636=CARTESIAN_POINT('Origin',(72.7590341814387,4.8,-1.39467810270306));
#2637=CARTESIAN_POINT('',(73.0000010579825,4.8,-1.00000004470347));
#2638=CARTESIAN_POINT('',(73.0000010579825,4.8,10.3026611274624));
#2639=CARTESIAN_POINT('',(72.8795176197106,4.8,-1.00000004470347));
#2640=CARTESIAN_POINT('Origin',(142.119564133762,10.8,22.2953394623561));
#2641=CARTESIAN_POINT('',(142.000002145767,4.8,21.4926955929927));
#2642=CARTESIAN_POINT('',(142.000002145767,7.5,21.4926955929927));
#2643=CARTESIAN_POINT('',(142.000002145767,10.8,21.4926955929927));
#2644=CARTESIAN_POINT('',(141.363715562143,4.8,22.0000003576279));
#2645=CARTESIAN_POINT('Origin',(142.119564133762,4.8,22.2953394623561));
#2646=CARTESIAN_POINT('',(141.363715562143,7.5,22.0000003576279));
#2647=CARTESIAN_POINT('',(141.363715562143,10.8,22.0000003576279));
#2648=CARTESIAN_POINT('Origin',(142.119564133762,7.5,22.2953394623561));
#2649=CARTESIAN_POINT('Origin',(142.119564133762,4.8,22.2953394623561));
#2650=CARTESIAN_POINT('',(142.000002145767,4.8,22.0000003576279));
#2651=CARTESIAN_POINT('',(142.000002145767,4.8,10.6476697088263));
#2652=CARTESIAN_POINT('',(142.059783139765,4.8,22.0000003576279));
#2653=CARTESIAN_POINT('Origin',(73.2324152638347,4.8,22.1529347382126));
#2654=CARTESIAN_POINT('',(73.0000010579825,4.8,21.3754285408623));
#2655=CARTESIAN_POINT('',(73.0000010579825,4.8,22.0000003576279));
#2656=CARTESIAN_POINT('',(73.0000010579825,4.8,22.0764675479202));
#2657=CARTESIAN_POINT('',(74.029374061537,4.8,22.0000003576279));
#2658=CARTESIAN_POINT('Origin',(73.2324152638347,4.8,22.1529347382126));
#2659=CARTESIAN_POINT('',(107.616208704801,4.8,22.0000003576279));
#2660=CARTESIAN_POINT('Origin',(73.2324152638347,10.8,22.1529347382126));
#2661=CARTESIAN_POINT('',(73.0000010579825,7.5,21.3754285408623));
#2662=CARTESIAN_POINT('',(73.0000010579825,10.8,21.3754285408623));
#2663=CARTESIAN_POINT('',(74.029374061537,7.5,22.0000003576279));
#2664=CARTESIAN_POINT('Origin',(73.2324152638347,7.5,22.1529347382126));
#2665=CARTESIAN_POINT('',(74.029374061537,10.8,22.0000003576279));
#2666=CARTESIAN_POINT('Origin',(142.181957897525,4.8,-1.27464589991665));
#2667=CARTESIAN_POINT('',(142.000002145767,4.8,-0.483808145125949));
#2668=CARTESIAN_POINT('',(142.000002145767,4.8,-1.00000004470347));
#2669=CARTESIAN_POINT('',(142.000002145767,4.8,-1.13732297231006));
#2670=CARTESIAN_POINT('',(141.418346802651,4.8,-1.00000004470347));
#2671=CARTESIAN_POINT('Origin',(142.181957897525,4.8,-1.27464589991665));
#2672=CARTESIAN_POINT('',(107.590979477754,4.8,-1.00000004470347));
#2673=CARTESIAN_POINT('Origin',(142.181957897525,10.8,-1.27464589991665));
#2674=CARTESIAN_POINT('',(142.000002145767,7.5,-0.483808145125949));
#2675=CARTESIAN_POINT('',(142.000002145767,10.8,-0.48380814512595));
#2676=CARTESIAN_POINT('',(141.418346802651,7.5,-1.00000004470347));
#2677=CARTESIAN_POINT('Origin',(142.181957897525,7.5,-1.27464589991665));
#2678=CARTESIAN_POINT('',(141.418346802651,10.8,-1.00000004470347));
#2679=CARTESIAN_POINT('Origin',(73.0000010579825,0.,22.0000003576279));
#2680=CARTESIAN_POINT('',(73.0000010579825,7.5,2.38196593442841));
#2681=CARTESIAN_POINT('',(73.0000010579825,7.5,22.0000003576279));
#2682=CARTESIAN_POINT('',(73.0000010579825,6.50000011920929,2.00000002980232));
#2683=CARTESIAN_POINT('Origin',(73.0000010579825,6.50000011920929,3.50000002980232));
#2684=CARTESIAN_POINT('',(73.0000010579825,4.00000004470348,2.00000002980232));
#2685=CARTESIAN_POINT('',(73.0000010579825,2.00000002235174,2.00000002980232));
#2686=CARTESIAN_POINT('',(73.0000010579825,3.00000004470348,3.00000002980232));
#2687=CARTESIAN_POINT('Origin',(73.0000010579825,4.00000004470348,3.00000002980232));
#2688=CARTESIAN_POINT('',(73.0000010579825,3.00000004470348,12.0000001937151));
#2689=CARTESIAN_POINT('',(73.0000010579825,3.00000004470348,17.0000002756715));
#2690=CARTESIAN_POINT('',(73.0000010579825,4.00000004470348,13.0000001937151));
#2691=CARTESIAN_POINT('Origin',(73.0000010579825,4.00000004470349,12.0000001937151));
#2692=CARTESIAN_POINT('',(73.0000010579825,7.00000011920929,13.0000001937151));
#2693=CARTESIAN_POINT('',(73.0000010579825,3.50000005960464,13.0000001937151));
#2694=CARTESIAN_POINT('',(73.0000010579825,7.5,12.866025666325));
#2695=CARTESIAN_POINT('Origin',(73.0000010579825,7.00000011920929,12.0000001937151));
#2696=CARTESIAN_POINT('',(73.0000010579825,7.5,22.0000003576279));
#2697=CARTESIAN_POINT('',(73.0000010579825,-18.,22.0000003576279));
#2698=CARTESIAN_POINT('',(73.0000010579825,0.,22.0000003576279));
#2699=CARTESIAN_POINT('',(73.0000010579825,-18.,-1.00000004470347));
#2700=CARTESIAN_POINT('',(73.0000010579825,-18.,22.0000003576279));
#2701=CARTESIAN_POINT('',(73.0000010579825,0.,-1.00000004470347));
#2702=CARTESIAN_POINT('Origin',(107.500001601875,7.5,10.5000001564622));
#2703=CARTESIAN_POINT('',(73.0000010579825,7.5,-1.00000004470347));
#2704=CARTESIAN_POINT('',(142.000002145767,7.5,-1.00000004470347));
#2705=CARTESIAN_POINT('',(142.000002145767,7.5,22.0000003576279));
#2706=CARTESIAN_POINT('',(71.0000010579825,7.5,12.866025666325));
#2707=CARTESIAN_POINT('',(0.,7.5,12.866025666325));
#2708=CARTESIAN_POINT('',(71.0000010579824,7.5,22.0000003576279));
#2709=CARTESIAN_POINT('',(71.0000010579824,7.5,22.0000003576279));
#2710=CARTESIAN_POINT('',(73.0000010579824,7.5,24.0000003576279));
#2711=CARTESIAN_POINT('Origin',(73.0000010579825,7.5,22.0000003576279));
#2712=CARTESIAN_POINT('',(142.000002145767,7.5,24.0000003576279));
#2713=CARTESIAN_POINT('',(142.000002145767,7.5,24.0000003576279));
#2714=CARTESIAN_POINT('',(144.000002145767,7.5,22.0000003576279));
#2715=CARTESIAN_POINT('Origin',(142.000002145767,7.5,22.0000003576279));
#2716=CARTESIAN_POINT('',(144.000002145767,7.5,-1.00000004470349));
#2717=CARTESIAN_POINT('',(144.000002145767,7.5,-1.00000004470348));
#2718=CARTESIAN_POINT('',(142.000002145767,7.5,-3.00000004470349));
#2719=CARTESIAN_POINT('Origin',(142.000002145767,7.5,-1.0000000447035));
#2720=CARTESIAN_POINT('',(73.0000010579824,7.5,-3.00000004470348));
#2721=CARTESIAN_POINT('',(73.0000010579824,7.5,-3.00000004470348));
#2722=CARTESIAN_POINT('',(71.0000010579824,7.5,-1.00000004470348));
#2723=CARTESIAN_POINT('Origin',(73.0000010579825,7.5,-1.00000004470347));
#2724=CARTESIAN_POINT('',(71.0000010579824,7.5,2.38196593442841));
#2725=CARTESIAN_POINT('',(71.0000010579824,7.5,22.0000003576279));
#2726=CARTESIAN_POINT('',(0.,7.5,2.38196593442841));
#2727=CARTESIAN_POINT('Origin',(142.000002145767,0.,-1.00000004470347));
#2728=CARTESIAN_POINT('',(142.000002145767,-18.,-1.00000004470347));
#2729=CARTESIAN_POINT('',(142.000002145767,0.,-1.00000004470347));
#2730=CARTESIAN_POINT('',(142.000002145767,-18.,22.0000003576279));
#2731=CARTESIAN_POINT('',(142.000002145767,-18.,-1.00000004470347));
#2732=CARTESIAN_POINT('',(142.000002145767,0.,22.0000003576279));
#2733=CARTESIAN_POINT('Origin',(0.,7.00000011920929,12.0000001937151));
#2734=CARTESIAN_POINT('',(71.0000010579824,7.00000011920929,13.0000001937151));
#2735=CARTESIAN_POINT('',(0.,7.00000011920929,13.0000001937151));
#2736=CARTESIAN_POINT('Origin',(71.0000010579824,7.00000011920929,12.0000001937151));
#2737=CARTESIAN_POINT('Origin',(0.,6.50000011920929,3.50000002980232));
#2738=CARTESIAN_POINT('',(71.0000010579824,6.50000011920929,2.00000002980232));
#2739=CARTESIAN_POINT('Origin',(71.0000010579824,6.50000011920929,3.50000002980232));
#2740=CARTESIAN_POINT('',(0.,6.50000011920929,2.00000002980232));
#2741=CARTESIAN_POINT('Origin',(0.,7.00000011920929,13.0000001937151));
#2742=CARTESIAN_POINT('',(71.0000010579824,4.00000004470348,13.0000001937151));
#2743=CARTESIAN_POINT('',(71.0000010579824,3.50000005960464,13.0000001937151));
#2744=CARTESIAN_POINT('',(0.,4.00000004470348,13.0000001937151));
#2745=CARTESIAN_POINT('Origin',(0.,4.00000004470349,12.0000001937151));
#2746=CARTESIAN_POINT('',(71.0000010579824,3.00000004470348,12.0000001937151));
#2747=CARTESIAN_POINT('Origin',(71.0000010579824,4.00000004470349,12.0000001937151));
#2748=CARTESIAN_POINT('',(0.,3.00000004470348,12.0000001937151));
#2749=CARTESIAN_POINT('Origin',(0.,3.00000004470348,12.0000001937151));
#2750=CARTESIAN_POINT('',(71.0000010579824,3.00000004470348,3.00000002980232));
#2751=CARTESIAN_POINT('',(71.0000010579824,3.00000004470348,5.50000007450581));
#2752=CARTESIAN_POINT('',(0.,3.00000004470348,3.00000002980232));
#2753=CARTESIAN_POINT('Origin',(0.,4.00000004470348,3.00000002980232));
#2754=CARTESIAN_POINT('',(71.0000010579824,4.00000004470348,2.00000002980232));
#2755=CARTESIAN_POINT('Origin',(71.0000010579824,4.00000004470348,3.00000002980232));
#2756=CARTESIAN_POINT('',(0.,4.00000004470348,2.00000002980232));
#2757=CARTESIAN_POINT('Origin',(0.,4.00000004470348,2.00000002980232));
#2758=CARTESIAN_POINT('',(71.0000010579824,2.00000002235174,2.00000002980232));
#2759=CARTESIAN_POINT('Origin',(71.0000010579824,0.,-1.00000004470348));
#2760=CARTESIAN_POINT('',(71.0000010579824,-18.,-1.00000004470348));
#2761=CARTESIAN_POINT('',(71.0000010579824,0.,-1.00000004470348));
#2762=CARTESIAN_POINT('',(71.0000010579824,-18.,22.0000003576279));
#2763=CARTESIAN_POINT('',(71.0000010579824,-18.,22.0000003576279));
#2764=CARTESIAN_POINT('',(71.0000010579824,0.,22.0000003576279));
#2765=CARTESIAN_POINT('Origin',(89.6097797724213,6.4755592523798,19.1302802686912));
#2766=CARTESIAN_POINT('',(89.6097797724213,6.47555925237981,22.0000003576279));
#2767=CARTESIAN_POINT('',(89.6097797724213,6.67555925237981,22.0000003576279));
#2768=CARTESIAN_POINT('',(89.6097797724213,3.2377796261899,22.0000003576279));
#2769=CARTESIAN_POINT('',(89.6097797724213,6.47555925237982,24.0000003576279));
#2770=CARTESIAN_POINT('',(89.6097797724213,6.4755592523798,19.1302802686912));
#2771=CARTESIAN_POINT('',(89.6097797724213,6.67555925237981,24.0000003576279));
#2772=CARTESIAN_POINT('',(89.6097797724213,3.2377796261899,24.0000003576279));
#2773=CARTESIAN_POINT('',(89.6097797724213,6.6755592523798,19.1302802686912));
#2774=CARTESIAN_POINT('Origin',(89.1097797724213,6.67555925237977,19.1302802686912));
#2775=CARTESIAN_POINT('',(89.1097797724213,7.1755592523798,22.0000003576279));
#2776=CARTESIAN_POINT('Origin',(89.1097797724213,6.67555925237978,22.0000003576278));
#2777=CARTESIAN_POINT('',(89.1097797724213,7.17555925237981,24.0000003576279));
#2778=CARTESIAN_POINT('Origin',(89.1097797724213,6.67555925237979,24.0000003576279));
#2779=CARTESIAN_POINT('',(89.1097797724213,7.1755592523798,19.1302802686912));
#2780=CARTESIAN_POINT('Origin',(89.1097797724213,7.1755592523798,19.1302802686912));
#2781=CARTESIAN_POINT('',(87.4097797724214,7.17555925237981,22.0000003576279));
#2782=CARTESIAN_POINT('',(115.554890959094,7.17555925237981,22.0000003576279));
#2783=CARTESIAN_POINT('',(87.4097797724214,7.17555925237981,24.0000003576279));
#2784=CARTESIAN_POINT('',(81.0548904152019,7.17555925237981,24.0000003576279));
#2785=CARTESIAN_POINT('',(87.4097797724214,7.1755592523798,19.1302802686912));
#2786=CARTESIAN_POINT('Origin',(87.4097797724214,6.67555925237979,19.1302802686912));
#2787=CARTESIAN_POINT('',(86.9097797724213,6.67555925237981,22.0000003576279));
#2788=CARTESIAN_POINT('Origin',(87.4097797724214,6.6755592523798,22.0000003576278));
#2789=CARTESIAN_POINT('',(86.9097797724213,6.67555925237981,24.0000003576279));
#2790=CARTESIAN_POINT('Origin',(87.4097797724214,6.6755592523798,24.0000003576279));
#2791=CARTESIAN_POINT('',(86.9097797724213,6.6755592523798,19.1302802686912));
#2792=CARTESIAN_POINT('Origin',(86.9097797724213,6.6755592523798,19.1302802686912));
#2793=CARTESIAN_POINT('',(86.9097797724213,6.47555925237981,22.0000003576279));
#2794=CARTESIAN_POINT('',(86.9097797724213,3.3377796261899,22.0000003576279));
#2795=CARTESIAN_POINT('',(86.9097797724213,6.47555925237982,24.0000003576279));
#2796=CARTESIAN_POINT('',(86.9097797724213,3.3377796261899,24.0000003576279));
#2797=CARTESIAN_POINT('',(86.9097797724213,6.4755592523798,19.1302802686912));
#2798=CARTESIAN_POINT('Origin',(89.1097797724213,6.47555925237983,19.1302802686912));
#2799=CARTESIAN_POINT('',(89.1097797724213,5.97555925237981,22.0000003576279));
#2800=CARTESIAN_POINT('Origin',(89.1097797724213,6.47555925237984,22.0000003576278));
#2801=CARTESIAN_POINT('',(89.1097797724213,5.97555925237982,24.0000003576279));
#2802=CARTESIAN_POINT('',(89.1097797724213,5.9755592523798,19.1302802686912));
#2803=CARTESIAN_POINT('Origin',(89.1097797724213,6.47555925237984,24.0000003576279));
#2804=CARTESIAN_POINT('Origin',(87.4097797724214,5.9755592523798,19.1302802686912));
#2805=CARTESIAN_POINT('',(87.4097797724214,5.97555925237981,22.0000003576279));
#2806=CARTESIAN_POINT('',(114.704890959094,5.97555925237983,22.0000003576279));
#2807=CARTESIAN_POINT('',(87.4097797724214,5.97555925237982,24.0000003576279));
#2808=CARTESIAN_POINT('',(87.4097797724214,5.9755592523798,19.1302802686912));
#2809=CARTESIAN_POINT('',(80.2048904152019,5.97555925237981,24.0000003576279));
#2810=CARTESIAN_POINT('Origin',(87.4097797724214,6.47555925237981,19.1302802686912));
#2811=CARTESIAN_POINT('Origin',(87.4097797724214,6.47555925237982,22.0000003576278));
#2812=CARTESIAN_POINT('Origin',(87.4097797724214,6.47555925237983,24.0000003576279));
#2813=CARTESIAN_POINT('Origin',(107.500001601875,-18.,10.5000001564622));
#2814=CARTESIAN_POINT('',(73.0000010579824,-18.,-3.00000004470348));
#2815=CARTESIAN_POINT('Origin',(73.0000010579825,-18.,-1.00000004470347));
#2816=CARTESIAN_POINT('',(142.000002145767,-18.,-3.00000004470349));
#2817=CARTESIAN_POINT('',(73.0000010579824,-18.,-3.00000004470348));
#2818=CARTESIAN_POINT('',(144.000002145767,-18.,-1.00000004470349));
#2819=CARTESIAN_POINT('Origin',(142.000002145767,-18.,-1.0000000447035));
#2820=CARTESIAN_POINT('',(144.000002145767,-18.,22.0000003576279));
#2821=CARTESIAN_POINT('',(144.000002145767,-18.,-1.00000004470348));
#2822=CARTESIAN_POINT('',(142.000002145767,-18.,24.0000003576279));
#2823=CARTESIAN_POINT('Origin',(142.000002145767,-18.,22.0000003576279));
#2824=CARTESIAN_POINT('',(73.0000010579824,-18.,24.0000003576279));
#2825=CARTESIAN_POINT('',(142.000002145767,-18.,24.0000003576279));
#2826=CARTESIAN_POINT('Origin',(73.0000010579825,-18.,22.0000003576279));
#2827=CARTESIAN_POINT('',(142.000002145767,-18.,22.0000003576279));
#2828=CARTESIAN_POINT('',(73.0000010579825,-18.,-1.00000004470347));
#2829=CARTESIAN_POINT('Origin',(73.0000010579825,0.,-1.00000004470347));
#2830=CARTESIAN_POINT('Origin',(142.000002145767,0.,22.0000003576279));
#2831=CARTESIAN_POINT('Origin',(142.000002145767,0.,-3.00000004470348));
#2832=CARTESIAN_POINT('',(73.0000010579824,0.,-3.00000004470348));
#2833=CARTESIAN_POINT('',(142.000002145767,0.,-3.00000004470349));
#2834=CARTESIAN_POINT('Origin',(142.000002145767,0.,-1.0000000447035));
#2835=CARTESIAN_POINT('',(144.000002145767,0.,-1.00000004470348));
#2836=CARTESIAN_POINT('Origin',(144.000002145767,0.,22.0000003576279));
#2837=CARTESIAN_POINT('',(144.000002145767,0.,22.0000003576279));
#2838=CARTESIAN_POINT('Origin',(142.000002145767,0.,22.0000003576279));
#2839=CARTESIAN_POINT('',(142.000002145767,0.,24.0000003576279));
#2840=CARTESIAN_POINT('Origin',(73.0000010579824,0.,24.0000003576279));
#2841=CARTESIAN_POINT('',(73.0000010579824,0.,24.0000003576279));
#2842=CARTESIAN_POINT('Origin',(73.0000010579825,0.,22.0000003576279));
#2843=CARTESIAN_POINT('Origin',(73.0000010579825,0.,-1.00000004470347));
#2844=CARTESIAN_POINT('Origin',(72.7590341814387,10.8,-1.39467810270306));
#2845=CARTESIAN_POINT('',(73.0000010579825,7.5,-0.619779906545176));
#2846=CARTESIAN_POINT('',(73.0000010579825,8.75,-0.619779906545176));
#2847=CARTESIAN_POINT('',(73.0000010579825,10.8,-0.619779906545174));
#2848=CARTESIAN_POINT('',(73.4680909355387,7.5,-1.00000004470373));
#2849=CARTESIAN_POINT('Origin',(72.7590341814387,7.5,-1.39467810270306));
#2850=CARTESIAN_POINT('',(73.4680909355387,8.75,-1.00000004470373));
#2851=CARTESIAN_POINT('',(73.4680909355379,10.8,-1.00000004470347));
#2852=CARTESIAN_POINT('Origin',(72.7590341814387,8.75,-1.39467810270306));
#2853=CARTESIAN_POINT('Origin',(142.119564133762,10.8,22.2953394623561));
#2854=CARTESIAN_POINT('',(141.363715562143,7.5,22.0000003576279));
#2855=CARTESIAN_POINT('',(142.000002145767,7.5,21.4926955929927));
#2856=CARTESIAN_POINT('Origin',(142.119564133762,7.5,22.2953394623561));
#2857=CARTESIAN_POINT('',(141.363715562143,8.75,22.0000003576279));
#2858=CARTESIAN_POINT('',(141.363715562143,10.8,22.0000003576279));
#2859=CARTESIAN_POINT('',(142.000002145767,8.75,21.4926955929927));
#2860=CARTESIAN_POINT('Origin',(142.119564133762,8.75,22.2953394623561));
#2861=CARTESIAN_POINT('',(142.000002145767,10.8,21.4926955929927));
#2862=CARTESIAN_POINT('Origin',(73.2324152638347,10.8,22.1529347382126));
#2863=CARTESIAN_POINT('',(73.0000010579825,8.75,21.3754285408623));
#2864=CARTESIAN_POINT('',(73.0000010579825,7.5,21.3754285408623));
#2865=CARTESIAN_POINT('',(73.0000010579825,10.8,21.3754285408623));
#2866=CARTESIAN_POINT('',(74.029374061537,8.75,22.0000003576279));
#2867=CARTESIAN_POINT('Origin',(73.2324152638347,8.75,22.1529347382126));
#2868=CARTESIAN_POINT('',(74.029374061537,7.5,22.0000003576279));
#2869=CARTESIAN_POINT('',(74.029374061537,10.8,22.0000003576279));
#2870=CARTESIAN_POINT('Origin',(73.2324152638347,7.5,22.1529347382126));
#2871=CARTESIAN_POINT('Origin',(142.181957897525,10.8,-1.27464589991665));
#2872=CARTESIAN_POINT('',(142.000002145767,7.5,-0.483808145125949));
#2873=CARTESIAN_POINT('',(141.418346802651,7.5,-1.00000004470347));
#2874=CARTESIAN_POINT('Origin',(142.181957897525,7.5,-1.27464589991665));
#2875=CARTESIAN_POINT('',(142.000002145767,8.75,-0.483808145125949));
#2876=CARTESIAN_POINT('',(142.000002145767,10.8,-0.48380814512595));
#2877=CARTESIAN_POINT('',(141.418346802651,8.75,-1.00000004470347));
#2878=CARTESIAN_POINT('Origin',(142.181957897525,8.75,-1.27464589991665));
#2879=CARTESIAN_POINT('',(141.418346802651,10.8,-1.00000004470347));
#2880=CARTESIAN_POINT('Origin',(142.000002145767,7.5,22.0000003576279));
#2881=CARTESIAN_POINT('',(142.000002145767,7.5,22.0000003576279));
#2882=CARTESIAN_POINT('',(142.000002145767,8.75,22.0000003576279));
#2883=CARTESIAN_POINT('Origin',(73.0000010579825,7.5,-1.00000004470347));
#2884=CARTESIAN_POINT('',(73.0000010579825,7.5,-1.00000004470347));
#2885=CARTESIAN_POINT('',(73.0000010579825,8.75,-1.00000004470347));
#2886=CARTESIAN_POINT('Origin',(107.500001601875,7.5,10.5000001564622));
#2887=CARTESIAN_POINT('',(73.0000010579825,7.5,2.38196593442841));
#2888=CARTESIAN_POINT('',(73.0000010579825,7.5,22.0000003576279));
#2889=CARTESIAN_POINT('',(71.0000010579824,7.5,2.38196593442841));
#2890=CARTESIAN_POINT('',(0.,7.5,2.38196593442841));
#2891=CARTESIAN_POINT('',(71.0000010579824,7.5,-1.00000004470348));
#2892=CARTESIAN_POINT('',(71.0000010579824,7.5,22.0000003576279));
#2893=CARTESIAN_POINT('',(73.0000010579824,7.5,-3.00000004470348));
#2894=CARTESIAN_POINT('Origin',(73.0000010579825,7.5,-1.00000004470347));
#2895=CARTESIAN_POINT('',(142.000002145767,7.5,-3.00000004470349));
#2896=CARTESIAN_POINT('',(73.0000010579824,7.5,-3.00000004470348));
#2897=CARTESIAN_POINT('',(144.000002145767,7.5,-1.00000004470349));
#2898=CARTESIAN_POINT('Origin',(142.000002145767,7.5,-1.0000000447035));
#2899=CARTESIAN_POINT('',(144.000002145767,7.5,22.0000003576279));
#2900=CARTESIAN_POINT('',(144.000002145767,7.5,-1.00000004470348));
#2901=CARTESIAN_POINT('',(142.000002145767,7.5,24.0000003576279));
#2902=CARTESIAN_POINT('Origin',(142.000002145767,7.5,22.0000003576279));
#2903=CARTESIAN_POINT('',(73.0000010579824,7.5,24.0000003576279));
#2904=CARTESIAN_POINT('',(142.000002145767,7.5,24.0000003576279));
#2905=CARTESIAN_POINT('',(71.0000010579824,7.5,22.0000003576279));
#2906=CARTESIAN_POINT('Origin',(73.0000010579825,7.5,22.0000003576279));
#2907=CARTESIAN_POINT('',(71.0000010579825,7.5,12.866025666325));
#2908=CARTESIAN_POINT('',(71.0000010579824,7.5,22.0000003576279));
#2909=CARTESIAN_POINT('',(73.0000010579825,7.5,12.866025666325));
#2910=CARTESIAN_POINT('',(0.,7.5,12.866025666325));
#2911=CARTESIAN_POINT('',(73.0000010579825,7.5,22.0000003576279));
#2912=CARTESIAN_POINT('',(142.000002145767,7.5,-1.00000004470347));
#2913=CARTESIAN_POINT('Origin',(0.,6.50000011920929,3.50000002980232));
#2914=CARTESIAN_POINT('',(73.0000010579825,8.00000011920929,3.50000002980232));
#2915=CARTESIAN_POINT('Origin',(73.0000010579825,6.50000011920929,3.50000002980232));
#2916=CARTESIAN_POINT('',(71.0000010579824,8.00000011920929,3.50000002980232));
#2917=CARTESIAN_POINT('',(0.,8.00000011920929,3.50000002980232));
#2918=CARTESIAN_POINT('Origin',(71.0000010579824,6.50000011920929,3.50000002980232));
#2919=CARTESIAN_POINT('Origin',(0.,7.00000011920929,12.0000001937151));
#2920=CARTESIAN_POINT('',(71.0000010579824,8.00000011920929,12.0000001937151));
#2921=CARTESIAN_POINT('Origin',(71.0000010579824,7.00000011920929,12.0000001937151));
#2922=CARTESIAN_POINT('',(73.0000010579825,8.00000011920929,12.0000001937151));
#2923=CARTESIAN_POINT('',(0.,8.00000011920929,12.0000001937151));
#2924=CARTESIAN_POINT('Origin',(73.0000010579825,7.00000011920929,12.0000001937151));
#2925=CARTESIAN_POINT('Origin',(73.0000010579825,7.5,22.0000003576279));
#2926=CARTESIAN_POINT('',(73.0000010579825,8.75,22.0000003576279));
#2927=CARTESIAN_POINT('',(73.0000010579825,8.00000011920929,12.7500001937151));
#2928=CARTESIAN_POINT('Origin',(0.,8.00000011920929,3.50000002980232));
#2929=CARTESIAN_POINT('',(71.0000010579824,8.00000011920929,1.24999999254942));
#2930=CARTESIAN_POINT('Origin',(142.000002145767,7.5,-1.00000004470347));
#2931=CARTESIAN_POINT('',(142.000002145767,8.75,-1.00000004470347));
#2932=CARTESIAN_POINT('Origin',(142.000002145767,7.5,-3.00000004470348));
#2933=CARTESIAN_POINT('',(73.0000010579824,8.75,-3.00000004470348));
#2934=CARTESIAN_POINT('',(73.0000010579824,7.5,-3.00000004470348));
#2935=CARTESIAN_POINT('',(142.000002145767,8.75,-3.00000004470349));
#2936=CARTESIAN_POINT('',(73.0000010579824,8.75,-3.00000004470348));
#2937=CARTESIAN_POINT('',(142.000002145767,7.5,-3.00000004470349));
#2938=CARTESIAN_POINT('Origin',(142.000002145767,7.5,-1.0000000447035));
#2939=CARTESIAN_POINT('',(144.000002145767,8.75,-1.00000004470349));
#2940=CARTESIAN_POINT('Origin',(142.000002145767,8.75,-1.0000000447035));
#2941=CARTESIAN_POINT('',(144.000002145767,7.5,-1.00000004470349));
#2942=CARTESIAN_POINT('Origin',(144.000002145767,7.5,22.0000003576279));
#2943=CARTESIAN_POINT('',(144.000002145767,8.75,22.0000003576279));
#2944=CARTESIAN_POINT('',(144.000002145767,8.75,-1.00000004470348));
#2945=CARTESIAN_POINT('',(144.000002145767,7.5,22.0000003576279));
#2946=CARTESIAN_POINT('Origin',(142.000002145767,7.5,22.0000003576279));
#2947=CARTESIAN_POINT('',(142.000002145767,8.75,24.0000003576279));
#2948=CARTESIAN_POINT('Origin',(142.000002145767,8.75,22.0000003576279));
#2949=CARTESIAN_POINT('',(142.000002145767,7.5,24.0000003576279));
#2950=CARTESIAN_POINT('Origin',(73.0000010579824,7.5,24.0000003576279));
#2951=CARTESIAN_POINT('',(73.0000010579824,8.75,24.0000003576279));
#2952=CARTESIAN_POINT('',(142.000002145767,8.75,24.0000003576279));
#2953=CARTESIAN_POINT('',(73.0000010579824,7.5,24.0000003576279));
#2954=CARTESIAN_POINT('Origin',(73.0000010579825,7.5,22.0000003576279));
#2955=CARTESIAN_POINT('',(71.0000010579824,8.75,22.0000003576279));
#2956=CARTESIAN_POINT('Origin',(73.0000010579825,8.75,22.0000003576279));
#2957=CARTESIAN_POINT('',(71.0000010579824,7.5,22.0000003576279));
#2958=CARTESIAN_POINT('Origin',(71.0000010579824,7.5,-1.00000004470348));
#2959=CARTESIAN_POINT('',(71.0000010579824,8.75,-1.00000004470348));
#2960=CARTESIAN_POINT('',(71.0000010579824,8.75,22.0000003576279));
#2961=CARTESIAN_POINT('',(71.0000010579824,7.5,-1.00000004470348));
#2962=CARTESIAN_POINT('Origin',(73.0000010579825,7.5,-1.00000004470347));
#2963=CARTESIAN_POINT('Origin',(73.0000010579825,8.75,-1.00000004470347));
#2964=CARTESIAN_POINT('Origin',(107.500001601875,8.75,10.5000001564622));
#2965=UNCERTAINTY_MEASURE_WITH_UNIT(LENGTH_MEASURE(0.01),#2969,
'DISTANCE_ACCURACY_VALUE',
'Maximum model space distance between geometric entities at asserted c
onnectivities');
#2966=UNCERTAINTY_MEASURE_WITH_UNIT(LENGTH_MEASURE(0.01),#2969,
'DISTANCE_ACCURACY_VALUE',
'Maximum model space distance between geometric entities at asserted c
onnectivities');
#2967=(
GEOMETRIC_REPRESENTATION_CONTEXT(3)
GLOBAL_UNCERTAINTY_ASSIGNED_CONTEXT((#2965))
GLOBAL_UNIT_ASSIGNED_CONTEXT((#2969,#2970,#2971))
REPRESENTATION_CONTEXT('','3D')
);
#2968=(
GEOMETRIC_REPRESENTATION_CONTEXT(3)
GLOBAL_UNCERTAINTY_ASSIGNED_CONTEXT((#2966))
GLOBAL_UNIT_ASSIGNED_CONTEXT((#2969,#2970,#2971))
REPRESENTATION_CONTEXT('','3D')
);
#2969=(
LENGTH_UNIT()
NAMED_UNIT(*)
SI_UNIT(.MILLI.,.METRE.)
);
#2970=(
NAMED_UNIT(*)
PLANE_ANGLE_UNIT()
SI_UNIT($,.RADIAN.)
);
#2971=(
NAMED_UNIT(*)
SI_UNIT($,.STERADIAN.)
SOLID_ANGLE_UNIT()
);
#2972=SHAPE_DEFINITION_REPRESENTATION(#2973,#2974);
#2973=PRODUCT_DEFINITION_SHAPE('',$,#2976);
#2974=SHAPE_REPRESENTATION('',(#1779),#2967);
#2975=PRODUCT_DEFINITION_CONTEXT('part definition',#2980,'design');
#2976=PRODUCT_DEFINITION('casing','casing v17',#2977,#2975);
#2977=PRODUCT_DEFINITION_FORMATION('',$,#2982);
#2978=PRODUCT_RELATED_PRODUCT_CATEGORY('casing v17','casing v17',(#2982));
#2979=APPLICATION_PROTOCOL_DEFINITION('international standard',
'automotive_design',2009,#2980);
#2980=APPLICATION_CONTEXT(
'Core Data for Automotive Mechanical Design Process');
#2981=PRODUCT_CONTEXT('part definition',#2980,'mechanical');
#2982=PRODUCT('casing','casing v17',$,(#2981));
#2983=PRESENTATION_STYLE_ASSIGNMENT((#2986));
#2984=PRESENTATION_STYLE_ASSIGNMENT((#2987));
#2985=PRESENTATION_STYLE_ASSIGNMENT((#2988));
#2986=SURFACE_STYLE_USAGE(.BOTH.,#2989);
#2987=SURFACE_STYLE_USAGE(.BOTH.,#2990);
#2988=SURFACE_STYLE_USAGE(.BOTH.,#2991);
#2989=SURFACE_SIDE_STYLE('',(#2992));
#2990=SURFACE_SIDE_STYLE('',(#2993));
#2991=SURFACE_SIDE_STYLE('',(#2994));
#2992=SURFACE_STYLE_FILL_AREA(#2995);
#2993=SURFACE_STYLE_FILL_AREA(#2996);
#2994=SURFACE_STYLE_FILL_AREA(#2997);
#2995=FILL_AREA_STYLE('Steel - Satin',(#2998));
#2996=FILL_AREA_STYLE('EPX 82 (with Carbon M2 M3 L1 3D Printers)',(#2999));
#2997=FILL_AREA_STYLE('Acrylic (Clear)',(#3000));
#2998=FILL_AREA_STYLE_COLOUR('Steel - Satin',#3001);
#2999=FILL_AREA_STYLE_COLOUR(
'EPX 82 (with Carbon M2 M3 L1 3D Printers)',#3002);
#3000=FILL_AREA_STYLE_COLOUR('Acrylic (Clear)',#3003);
#3001=COLOUR_RGB('Steel - Satin',0.627450980392157,0.627450980392157,0.627450980392157);
#3002=COLOUR_RGB('EPX 82 (with Carbon M2 M3 L1 3D Printers)',0.247058823529412,
0.247058823529412,0.247058823529412);
#3003=COLOUR_RGB('Acrylic (Clear)',0.964705882352941,0.964705882352941,
0.952941176470588);
ENDSEC;
END-ISO-10303-21;
