ISO-10303-21;
HEADER;
/* Generated by software containing ST-Developer
 * from STEP Tools, Inc. (www.steptools.com) 
 */

FILE_DESCRIPTION(
/* description */ (''),
/* implementation_level */ '2;1');

FILE_NAME(
/* name */ 'bottom.step',
/* time_stamp */ '2026-06-21T06:18:41+07:00',
/* author */ (''),
/* organization */ (''),
/* preprocessor_version */ 'ST-DEVELOPER v20.1',
/* originating_system */ 'Autodesk Translation Framework v15.8.0.0',
/* authorisation */ '');

FILE_SCHEMA (('AUTOMOTIVE_DESIGN { 1 0 10303 214 3 1 1 }'));
ENDSEC;

DATA;
#10=MECHANICAL_DESIGN_GEOMETRIC_PRESENTATION_REPRESENTATION('',(#50,#51,
#52,#53,#54,#55,#56,#57,#58,#59,#60,#61,#62,#63),#3128);
#11=SHAPE_REPRESENTATION_RELATIONSHIP('SRR','None',#3134,#12);
#12=ADVANCED_BREP_SHAPE_REPRESENTATION('',(#64,#65,#66,#67,#68,#69,#70,
#71,#72,#73,#74,#75,#76,#77),#3127);
#13=B_SPLINE_CURVE_WITH_KNOTS('',3,(#2017,#2018,#2019,#2020,#2021,#2022),
 .UNSPECIFIED.,.F.,.F.,(4,2,4),(-0.2,-0.0999999999999996,0.),
 .UNSPECIFIED.);
#14=(
BOUNDED_CURVE()
B_SPLINE_CURVE(5,(#1520,#1521,#1522,#1523,#1524,#1525,#1526,#1527,#1528,
#1529,#1530,#1531,#1532,#1533,#1534,#1535,#1536,#1537,#1538,#1539,#1540,
#1541,#1542,#1543,#1544,#1545,#1546,#1547,#1548,#1549,#1550,#1551),
 .UNSPECIFIED.,.F.,.F.)
B_SPLINE_CURVE_WITH_KNOTS((6,1,1,1,1,1,1,1,1,1,1,1,1,1,1,1,1,1,1,1,1,1,
1,1,1,1,1,6),(0.,0.0333333333333333,0.0666666666666667,0.1,0.133333333333333,
0.166666666666667,0.2,0.233333333333333,0.266666666666667,0.3,0.333333333333333,
0.366666666666667,0.4,0.433333333333333,0.466666666666667,0.5,0.533333333333333,
0.566666666666667,0.6,0.633333333333333,0.666666666666667,0.7,0.733333333333333,
0.766666666666667,0.8,0.833333333333333,0.866666666666667,0.88509329711619),
 .UNSPECIFIED.)
CURVE()
GEOMETRIC_REPRESENTATION_ITEM()
RATIONAL_B_SPLINE_CURVE((1.,1.,1.,1.,1.,1.,1.,1.,1.,1.,1.,1.,1.,1.,1.,1.,
1.,1.,1.,1.,1.,1.,1.,1.,1.,1.,1.,1.,1.,1.,1.,1.))
REPRESENTATION_ITEM('')
);
#15=(
BOUNDED_CURVE()
B_SPLINE_CURVE(5,(#1555,#1556,#1557,#1558,#1559,#1560,#1561,#1562,#1563,
#1564,#1565,#1566,#1567,#1568,#1569,#1570,#1571,#1572,#1573,#1574,#1575,
#1576,#1577,#1578,#1579,#1580,#1581,#1582,#1583,#1584,#1585,#1586),
 .UNSPECIFIED.,.F.,.F.)
B_SPLINE_CURVE_WITH_KNOTS((6,1,1,1,1,1,1,1,1,1,1,1,1,1,1,1,1,1,1,1,1,1,
1,1,1,1,1,6),(-0.885093297116189,-0.866666666666667,-0.833333333333333,
-0.8,-0.766666666666667,-0.733333333333333,-0.7,-0.666666666666667,-0.633333333333333,
-0.6,-0.566666666666667,-0.533333333333333,-0.5,-0.466666666666667,-0.433333333333333,
-0.4,-0.366666666666667,-0.333333333333333,-0.3,-0.266666666666667,-0.233333333333333,
-0.2,-0.166666666666667,-0.133333333333333,-0.1,-0.0666666666666667,-0.0333333333333333,
0.),.UNSPECIFIED.)
CURVE()
GEOMETRIC_REPRESENTATION_ITEM()
RATIONAL_B_SPLINE_CURVE((1.,1.,1.,1.,1.,1.,1.,1.,1.,1.,1.,1.,1.,1.,1.,1.,
1.,1.,1.,1.,1.,1.,1.,1.,1.,1.,1.,1.,1.,1.,1.,1.))
REPRESENTATION_ITEM('')
);
#16=(
BOUNDED_CURVE()
B_SPLINE_CURVE(5,(#1659,#1660,#1661,#1662,#1663,#1664,#1665,#1666,#1667,
#1668,#1669,#1670,#1671,#1672,#1673,#1674,#1675,#1676,#1677,#1678,#1679,
#1680,#1681,#1682,#1683,#1684,#1685,#1686,#1687,#1688,#1689,#1690),
 .UNSPECIFIED.,.F.,.F.)
B_SPLINE_CURVE_WITH_KNOTS((6,1,1,1,1,1,1,1,1,1,1,1,1,1,1,1,1,1,1,1,1,1,
1,1,1,1,1,6),(0.,0.0333333333333333,0.0666666666666667,0.1,0.133333333333333,
0.166666666666667,0.2,0.233333333333333,0.266666666666667,0.3,0.333333333333333,
0.366666666666667,0.4,0.433333333333333,0.466666666666667,0.5,0.533333333333333,
0.566666666666667,0.6,0.633333333333333,0.666666666666667,0.7,0.733333333333333,
0.766666666666667,0.8,0.833333333333333,0.866666666666667,0.88509329711619),
 .UNSPECIFIED.)
CURVE()
GEOMETRIC_REPRESENTATION_ITEM()
RATIONAL_B_SPLINE_CURVE((1.,1.,1.,1.,1.,1.,1.,1.,1.,1.,1.,1.,1.,1.,1.,1.,
1.,1.,1.,1.,1.,1.,1.,1.,1.,1.,1.,1.,1.,1.,1.,1.))
REPRESENTATION_ITEM('')
);
#17=(
BOUNDED_CURVE()
B_SPLINE_CURVE(5,(#1694,#1695,#1696,#1697,#1698,#1699,#1700,#1701,#1702,
#1703,#1704,#1705,#1706,#1707,#1708,#1709,#1710,#1711,#1712,#1713,#1714,
#1715,#1716,#1717,#1718,#1719,#1720,#1721,#1722,#1723,#1724,#1725),
 .UNSPECIFIED.,.F.,.F.)
B_SPLINE_CURVE_WITH_KNOTS((6,1,1,1,1,1,1,1,1,1,1,1,1,1,1,1,1,1,1,1,1,1,
1,1,1,1,1,6),(-0.885093297116189,-0.866666666666667,-0.833333333333333,
-0.8,-0.766666666666667,-0.733333333333333,-0.7,-0.666666666666667,-0.633333333333333,
-0.6,-0.566666666666667,-0.533333333333333,-0.5,-0.466666666666667,-0.433333333333333,
-0.4,-0.366666666666667,-0.333333333333333,-0.3,-0.266666666666667,-0.233333333333333,
-0.2,-0.166666666666667,-0.133333333333333,-0.1,-0.0666666666666667,-0.0333333333333333,
0.),.UNSPECIFIED.)
CURVE()
GEOMETRIC_REPRESENTATION_ITEM()
RATIONAL_B_SPLINE_CURVE((1.,1.,1.,1.,1.,1.,1.,1.,1.,1.,1.,1.,1.,1.,1.,1.,
1.,1.,1.,1.,1.,1.,1.,1.,1.,1.,1.,1.,1.,1.,1.,1.))
REPRESENTATION_ITEM('')
);
#18=(
BOUNDED_CURVE()
B_SPLINE_CURVE(5,(#1798,#1799,#1800,#1801,#1802,#1803,#1804,#1805,#1806,
#1807,#1808,#1809,#1810,#1811,#1812,#1813,#1814,#1815,#1816,#1817,#1818,
#1819,#1820,#1821,#1822,#1823,#1824,#1825,#1826,#1827,#1828,#1829),
 .UNSPECIFIED.,.F.,.F.)
B_SPLINE_CURVE_WITH_KNOTS((6,1,1,1,1,1,1,1,1,1,1,1,1,1,1,1,1,1,1,1,1,1,
1,1,1,1,1,6),(0.,0.0333333333333333,0.0666666666666667,0.1,0.133333333333333,
0.166666666666667,0.2,0.233333333333333,0.266666666666667,0.3,0.333333333333333,
0.366666666666667,0.4,0.433333333333333,0.466666666666667,0.5,0.533333333333333,
0.566666666666667,0.6,0.633333333333333,0.666666666666667,0.7,0.733333333333333,
0.766666666666667,0.8,0.833333333333333,0.866666666666667,0.88509329711619),
 .UNSPECIFIED.)
CURVE()
GEOMETRIC_REPRESENTATION_ITEM()
RATIONAL_B_SPLINE_CURVE((1.,1.,1.,1.,1.,1.,1.,1.,1.,1.,1.,1.,1.,1.,1.,1.,
1.,1.,1.,1.,1.,1.,1.,1.,1.,1.,1.,1.,1.,1.,1.,1.))
REPRESENTATION_ITEM('')
);
#19=(
BOUNDED_CURVE()
B_SPLINE_CURVE(5,(#1833,#1834,#1835,#1836,#1837,#1838,#1839,#1840,#1841,
#1842,#1843,#1844,#1845,#1846,#1847,#1848,#1849,#1850,#1851,#1852,#1853,
#1854,#1855,#1856,#1857,#1858,#1859,#1860,#1861,#1862,#1863,#1864),
 .UNSPECIFIED.,.F.,.F.)
B_SPLINE_CURVE_WITH_KNOTS((6,1,1,1,1,1,1,1,1,1,1,1,1,1,1,1,1,1,1,1,1,1,
1,1,1,1,1,6),(-0.885093297116189,-0.866666666666667,-0.833333333333333,
-0.8,-0.766666666666667,-0.733333333333333,-0.7,-0.666666666666667,-0.633333333333333,
-0.6,-0.566666666666667,-0.533333333333333,-0.5,-0.466666666666667,-0.433333333333333,
-0.4,-0.366666666666667,-0.333333333333333,-0.3,-0.266666666666667,-0.233333333333333,
-0.2,-0.166666666666667,-0.133333333333333,-0.1,-0.0666666666666667,-0.0333333333333333,
0.),.UNSPECIFIED.)
CURVE()
GEOMETRIC_REPRESENTATION_ITEM()
RATIONAL_B_SPLINE_CURVE((1.,1.,1.,1.,1.,1.,1.,1.,1.,1.,1.,1.,1.,1.,1.,1.,
1.,1.,1.,1.,1.,1.,1.,1.,1.,1.,1.,1.,1.,1.,1.,1.))
REPRESENTATION_ITEM('')
);
#20=(
BOUNDED_CURVE()
B_SPLINE_CURVE(5,(#1937,#1938,#1939,#1940,#1941,#1942,#1943,#1944,#1945,
#1946,#1947,#1948,#1949,#1950,#1951,#1952,#1953,#1954,#1955,#1956,#1957,
#1958,#1959,#1960,#1961,#1962,#1963,#1964,#1965,#1966,#1967,#1968),
 .UNSPECIFIED.,.F.,.F.)
B_SPLINE_CURVE_WITH_KNOTS((6,1,1,1,1,1,1,1,1,1,1,1,1,1,1,1,1,1,1,1,1,1,
1,1,1,1,1,6),(0.,0.0333333333333333,0.0666666666666667,0.1,0.133333333333333,
0.166666666666667,0.2,0.233333333333333,0.266666666666667,0.3,0.333333333333333,
0.366666666666667,0.4,0.433333333333333,0.466666666666667,0.5,0.533333333333333,
0.566666666666667,0.6,0.633333333333333,0.666666666666667,0.7,0.733333333333333,
0.766666666666667,0.8,0.833333333333333,0.866666666666667,0.88509329711619),
 .UNSPECIFIED.)
CURVE()
GEOMETRIC_REPRESENTATION_ITEM()
RATIONAL_B_SPLINE_CURVE((1.,1.,1.,1.,1.,1.,1.,1.,1.,1.,1.,1.,1.,1.,1.,1.,
1.,1.,1.,1.,1.,1.,1.,1.,1.,1.,1.,1.,1.,1.,1.,1.))
REPRESENTATION_ITEM('')
);
#21=(
BOUNDED_CURVE()
B_SPLINE_CURVE(5,(#1972,#1973,#1974,#1975,#1976,#1977,#1978,#1979,#1980,
#1981,#1982,#1983,#1984,#1985,#1986,#1987,#1988,#1989,#1990,#1991,#1992,
#1993,#1994,#1995,#1996,#1997,#1998,#1999,#2000,#2001,#2002,#2003),
 .UNSPECIFIED.,.F.,.F.)
B_SPLINE_CURVE_WITH_KNOTS((6,1,1,1,1,1,1,1,1,1,1,1,1,1,1,1,1,1,1,1,1,1,
1,1,1,1,1,6),(-0.885093297116189,-0.866666666666667,-0.833333333333333,
-0.8,-0.766666666666667,-0.733333333333333,-0.7,-0.666666666666667,-0.633333333333333,
-0.6,-0.566666666666667,-0.533333333333333,-0.5,-0.466666666666667,-0.433333333333333,
-0.4,-0.366666666666667,-0.333333333333333,-0.3,-0.266666666666667,-0.233333333333333,
-0.2,-0.166666666666667,-0.133333333333333,-0.1,-0.0666666666666667,-0.0333333333333333,
0.),.UNSPECIFIED.)
CURVE()
GEOMETRIC_REPRESENTATION_ITEM()
RATIONAL_B_SPLINE_CURVE((1.,1.,1.,1.,1.,1.,1.,1.,1.,1.,1.,1.,1.,1.,1.,1.,
1.,1.,1.,1.,1.,1.,1.,1.,1.,1.,1.,1.,1.,1.,1.,1.))
REPRESENTATION_ITEM('')
);
#22=(
BOUNDED_CURVE()
B_SPLINE_CURVE(5,(#2089,#2090,#2091,#2092,#2093,#2094,#2095,#2096,#2097,
#2098,#2099,#2100,#2101,#2102,#2103,#2104,#2105,#2106,#2107,#2108,#2109,
#2110,#2111,#2112,#2113,#2114,#2115,#2116),.UNSPECIFIED.,.F.,.F.)
B_SPLINE_CURVE_WITH_KNOTS((6,1,1,1,1,1,1,1,1,1,1,1,1,1,1,1,1,1,1,1,1,1,
1,6),(0.,0.0333333333333333,0.0666666666666667,0.1,0.133333333333333,0.166666666666667,
0.2,0.233333333333333,0.266666666666667,0.3,0.333333333333333,0.366666666666667,
0.4,0.433333333333333,0.466666666666667,0.5,0.533333333333333,0.566666666666667,
0.6,0.633333333333333,0.666666666666667,0.7,0.733333333333333,0.742880090746785),
 .UNSPECIFIED.)
CURVE()
GEOMETRIC_REPRESENTATION_ITEM()
RATIONAL_B_SPLINE_CURVE((1.,1.,1.,1.,1.,1.,1.,1.,1.,1.,1.,1.,1.,1.,1.,1.,
1.,1.,1.,1.,1.,1.,1.,1.,1.,1.,1.,1.))
REPRESENTATION_ITEM('')
);
#23=(
BOUNDED_CURVE()
B_SPLINE_CURVE(5,(#2119,#2120,#2121,#2122,#2123,#2124,#2125,#2126,#2127,
#2128,#2129,#2130,#2131,#2132,#2133,#2134,#2135,#2136,#2137,#2138,#2139,
#2140,#2141,#2142,#2143,#2144,#2145,#2146),.UNSPECIFIED.,.F.,.F.)
B_SPLINE_CURVE_WITH_KNOTS((6,1,1,1,1,1,1,1,1,1,1,1,1,1,1,1,1,1,1,1,1,1,
1,6),(-0.742880090746785,-0.733333333333333,-0.7,-0.666666666666667,-0.633333333333333,
-0.6,-0.566666666666667,-0.533333333333333,-0.5,-0.466666666666667,-0.433333333333333,
-0.4,-0.366666666666667,-0.333333333333333,-0.3,-0.266666666666667,-0.233333333333333,
-0.2,-0.166666666666667,-0.133333333333333,-0.1,-0.0666666666666667,-0.0333333333333333,
0.),.UNSPECIFIED.)
CURVE()
GEOMETRIC_REPRESENTATION_ITEM()
RATIONAL_B_SPLINE_CURVE((1.,1.,1.,1.,1.,1.,1.,1.,1.,1.,1.,1.,1.,1.,1.,1.,
1.,1.,1.,1.,1.,1.,1.,1.,1.,1.,1.,1.))
REPRESENTATION_ITEM('')
);
#24=(
BOUNDED_CURVE()
B_SPLINE_CURVE(5,(#2218,#2219,#2220,#2221,#2222,#2223,#2224,#2225,#2226,
#2227,#2228,#2229,#2230,#2231,#2232,#2233,#2234,#2235,#2236,#2237,#2238,
#2239,#2240,#2241,#2242,#2243,#2244,#2245,#2246,#2247,#2248,#2249),
 .UNSPECIFIED.,.F.,.F.)
B_SPLINE_CURVE_WITH_KNOTS((6,1,1,1,1,1,1,1,1,1,1,1,1,1,1,1,1,1,1,1,1,1,
1,1,1,1,1,6),(0.,0.0333333333333333,0.0666666666666667,0.1,0.133333333333333,
0.166666666666667,0.2,0.233333333333333,0.266666666666667,0.3,0.333333333333333,
0.366666666666667,0.4,0.433333333333333,0.466666666666667,0.5,0.533333333333333,
0.566666666666667,0.6,0.633333333333333,0.666666666666667,0.7,0.733333333333333,
0.766666666666667,0.8,0.833333333333333,0.866666666666667,0.88509329711619),
 .UNSPECIFIED.)
CURVE()
GEOMETRIC_REPRESENTATION_ITEM()
RATIONAL_B_SPLINE_CURVE((1.,1.,1.,1.,1.,1.,1.,1.,1.,1.,1.,1.,1.,1.,1.,1.,
1.,1.,1.,1.,1.,1.,1.,1.,1.,1.,1.,1.,1.,1.,1.,1.))
REPRESENTATION_ITEM('')
);
#25=(
BOUNDED_CURVE()
B_SPLINE_CURVE(5,(#2253,#2254,#2255,#2256,#2257,#2258,#2259,#2260,#2261,
#2262,#2263,#2264,#2265,#2266,#2267,#2268,#2269,#2270,#2271,#2272,#2273,
#2274,#2275,#2276,#2277,#2278,#2279,#2280,#2281,#2282,#2283,#2284),
 .UNSPECIFIED.,.F.,.F.)
B_SPLINE_CURVE_WITH_KNOTS((6,1,1,1,1,1,1,1,1,1,1,1,1,1,1,1,1,1,1,1,1,1,
1,1,1,1,1,6),(-0.885093297116189,-0.866666666666667,-0.833333333333333,
-0.8,-0.766666666666667,-0.733333333333333,-0.7,-0.666666666666667,-0.633333333333333,
-0.6,-0.566666666666667,-0.533333333333333,-0.5,-0.466666666666667,-0.433333333333333,
-0.4,-0.366666666666667,-0.333333333333333,-0.3,-0.266666666666667,-0.233333333333333,
-0.2,-0.166666666666667,-0.133333333333333,-0.1,-0.0666666666666667,-0.0333333333333333,
0.),.UNSPECIFIED.)
CURVE()
GEOMETRIC_REPRESENTATION_ITEM()
RATIONAL_B_SPLINE_CURVE((1.,1.,1.,1.,1.,1.,1.,1.,1.,1.,1.,1.,1.,1.,1.,1.,
1.,1.,1.,1.,1.,1.,1.,1.,1.,1.,1.,1.,1.,1.,1.,1.))
REPRESENTATION_ITEM('')
);
#26=(
BOUNDED_CURVE()
B_SPLINE_CURVE(5,(#2357,#2358,#2359,#2360,#2361,#2362,#2363,#2364,#2365,
#2366,#2367,#2368,#2369,#2370,#2371,#2372,#2373,#2374,#2375,#2376,#2377,
#2378,#2379,#2380,#2381,#2382,#2383,#2384,#2385,#2386,#2387,#2388),
 .UNSPECIFIED.,.F.,.F.)
B_SPLINE_CURVE_WITH_KNOTS((6,1,1,1,1,1,1,1,1,1,1,1,1,1,1,1,1,1,1,1,1,1,
1,1,1,1,1,6),(0.,0.0333333333333333,0.0666666666666667,0.1,0.133333333333333,
0.166666666666667,0.2,0.233333333333333,0.266666666666667,0.3,0.333333333333333,
0.366666666666667,0.4,0.433333333333333,0.466666666666667,0.5,0.533333333333333,
0.566666666666667,0.6,0.633333333333333,0.666666666666667,0.7,0.733333333333333,
0.766666666666667,0.8,0.833333333333333,0.866666666666667,0.88509329711619),
 .UNSPECIFIED.)
CURVE()
GEOMETRIC_REPRESENTATION_ITEM()
RATIONAL_B_SPLINE_CURVE((1.,1.,1.,1.,1.,1.,1.,1.,1.,1.,1.,1.,1.,1.,1.,1.,
1.,1.,1.,1.,1.,1.,1.,1.,1.,1.,1.,1.,1.,1.,1.,1.))
REPRESENTATION_ITEM('')
);
#27=(
BOUNDED_CURVE()
B_SPLINE_CURVE(5,(#2392,#2393,#2394,#2395,#2396,#2397,#2398,#2399,#2400,
#2401,#2402,#2403,#2404,#2405,#2406,#2407,#2408,#2409,#2410,#2411,#2412,
#2413,#2414,#2415,#2416,#2417,#2418,#2419,#2420,#2421,#2422,#2423),
 .UNSPECIFIED.,.F.,.F.)
B_SPLINE_CURVE_WITH_KNOTS((6,1,1,1,1,1,1,1,1,1,1,1,1,1,1,1,1,1,1,1,1,1,
1,1,1,1,1,6),(-0.885093297116189,-0.866666666666667,-0.833333333333333,
-0.8,-0.766666666666667,-0.733333333333333,-0.7,-0.666666666666667,-0.633333333333333,
-0.6,-0.566666666666667,-0.533333333333333,-0.5,-0.466666666666667,-0.433333333333333,
-0.4,-0.366666666666667,-0.333333333333333,-0.3,-0.266666666666667,-0.233333333333333,
-0.2,-0.166666666666667,-0.133333333333333,-0.1,-0.0666666666666667,-0.0333333333333333,
0.),.UNSPECIFIED.)
CURVE()
GEOMETRIC_REPRESENTATION_ITEM()
RATIONAL_B_SPLINE_CURVE((1.,1.,1.,1.,1.,1.,1.,1.,1.,1.,1.,1.,1.,1.,1.,1.,
1.,1.,1.,1.,1.,1.,1.,1.,1.,1.,1.,1.,1.,1.,1.,1.))
REPRESENTATION_ITEM('')
);
#28=(
BOUNDED_CURVE()
B_SPLINE_CURVE(5,(#2496,#2497,#2498,#2499,#2500,#2501,#2502,#2503,#2504,
#2505,#2506,#2507,#2508,#2509,#2510,#2511,#2512,#2513,#2514,#2515,#2516,
#2517,#2518,#2519,#2520,#2521,#2522,#2523,#2524,#2525,#2526,#2527),
 .UNSPECIFIED.,.F.,.F.)
B_SPLINE_CURVE_WITH_KNOTS((6,1,1,1,1,1,1,1,1,1,1,1,1,1,1,1,1,1,1,1,1,1,
1,1,1,1,1,6),(0.,0.0333333333333333,0.0666666666666667,0.1,0.133333333333333,
0.166666666666667,0.2,0.233333333333333,0.266666666666667,0.3,0.333333333333333,
0.366666666666667,0.4,0.433333333333333,0.466666666666667,0.5,0.533333333333333,
0.566666666666667,0.6,0.633333333333333,0.666666666666667,0.7,0.733333333333333,
0.766666666666667,0.8,0.833333333333333,0.866666666666667,0.88509329711619),
 .UNSPECIFIED.)
CURVE()
GEOMETRIC_REPRESENTATION_ITEM()
RATIONAL_B_SPLINE_CURVE((1.,1.,1.,1.,1.,1.,1.,1.,1.,1.,1.,1.,1.,1.,1.,1.,
1.,1.,1.,1.,1.,1.,1.,1.,1.,1.,1.,1.,1.,1.,1.,1.))
REPRESENTATION_ITEM('')
);
#29=(
BOUNDED_CURVE()
B_SPLINE_CURVE(5,(#2531,#2532,#2533,#2534,#2535,#2536,#2537,#2538,#2539,
#2540,#2541,#2542,#2543,#2544,#2545,#2546,#2547,#2548,#2549,#2550,#2551,
#2552,#2553,#2554,#2555,#2556,#2557,#2558,#2559,#2560,#2561,#2562),
 .UNSPECIFIED.,.F.,.F.)
B_SPLINE_CURVE_WITH_KNOTS((6,1,1,1,1,1,1,1,1,1,1,1,1,1,1,1,1,1,1,1,1,1,
1,1,1,1,1,6),(-0.885093297116189,-0.866666666666667,-0.833333333333333,
-0.8,-0.766666666666667,-0.733333333333333,-0.7,-0.666666666666667,-0.633333333333333,
-0.6,-0.566666666666667,-0.533333333333333,-0.5,-0.466666666666667,-0.433333333333333,
-0.4,-0.366666666666667,-0.333333333333333,-0.3,-0.266666666666667,-0.233333333333333,
-0.2,-0.166666666666667,-0.133333333333333,-0.1,-0.0666666666666667,-0.0333333333333333,
0.),.UNSPECIFIED.)
CURVE()
GEOMETRIC_REPRESENTATION_ITEM()
RATIONAL_B_SPLINE_CURVE((1.,1.,1.,1.,1.,1.,1.,1.,1.,1.,1.,1.,1.,1.,1.,1.,
1.,1.,1.,1.,1.,1.,1.,1.,1.,1.,1.,1.,1.,1.,1.,1.))
REPRESENTATION_ITEM('')
);
#30=(
BOUNDED_CURVE()
B_SPLINE_CURVE(5,(#2635,#2636,#2637,#2638,#2639,#2640,#2641,#2642,#2643,
#2644,#2645,#2646,#2647,#2648,#2649,#2650,#2651,#2652,#2653,#2654,#2655,
#2656,#2657,#2658,#2659,#2660,#2661,#2662,#2663,#2664,#2665,#2666),
 .UNSPECIFIED.,.F.,.F.)
B_SPLINE_CURVE_WITH_KNOTS((6,1,1,1,1,1,1,1,1,1,1,1,1,1,1,1,1,1,1,1,1,1,
1,1,1,1,1,6),(0.,0.0333333333333333,0.0666666666666667,0.1,0.133333333333333,
0.166666666666667,0.2,0.233333333333333,0.266666666666667,0.3,0.333333333333333,
0.366666666666667,0.4,0.433333333333333,0.466666666666667,0.5,0.533333333333333,
0.566666666666667,0.6,0.633333333333333,0.666666666666667,0.7,0.733333333333333,
0.766666666666667,0.8,0.833333333333333,0.866666666666667,0.88509329711619),
 .UNSPECIFIED.)
CURVE()
GEOMETRIC_REPRESENTATION_ITEM()
RATIONAL_B_SPLINE_CURVE((1.,1.,1.,1.,1.,1.,1.,1.,1.,1.,1.,1.,1.,1.,1.,1.,
1.,1.,1.,1.,1.,1.,1.,1.,1.,1.,1.,1.,1.,1.,1.,1.))
REPRESENTATION_ITEM('')
);
#31=(
BOUNDED_CURVE()
B_SPLINE_CURVE(5,(#2670,#2671,#2672,#2673,#2674,#2675,#2676,#2677,#2678,
#2679,#2680,#2681,#2682,#2683,#2684,#2685,#2686,#2687,#2688,#2689,#2690,
#2691,#2692,#2693,#2694,#2695,#2696,#2697,#2698,#2699,#2700,#2701),
 .UNSPECIFIED.,.F.,.F.)
B_SPLINE_CURVE_WITH_KNOTS((6,1,1,1,1,1,1,1,1,1,1,1,1,1,1,1,1,1,1,1,1,1,
1,1,1,1,1,6),(-0.885093297116189,-0.866666666666667,-0.833333333333333,
-0.8,-0.766666666666667,-0.733333333333333,-0.7,-0.666666666666667,-0.633333333333333,
-0.6,-0.566666666666667,-0.533333333333333,-0.5,-0.466666666666667,-0.433333333333333,
-0.4,-0.366666666666667,-0.333333333333333,-0.3,-0.266666666666667,-0.233333333333333,
-0.2,-0.166666666666667,-0.133333333333333,-0.1,-0.0666666666666667,-0.0333333333333333,
0.),.UNSPECIFIED.)
CURVE()
GEOMETRIC_REPRESENTATION_ITEM()
RATIONAL_B_SPLINE_CURVE((1.,1.,1.,1.,1.,1.,1.,1.,1.,1.,1.,1.,1.,1.,1.,1.,
1.,1.,1.,1.,1.,1.,1.,1.,1.,1.,1.,1.,1.,1.,1.,1.))
REPRESENTATION_ITEM('')
);
#32=(
BOUNDED_CURVE()
B_SPLINE_CURVE(5,(#2774,#2775,#2776,#2777,#2778,#2779,#2780,#2781,#2782,
#2783,#2784,#2785,#2786,#2787,#2788,#2789,#2790,#2791,#2792,#2793,#2794,
#2795,#2796,#2797,#2798,#2799,#2800,#2801,#2802,#2803,#2804,#2805),
 .UNSPECIFIED.,.F.,.F.)
B_SPLINE_CURVE_WITH_KNOTS((6,1,1,1,1,1,1,1,1,1,1,1,1,1,1,1,1,1,1,1,1,1,
1,1,1,1,1,6),(0.,0.0333333333333333,0.0666666666666667,0.1,0.133333333333333,
0.166666666666667,0.2,0.233333333333333,0.266666666666667,0.3,0.333333333333333,
0.366666666666667,0.4,0.433333333333333,0.466666666666667,0.5,0.533333333333333,
0.566666666666667,0.6,0.633333333333333,0.666666666666667,0.7,0.733333333333333,
0.766666666666667,0.8,0.833333333333333,0.866666666666667,0.88509329711619),
 .UNSPECIFIED.)
CURVE()
GEOMETRIC_REPRESENTATION_ITEM()
RATIONAL_B_SPLINE_CURVE((1.,1.,1.,1.,1.,1.,1.,1.,1.,1.,1.,1.,1.,1.,1.,1.,
1.,1.,1.,1.,1.,1.,1.,1.,1.,1.,1.,1.,1.,1.,1.,1.))
REPRESENTATION_ITEM('')
);
#33=(
BOUNDED_CURVE()
B_SPLINE_CURVE(5,(#2809,#2810,#2811,#2812,#2813,#2814,#2815,#2816,#2817,
#2818,#2819,#2820,#2821,#2822,#2823,#2824,#2825,#2826,#2827,#2828,#2829,
#2830,#2831,#2832,#2833,#2834,#2835,#2836,#2837,#2838,#2839,#2840),
 .UNSPECIFIED.,.F.,.F.)
B_SPLINE_CURVE_WITH_KNOTS((6,1,1,1,1,1,1,1,1,1,1,1,1,1,1,1,1,1,1,1,1,1,
1,1,1,1,1,6),(-0.885093297116189,-0.866666666666667,-0.833333333333333,
-0.8,-0.766666666666667,-0.733333333333333,-0.7,-0.666666666666667,-0.633333333333333,
-0.6,-0.566666666666667,-0.533333333333333,-0.5,-0.466666666666667,-0.433333333333333,
-0.4,-0.366666666666667,-0.333333333333333,-0.3,-0.266666666666667,-0.233333333333333,
-0.2,-0.166666666666667,-0.133333333333333,-0.1,-0.0666666666666667,-0.0333333333333333,
0.),.UNSPECIFIED.)
CURVE()
GEOMETRIC_REPRESENTATION_ITEM()
RATIONAL_B_SPLINE_CURVE((1.,1.,1.,1.,1.,1.,1.,1.,1.,1.,1.,1.,1.,1.,1.,1.,
1.,1.,1.,1.,1.,1.,1.,1.,1.,1.,1.,1.,1.,1.,1.,1.))
REPRESENTATION_ITEM('')
);
#34=(
BOUNDED_CURVE()
B_SPLINE_CURVE(5,(#2913,#2914,#2915,#2916,#2917,#2918,#2919,#2920,#2921,
#2922,#2923,#2924,#2925,#2926,#2927,#2928,#2929,#2930,#2931,#2932,#2933,
#2934,#2935,#2936,#2937,#2938,#2939,#2940,#2941,#2942,#2943,#2944),
 .UNSPECIFIED.,.F.,.F.)
B_SPLINE_CURVE_WITH_KNOTS((6,1,1,1,1,1,1,1,1,1,1,1,1,1,1,1,1,1,1,1,1,1,
1,1,1,1,1,6),(0.,0.0333333333333333,0.0666666666666667,0.1,0.133333333333333,
0.166666666666667,0.2,0.233333333333333,0.266666666666667,0.3,0.333333333333333,
0.366666666666667,0.4,0.433333333333333,0.466666666666667,0.5,0.533333333333333,
0.566666666666667,0.6,0.633333333333333,0.666666666666667,0.7,0.733333333333333,
0.766666666666667,0.8,0.833333333333333,0.866666666666667,0.88509329711619),
 .UNSPECIFIED.)
CURVE()
GEOMETRIC_REPRESENTATION_ITEM()
RATIONAL_B_SPLINE_CURVE((1.,1.,1.,1.,1.,1.,1.,1.,1.,1.,1.,1.,1.,1.,1.,1.,
1.,1.,1.,1.,1.,1.,1.,1.,1.,1.,1.,1.,1.,1.,1.,1.))
REPRESENTATION_ITEM('')
);
#35=(
BOUNDED_CURVE()
B_SPLINE_CURVE(5,(#2948,#2949,#2950,#2951,#2952,#2953,#2954,#2955,#2956,
#2957,#2958,#2959,#2960,#2961,#2962,#2963,#2964,#2965,#2966,#2967,#2968,
#2969,#2970,#2971,#2972,#2973,#2974,#2975,#2976,#2977,#2978,#2979),
 .UNSPECIFIED.,.F.,.F.)
B_SPLINE_CURVE_WITH_KNOTS((6,1,1,1,1,1,1,1,1,1,1,1,1,1,1,1,1,1,1,1,1,1,
1,1,1,1,1,6),(-0.885093297116189,-0.866666666666667,-0.833333333333333,
-0.8,-0.766666666666667,-0.733333333333333,-0.7,-0.666666666666667,-0.633333333333333,
-0.6,-0.566666666666667,-0.533333333333333,-0.5,-0.466666666666667,-0.433333333333333,
-0.4,-0.366666666666667,-0.333333333333333,-0.3,-0.266666666666667,-0.233333333333333,
-0.2,-0.166666666666667,-0.133333333333333,-0.1,-0.0666666666666667,-0.0333333333333333,
0.),.UNSPECIFIED.)
CURVE()
GEOMETRIC_REPRESENTATION_ITEM()
RATIONAL_B_SPLINE_CURVE((1.,1.,1.,1.,1.,1.,1.,1.,1.,1.,1.,1.,1.,1.,1.,1.,
1.,1.,1.,1.,1.,1.,1.,1.,1.,1.,1.,1.,1.,1.,1.,1.))
REPRESENTATION_ITEM('')
);
#36=(
BOUNDED_CURVE()
B_SPLINE_CURVE(5,(#3052,#3053,#3054,#3055,#3056,#3057,#3058,#3059,#3060,
#3061,#3062,#3063,#3064,#3065,#3066,#3067,#3068,#3069,#3070,#3071,#3072,
#3073,#3074,#3075,#3076,#3077,#3078,#3079,#3080,#3081,#3082,#3083),
 .UNSPECIFIED.,.F.,.F.)
B_SPLINE_CURVE_WITH_KNOTS((6,1,1,1,1,1,1,1,1,1,1,1,1,1,1,1,1,1,1,1,1,1,
1,1,1,1,1,6),(0.,0.0333333333333333,0.0666666666666667,0.1,0.133333333333333,
0.166666666666667,0.2,0.233333333333333,0.266666666666667,0.3,0.333333333333333,
0.366666666666667,0.4,0.433333333333333,0.466666666666667,0.5,0.533333333333333,
0.566666666666667,0.6,0.633333333333333,0.666666666666667,0.7,0.733333333333333,
0.766666666666667,0.8,0.833333333333333,0.866666666666667,0.88509329711619),
 .UNSPECIFIED.)
CURVE()
GEOMETRIC_REPRESENTATION_ITEM()
RATIONAL_B_SPLINE_CURVE((1.,1.,1.,1.,1.,1.,1.,1.,1.,1.,1.,1.,1.,1.,1.,1.,
1.,1.,1.,1.,1.,1.,1.,1.,1.,1.,1.,1.,1.,1.,1.,1.))
REPRESENTATION_ITEM('')
);
#37=(
BOUNDED_CURVE()
B_SPLINE_CURVE(5,(#3087,#3088,#3089,#3090,#3091,#3092,#3093,#3094,#3095,
#3096,#3097,#3098,#3099,#3100,#3101,#3102,#3103,#3104,#3105,#3106,#3107,
#3108,#3109,#3110,#3111,#3112,#3113,#3114,#3115,#3116,#3117,#3118),
 .UNSPECIFIED.,.F.,.F.)
B_SPLINE_CURVE_WITH_KNOTS((6,1,1,1,1,1,1,1,1,1,1,1,1,1,1,1,1,1,1,1,1,1,
1,1,1,1,1,6),(-0.885093297116189,-0.866666666666667,-0.833333333333333,
-0.8,-0.766666666666667,-0.733333333333333,-0.7,-0.666666666666667,-0.633333333333333,
-0.6,-0.566666666666667,-0.533333333333333,-0.5,-0.466666666666667,-0.433333333333333,
-0.4,-0.366666666666667,-0.333333333333333,-0.3,-0.266666666666667,-0.233333333333333,
-0.2,-0.166666666666667,-0.133333333333333,-0.1,-0.0666666666666667,-0.0333333333333333,
0.),.UNSPECIFIED.)
CURVE()
GEOMETRIC_REPRESENTATION_ITEM()
RATIONAL_B_SPLINE_CURVE((1.,1.,1.,1.,1.,1.,1.,1.,1.,1.,1.,1.,1.,1.,1.,1.,
1.,1.,1.,1.,1.,1.,1.,1.,1.,1.,1.,1.,1.,1.,1.,1.))
REPRESENTATION_ITEM('')
);
#38=(
BOUNDED_SURFACE()
B_SPLINE_SURFACE(5,1,((#1454,#1455),(#1456,#1457),(#1458,#1459),(#1460,
#1461),(#1462,#1463),(#1464,#1465),(#1466,#1467),(#1468,#1469),(#1470,#1471),
(#1472,#1473),(#1474,#1475),(#1476,#1477),(#1478,#1479),(#1480,#1481),(#1482,
#1483),(#1484,#1485),(#1486,#1487),(#1488,#1489),(#1490,#1491),(#1492,#1493),
(#1494,#1495),(#1496,#1497),(#1498,#1499),(#1500,#1501),(#1502,#1503),(#1504,
#1505),(#1506,#1507),(#1508,#1509),(#1510,#1511),(#1512,#1513),(#1514,#1515),
(#1516,#1517)),.UNSPECIFIED.,.F.,.F.,.F.)
B_SPLINE_SURFACE_WITH_KNOTS((6,1,1,1,1,1,1,1,1,1,1,1,1,1,1,1,1,1,1,1,1,
1,1,1,1,1,1,6),(2,2),(-0.885093297116189,-0.866666666666667,-0.833333333333333,
-0.8,-0.766666666666667,-0.733333333333333,-0.7,-0.666666666666667,-0.633333333333333,
-0.6,-0.566666666666667,-0.533333333333333,-0.5,-0.466666666666667,-0.433333333333333,
-0.4,-0.366666666666667,-0.333333333333333,-0.3,-0.266666666666667,-0.233333333333333,
-0.2,-0.166666666666667,-0.133333333333333,-0.1,-0.0666666666666667,-0.0333333333333333,
0.),(0.,0.2),.UNSPECIFIED.)
GEOMETRIC_REPRESENTATION_ITEM()
RATIONAL_B_SPLINE_SURFACE(((1.,1.),(1.,1.),(1.,1.),(1.,1.),(1.,1.),(1.,
1.),(1.,1.),(1.,1.),(1.,1.),(1.,1.),(1.,1.),(1.,1.),(1.,1.),(1.,1.),(1.,
1.),(1.,1.),(1.,1.),(1.,1.),(1.,1.),(1.,1.),(1.,1.),(1.,1.),(1.,1.),(1.,
1.),(1.,1.),(1.,1.),(1.,1.),(1.,1.),(1.,1.),(1.,1.),(1.,1.),(1.,1.)))
REPRESENTATION_ITEM('')
SURFACE()
);
#39=(
BOUNDED_SURFACE()
B_SPLINE_SURFACE(5,1,((#1593,#1594),(#1595,#1596),(#1597,#1598),(#1599,
#1600),(#1601,#1602),(#1603,#1604),(#1605,#1606),(#1607,#1608),(#1609,#1610),
(#1611,#1612),(#1613,#1614),(#1615,#1616),(#1617,#1618),(#1619,#1620),(#1621,
#1622),(#1623,#1624),(#1625,#1626),(#1627,#1628),(#1629,#1630),(#1631,#1632),
(#1633,#1634),(#1635,#1636),(#1637,#1638),(#1639,#1640),(#1641,#1642),(#1643,
#1644),(#1645,#1646),(#1647,#1648),(#1649,#1650),(#1651,#1652),(#1653,#1654),
(#1655,#1656)),.UNSPECIFIED.,.F.,.F.,.F.)
B_SPLINE_SURFACE_WITH_KNOTS((6,1,1,1,1,1,1,1,1,1,1,1,1,1,1,1,1,1,1,1,1,
1,1,1,1,1,1,6),(2,2),(-0.885093297116189,-0.866666666666667,-0.833333333333333,
-0.8,-0.766666666666667,-0.733333333333333,-0.7,-0.666666666666667,-0.633333333333333,
-0.6,-0.566666666666667,-0.533333333333333,-0.5,-0.466666666666667,-0.433333333333333,
-0.4,-0.366666666666667,-0.333333333333333,-0.3,-0.266666666666667,-0.233333333333333,
-0.2,-0.166666666666667,-0.133333333333333,-0.1,-0.0666666666666667,-0.0333333333333333,
0.),(0.,0.2),.UNSPECIFIED.)
GEOMETRIC_REPRESENTATION_ITEM()
RATIONAL_B_SPLINE_SURFACE(((1.,1.),(1.,1.),(1.,1.),(1.,1.),(1.,1.),(1.,
1.),(1.,1.),(1.,1.),(1.,1.),(1.,1.),(1.,1.),(1.,1.),(1.,1.),(1.,1.),(1.,
1.),(1.,1.),(1.,1.),(1.,1.),(1.,1.),(1.,1.),(1.,1.),(1.,1.),(1.,1.),(1.,
1.),(1.,1.),(1.,1.),(1.,1.),(1.,1.),(1.,1.),(1.,1.),(1.,1.),(1.,1.)))
REPRESENTATION_ITEM('')
SURFACE()
);
#40=(
BOUNDED_SURFACE()
B_SPLINE_SURFACE(5,1,((#1732,#1733),(#1734,#1735),(#1736,#1737),(#1738,
#1739),(#1740,#1741),(#1742,#1743),(#1744,#1745),(#1746,#1747),(#1748,#1749),
(#1750,#1751),(#1752,#1753),(#1754,#1755),(#1756,#1757),(#1758,#1759),(#1760,
#1761),(#1762,#1763),(#1764,#1765),(#1766,#1767),(#1768,#1769),(#1770,#1771),
(#1772,#1773),(#1774,#1775),(#1776,#1777),(#1778,#1779),(#1780,#1781),(#1782,
#1783),(#1784,#1785),(#1786,#1787),(#1788,#1789),(#1790,#1791),(#1792,#1793),
(#1794,#1795)),.UNSPECIFIED.,.F.,.F.,.F.)
B_SPLINE_SURFACE_WITH_KNOTS((6,1,1,1,1,1,1,1,1,1,1,1,1,1,1,1,1,1,1,1,1,
1,1,1,1,1,1,6),(2,2),(-0.885093297116189,-0.866666666666667,-0.833333333333333,
-0.8,-0.766666666666667,-0.733333333333333,-0.7,-0.666666666666667,-0.633333333333333,
-0.6,-0.566666666666667,-0.533333333333333,-0.5,-0.466666666666667,-0.433333333333333,
-0.4,-0.366666666666667,-0.333333333333333,-0.3,-0.266666666666667,-0.233333333333333,
-0.2,-0.166666666666667,-0.133333333333333,-0.1,-0.0666666666666667,-0.0333333333333333,
0.),(0.,0.2),.UNSPECIFIED.)
GEOMETRIC_REPRESENTATION_ITEM()
RATIONAL_B_SPLINE_SURFACE(((1.,1.),(1.,1.),(1.,1.),(1.,1.),(1.,1.),(1.,
1.),(1.,1.),(1.,1.),(1.,1.),(1.,1.),(1.,1.),(1.,1.),(1.,1.),(1.,1.),(1.,
1.),(1.,1.),(1.,1.),(1.,1.),(1.,1.),(1.,1.),(1.,1.),(1.,1.),(1.,1.),(1.,
1.),(1.,1.),(1.,1.),(1.,1.),(1.,1.),(1.,1.),(1.,1.),(1.,1.),(1.,1.)))
REPRESENTATION_ITEM('')
SURFACE()
);
#41=(
BOUNDED_SURFACE()
B_SPLINE_SURFACE(5,1,((#1871,#1872),(#1873,#1874),(#1875,#1876),(#1877,
#1878),(#1879,#1880),(#1881,#1882),(#1883,#1884),(#1885,#1886),(#1887,#1888),
(#1889,#1890),(#1891,#1892),(#1893,#1894),(#1895,#1896),(#1897,#1898),(#1899,
#1900),(#1901,#1902),(#1903,#1904),(#1905,#1906),(#1907,#1908),(#1909,#1910),
(#1911,#1912),(#1913,#1914),(#1915,#1916),(#1917,#1918),(#1919,#1920),(#1921,
#1922),(#1923,#1924),(#1925,#1926),(#1927,#1928),(#1929,#1930),(#1931,#1932),
(#1933,#1934)),.UNSPECIFIED.,.F.,.F.,.F.)
B_SPLINE_SURFACE_WITH_KNOTS((6,1,1,1,1,1,1,1,1,1,1,1,1,1,1,1,1,1,1,1,1,
1,1,1,1,1,1,6),(2,2),(-0.885093297116189,-0.866666666666667,-0.833333333333333,
-0.8,-0.766666666666667,-0.733333333333333,-0.7,-0.666666666666667,-0.633333333333333,
-0.6,-0.566666666666667,-0.533333333333333,-0.5,-0.466666666666667,-0.433333333333333,
-0.4,-0.366666666666667,-0.333333333333333,-0.3,-0.266666666666667,-0.233333333333333,
-0.2,-0.166666666666667,-0.133333333333333,-0.1,-0.0666666666666667,-0.0333333333333333,
0.),(0.,0.2),.UNSPECIFIED.)
GEOMETRIC_REPRESENTATION_ITEM()
RATIONAL_B_SPLINE_SURFACE(((1.,1.),(1.,1.),(1.,1.),(1.,1.),(1.,1.),(1.,
1.),(1.,1.),(1.,1.),(1.,1.),(1.,1.),(1.,1.),(1.,1.),(1.,1.),(1.,1.),(1.,
1.),(1.,1.),(1.,1.),(1.,1.),(1.,1.),(1.,1.),(1.,1.),(1.,1.),(1.,1.),(1.,
1.),(1.,1.),(1.,1.),(1.,1.),(1.,1.),(1.,1.),(1.,1.),(1.,1.),(1.,1.)))
REPRESENTATION_ITEM('')
SURFACE()
);
#42=(
BOUNDED_SURFACE()
B_SPLINE_SURFACE(5,1,((#2024,#2025),(#2026,#2027),(#2028,#2029),(#2030,
#2031),(#2032,#2033),(#2034,#2035),(#2036,#2037),(#2038,#2039),(#2040,#2041),
(#2042,#2043),(#2044,#2045),(#2046,#2047),(#2048,#2049),(#2050,#2051),(#2052,
#2053),(#2054,#2055),(#2056,#2057),(#2058,#2059),(#2060,#2061),(#2062,#2063),
(#2064,#2065),(#2066,#2067),(#2068,#2069),(#2070,#2071),(#2072,#2073),(#2074,
#2075),(#2076,#2077),(#2078,#2079),(#2080,#2081),(#2082,#2083),(#2084,#2085),
(#2086,#2087)),.UNSPECIFIED.,.F.,.F.,.F.)
B_SPLINE_SURFACE_WITH_KNOTS((6,1,1,1,1,1,1,1,1,1,1,1,1,1,1,1,1,1,1,1,1,
1,1,1,1,1,1,6),(2,2),(-0.885093297116189,-0.866666666666667,-0.833333333333333,
-0.8,-0.766666666666667,-0.733333333333333,-0.7,-0.666666666666667,-0.633333333333333,
-0.6,-0.566666666666667,-0.533333333333333,-0.5,-0.466666666666667,-0.433333333333333,
-0.4,-0.366666666666667,-0.333333333333333,-0.3,-0.266666666666667,-0.233333333333333,
-0.2,-0.166666666666667,-0.133333333333333,-0.1,-0.0666666666666667,-0.0333333333333333,
0.),(0.,0.2),.UNSPECIFIED.)
GEOMETRIC_REPRESENTATION_ITEM()
RATIONAL_B_SPLINE_SURFACE(((1.,1.),(1.,1.),(1.,1.),(1.,1.),(1.,1.),(1.,
1.),(1.,1.),(1.,1.),(1.,1.),(1.,1.),(1.,1.),(1.,1.),(1.,1.),(1.,1.),(1.,
1.),(1.,1.),(1.,1.),(1.,1.),(1.,1.),(1.,1.),(1.,1.),(1.,1.),(1.,1.),(1.,
1.),(1.,1.),(1.,1.),(1.,1.),(1.,1.),(1.,1.),(1.,1.),(1.,1.),(1.,1.)))
REPRESENTATION_ITEM('')
SURFACE()
);
#43=(
BOUNDED_SURFACE()
B_SPLINE_SURFACE(5,1,((#2152,#2153),(#2154,#2155),(#2156,#2157),(#2158,
#2159),(#2160,#2161),(#2162,#2163),(#2164,#2165),(#2166,#2167),(#2168,#2169),
(#2170,#2171),(#2172,#2173),(#2174,#2175),(#2176,#2177),(#2178,#2179),(#2180,
#2181),(#2182,#2183),(#2184,#2185),(#2186,#2187),(#2188,#2189),(#2190,#2191),
(#2192,#2193),(#2194,#2195),(#2196,#2197),(#2198,#2199),(#2200,#2201),(#2202,
#2203),(#2204,#2205),(#2206,#2207),(#2208,#2209),(#2210,#2211),(#2212,#2213),
(#2214,#2215)),.UNSPECIFIED.,.F.,.F.,.F.)
B_SPLINE_SURFACE_WITH_KNOTS((6,1,1,1,1,1,1,1,1,1,1,1,1,1,1,1,1,1,1,1,1,
1,1,1,1,1,1,6),(2,2),(-0.885093297116189,-0.866666666666667,-0.833333333333333,
-0.8,-0.766666666666667,-0.733333333333333,-0.7,-0.666666666666667,-0.633333333333333,
-0.6,-0.566666666666667,-0.533333333333333,-0.5,-0.466666666666667,-0.433333333333333,
-0.4,-0.366666666666667,-0.333333333333333,-0.3,-0.266666666666667,-0.233333333333333,
-0.2,-0.166666666666667,-0.133333333333333,-0.1,-0.0666666666666667,-0.0333333333333333,
0.),(0.,0.2),.UNSPECIFIED.)
GEOMETRIC_REPRESENTATION_ITEM()
RATIONAL_B_SPLINE_SURFACE(((1.,1.),(1.,1.),(1.,1.),(1.,1.),(1.,1.),(1.,
1.),(1.,1.),(1.,1.),(1.,1.),(1.,1.),(1.,1.),(1.,1.),(1.,1.),(1.,1.),(1.,
1.),(1.,1.),(1.,1.),(1.,1.),(1.,1.),(1.,1.),(1.,1.),(1.,1.),(1.,1.),(1.,
1.),(1.,1.),(1.,1.),(1.,1.),(1.,1.),(1.,1.),(1.,1.),(1.,1.),(1.,1.)))
REPRESENTATION_ITEM('')
SURFACE()
);
#44=(
BOUNDED_SURFACE()
B_SPLINE_SURFACE(5,1,((#2291,#2292),(#2293,#2294),(#2295,#2296),(#2297,
#2298),(#2299,#2300),(#2301,#2302),(#2303,#2304),(#2305,#2306),(#2307,#2308),
(#2309,#2310),(#2311,#2312),(#2313,#2314),(#2315,#2316),(#2317,#2318),(#2319,
#2320),(#2321,#2322),(#2323,#2324),(#2325,#2326),(#2327,#2328),(#2329,#2330),
(#2331,#2332),(#2333,#2334),(#2335,#2336),(#2337,#2338),(#2339,#2340),(#2341,
#2342),(#2343,#2344),(#2345,#2346),(#2347,#2348),(#2349,#2350),(#2351,#2352),
(#2353,#2354)),.UNSPECIFIED.,.F.,.F.,.F.)
B_SPLINE_SURFACE_WITH_KNOTS((6,1,1,1,1,1,1,1,1,1,1,1,1,1,1,1,1,1,1,1,1,
1,1,1,1,1,1,6),(2,2),(-0.885093297116189,-0.866666666666667,-0.833333333333333,
-0.8,-0.766666666666667,-0.733333333333333,-0.7,-0.666666666666667,-0.633333333333333,
-0.6,-0.566666666666667,-0.533333333333333,-0.5,-0.466666666666667,-0.433333333333333,
-0.4,-0.366666666666667,-0.333333333333333,-0.3,-0.266666666666667,-0.233333333333333,
-0.2,-0.166666666666667,-0.133333333333333,-0.1,-0.0666666666666667,-0.0333333333333333,
0.),(0.,0.2),.UNSPECIFIED.)
GEOMETRIC_REPRESENTATION_ITEM()
RATIONAL_B_SPLINE_SURFACE(((1.,1.),(1.,1.),(1.,1.),(1.,1.),(1.,1.),(1.,
1.),(1.,1.),(1.,1.),(1.,1.),(1.,1.),(1.,1.),(1.,1.),(1.,1.),(1.,1.),(1.,
1.),(1.,1.),(1.,1.),(1.,1.),(1.,1.),(1.,1.),(1.,1.),(1.,1.),(1.,1.),(1.,
1.),(1.,1.),(1.,1.),(1.,1.),(1.,1.),(1.,1.),(1.,1.),(1.,1.),(1.,1.)))
REPRESENTATION_ITEM('')
SURFACE()
);
#45=(
BOUNDED_SURFACE()
B_SPLINE_SURFACE(5,1,((#2430,#2431),(#2432,#2433),(#2434,#2435),(#2436,
#2437),(#2438,#2439),(#2440,#2441),(#2442,#2443),(#2444,#2445),(#2446,#2447),
(#2448,#2449),(#2450,#2451),(#2452,#2453),(#2454,#2455),(#2456,#2457),(#2458,
#2459),(#2460,#2461),(#2462,#2463),(#2464,#2465),(#2466,#2467),(#2468,#2469),
(#2470,#2471),(#2472,#2473),(#2474,#2475),(#2476,#2477),(#2478,#2479),(#2480,
#2481),(#2482,#2483),(#2484,#2485),(#2486,#2487),(#2488,#2489),(#2490,#2491),
(#2492,#2493)),.UNSPECIFIED.,.F.,.F.,.F.)
B_SPLINE_SURFACE_WITH_KNOTS((6,1,1,1,1,1,1,1,1,1,1,1,1,1,1,1,1,1,1,1,1,
1,1,1,1,1,1,6),(2,2),(-0.885093297116189,-0.866666666666667,-0.833333333333333,
-0.8,-0.766666666666667,-0.733333333333333,-0.7,-0.666666666666667,-0.633333333333333,
-0.6,-0.566666666666667,-0.533333333333333,-0.5,-0.466666666666667,-0.433333333333333,
-0.4,-0.366666666666667,-0.333333333333333,-0.3,-0.266666666666667,-0.233333333333333,
-0.2,-0.166666666666667,-0.133333333333333,-0.1,-0.0666666666666667,-0.0333333333333333,
0.),(0.,0.2),.UNSPECIFIED.)
GEOMETRIC_REPRESENTATION_ITEM()
RATIONAL_B_SPLINE_SURFACE(((1.,1.),(1.,1.),(1.,1.),(1.,1.),(1.,1.),(1.,
1.),(1.,1.),(1.,1.),(1.,1.),(1.,1.),(1.,1.),(1.,1.),(1.,1.),(1.,1.),(1.,
1.),(1.,1.),(1.,1.),(1.,1.),(1.,1.),(1.,1.),(1.,1.),(1.,1.),(1.,1.),(1.,
1.),(1.,1.),(1.,1.),(1.,1.),(1.,1.),(1.,1.),(1.,1.),(1.,1.),(1.,1.)))
REPRESENTATION_ITEM('')
SURFACE()
);
#46=(
BOUNDED_SURFACE()
B_SPLINE_SURFACE(5,1,((#2569,#2570),(#2571,#2572),(#2573,#2574),(#2575,
#2576),(#2577,#2578),(#2579,#2580),(#2581,#2582),(#2583,#2584),(#2585,#2586),
(#2587,#2588),(#2589,#2590),(#2591,#2592),(#2593,#2594),(#2595,#2596),(#2597,
#2598),(#2599,#2600),(#2601,#2602),(#2603,#2604),(#2605,#2606),(#2607,#2608),
(#2609,#2610),(#2611,#2612),(#2613,#2614),(#2615,#2616),(#2617,#2618),(#2619,
#2620),(#2621,#2622),(#2623,#2624),(#2625,#2626),(#2627,#2628),(#2629,#2630),
(#2631,#2632)),.UNSPECIFIED.,.F.,.F.,.F.)
B_SPLINE_SURFACE_WITH_KNOTS((6,1,1,1,1,1,1,1,1,1,1,1,1,1,1,1,1,1,1,1,1,
1,1,1,1,1,1,6),(2,2),(-0.885093297116189,-0.866666666666667,-0.833333333333333,
-0.8,-0.766666666666667,-0.733333333333333,-0.7,-0.666666666666667,-0.633333333333333,
-0.6,-0.566666666666667,-0.533333333333333,-0.5,-0.466666666666667,-0.433333333333333,
-0.4,-0.366666666666667,-0.333333333333333,-0.3,-0.266666666666667,-0.233333333333333,
-0.2,-0.166666666666667,-0.133333333333333,-0.1,-0.0666666666666667,-0.0333333333333333,
0.),(0.,0.2),.UNSPECIFIED.)
GEOMETRIC_REPRESENTATION_ITEM()
RATIONAL_B_SPLINE_SURFACE(((1.,1.),(1.,1.),(1.,1.),(1.,1.),(1.,1.),(1.,
1.),(1.,1.),(1.,1.),(1.,1.),(1.,1.),(1.,1.),(1.,1.),(1.,1.),(1.,1.),(1.,
1.),(1.,1.),(1.,1.),(1.,1.),(1.,1.),(1.,1.),(1.,1.),(1.,1.),(1.,1.),(1.,
1.),(1.,1.),(1.,1.),(1.,1.),(1.,1.),(1.,1.),(1.,1.),(1.,1.),(1.,1.)))
REPRESENTATION_ITEM('')
SURFACE()
);
#47=(
BOUNDED_SURFACE()
B_SPLINE_SURFACE(5,1,((#2708,#2709),(#2710,#2711),(#2712,#2713),(#2714,
#2715),(#2716,#2717),(#2718,#2719),(#2720,#2721),(#2722,#2723),(#2724,#2725),
(#2726,#2727),(#2728,#2729),(#2730,#2731),(#2732,#2733),(#2734,#2735),(#2736,
#2737),(#2738,#2739),(#2740,#2741),(#2742,#2743),(#2744,#2745),(#2746,#2747),
(#2748,#2749),(#2750,#2751),(#2752,#2753),(#2754,#2755),(#2756,#2757),(#2758,
#2759),(#2760,#2761),(#2762,#2763),(#2764,#2765),(#2766,#2767),(#2768,#2769),
(#2770,#2771)),.UNSPECIFIED.,.F.,.F.,.F.)
B_SPLINE_SURFACE_WITH_KNOTS((6,1,1,1,1,1,1,1,1,1,1,1,1,1,1,1,1,1,1,1,1,
1,1,1,1,1,1,6),(2,2),(-0.885093297116189,-0.866666666666667,-0.833333333333333,
-0.8,-0.766666666666667,-0.733333333333333,-0.7,-0.666666666666667,-0.633333333333333,
-0.6,-0.566666666666667,-0.533333333333333,-0.5,-0.466666666666667,-0.433333333333333,
-0.4,-0.366666666666667,-0.333333333333333,-0.3,-0.266666666666667,-0.233333333333333,
-0.2,-0.166666666666667,-0.133333333333333,-0.1,-0.0666666666666667,-0.0333333333333333,
0.),(0.,0.2),.UNSPECIFIED.)
GEOMETRIC_REPRESENTATION_ITEM()
RATIONAL_B_SPLINE_SURFACE(((1.,1.),(1.,1.),(1.,1.),(1.,1.),(1.,1.),(1.,
1.),(1.,1.),(1.,1.),(1.,1.),(1.,1.),(1.,1.),(1.,1.),(1.,1.),(1.,1.),(1.,
1.),(1.,1.),(1.,1.),(1.,1.),(1.,1.),(1.,1.),(1.,1.),(1.,1.),(1.,1.),(1.,
1.),(1.,1.),(1.,1.),(1.,1.),(1.,1.),(1.,1.),(1.,1.),(1.,1.),(1.,1.)))
REPRESENTATION_ITEM('')
SURFACE()
);
#48=(
BOUNDED_SURFACE()
B_SPLINE_SURFACE(5,1,((#2847,#2848),(#2849,#2850),(#2851,#2852),(#2853,
#2854),(#2855,#2856),(#2857,#2858),(#2859,#2860),(#2861,#2862),(#2863,#2864),
(#2865,#2866),(#2867,#2868),(#2869,#2870),(#2871,#2872),(#2873,#2874),(#2875,
#2876),(#2877,#2878),(#2879,#2880),(#2881,#2882),(#2883,#2884),(#2885,#2886),
(#2887,#2888),(#2889,#2890),(#2891,#2892),(#2893,#2894),(#2895,#2896),(#2897,
#2898),(#2899,#2900),(#2901,#2902),(#2903,#2904),(#2905,#2906),(#2907,#2908),
(#2909,#2910)),.UNSPECIFIED.,.F.,.F.,.F.)
B_SPLINE_SURFACE_WITH_KNOTS((6,1,1,1,1,1,1,1,1,1,1,1,1,1,1,1,1,1,1,1,1,
1,1,1,1,1,1,6),(2,2),(-0.885093297116189,-0.866666666666667,-0.833333333333333,
-0.8,-0.766666666666667,-0.733333333333333,-0.7,-0.666666666666667,-0.633333333333333,
-0.6,-0.566666666666667,-0.533333333333333,-0.5,-0.466666666666667,-0.433333333333333,
-0.4,-0.366666666666667,-0.333333333333333,-0.3,-0.266666666666667,-0.233333333333333,
-0.2,-0.166666666666667,-0.133333333333333,-0.1,-0.0666666666666667,-0.0333333333333333,
0.),(0.,0.2),.UNSPECIFIED.)
GEOMETRIC_REPRESENTATION_ITEM()
RATIONAL_B_SPLINE_SURFACE(((1.,1.),(1.,1.),(1.,1.),(1.,1.),(1.,1.),(1.,
1.),(1.,1.),(1.,1.),(1.,1.),(1.,1.),(1.,1.),(1.,1.),(1.,1.),(1.,1.),(1.,
1.),(1.,1.),(1.,1.),(1.,1.),(1.,1.),(1.,1.),(1.,1.),(1.,1.),(1.,1.),(1.,
1.),(1.,1.),(1.,1.),(1.,1.),(1.,1.),(1.,1.),(1.,1.),(1.,1.),(1.,1.)))
REPRESENTATION_ITEM('')
SURFACE()
);
#49=(
BOUNDED_SURFACE()
B_SPLINE_SURFACE(5,1,((#2986,#2987),(#2988,#2989),(#2990,#2991),(#2992,
#2993),(#2994,#2995),(#2996,#2997),(#2998,#2999),(#3000,#3001),(#3002,#3003),
(#3004,#3005),(#3006,#3007),(#3008,#3009),(#3010,#3011),(#3012,#3013),(#3014,
#3015),(#3016,#3017),(#3018,#3019),(#3020,#3021),(#3022,#3023),(#3024,#3025),
(#3026,#3027),(#3028,#3029),(#3030,#3031),(#3032,#3033),(#3034,#3035),(#3036,
#3037),(#3038,#3039),(#3040,#3041),(#3042,#3043),(#3044,#3045),(#3046,#3047),
(#3048,#3049)),.UNSPECIFIED.,.F.,.F.,.F.)
B_SPLINE_SURFACE_WITH_KNOTS((6,1,1,1,1,1,1,1,1,1,1,1,1,1,1,1,1,1,1,1,1,
1,1,1,1,1,1,6),(2,2),(-0.885093297116189,-0.866666666666667,-0.833333333333333,
-0.8,-0.766666666666667,-0.733333333333333,-0.7,-0.666666666666667,-0.633333333333333,
-0.6,-0.566666666666667,-0.533333333333333,-0.5,-0.466666666666667,-0.433333333333333,
-0.4,-0.366666666666667,-0.333333333333333,-0.3,-0.266666666666667,-0.233333333333333,
-0.2,-0.166666666666667,-0.133333333333333,-0.1,-0.0666666666666667,-0.0333333333333333,
0.),(0.,0.2),.UNSPECIFIED.)
GEOMETRIC_REPRESENTATION_ITEM()
RATIONAL_B_SPLINE_SURFACE(((1.,1.),(1.,1.),(1.,1.),(1.,1.),(1.,1.),(1.,
1.),(1.,1.),(1.,1.),(1.,1.),(1.,1.),(1.,1.),(1.,1.),(1.,1.),(1.,1.),(1.,
1.),(1.,1.),(1.,1.),(1.,1.),(1.,1.),(1.,1.),(1.,1.),(1.,1.),(1.,1.),(1.,
1.),(1.,1.),(1.,1.),(1.,1.),(1.,1.),(1.,1.),(1.,1.),(1.,1.),(1.,1.)))
REPRESENTATION_ITEM('')
SURFACE()
);
#50=STYLED_ITEM('',(#3143),#64);
#51=STYLED_ITEM('',(#3143),#65);
#52=STYLED_ITEM('',(#3143),#66);
#53=STYLED_ITEM('',(#3143),#67);
#54=STYLED_ITEM('',(#3143),#68);
#55=STYLED_ITEM('',(#3143),#69);
#56=STYLED_ITEM('',(#3143),#70);
#57=STYLED_ITEM('',(#3143),#71);
#58=STYLED_ITEM('',(#3143),#72);
#59=STYLED_ITEM('',(#3143),#73);
#60=STYLED_ITEM('',(#3143),#74);
#61=STYLED_ITEM('',(#3143),#75);
#62=STYLED_ITEM('',(#3143),#76);
#63=STYLED_ITEM('',(#3143),#77);
#64=MANIFOLD_SOLID_BREP('Side',#1027);
#65=MANIFOLD_SOLID_BREP('Bottom',#1028);
#66=MANIFOLD_SOLID_BREP('Body3',#1029);
#67=MANIFOLD_SOLID_BREP('Body4',#1030);
#68=MANIFOLD_SOLID_BREP('Body6',#1031);
#69=MANIFOLD_SOLID_BREP('Body7',#1032);
#70=MANIFOLD_SOLID_BREP('Body10',#1033);
#71=MANIFOLD_SOLID_BREP('Body12',#1034);
#72=MANIFOLD_SOLID_BREP('Body13',#1035);
#73=MANIFOLD_SOLID_BREP('Body14',#1036);
#74=MANIFOLD_SOLID_BREP('Body15',#1037);
#75=MANIFOLD_SOLID_BREP('Body16',#1038);
#76=MANIFOLD_SOLID_BREP('Body17',#1039);
#77=MANIFOLD_SOLID_BREP('Body18',#1040);
#78=CYLINDRICAL_SURFACE('',#1052,3.99999999999999);
#79=CYLINDRICAL_SURFACE('',#1055,4.);
#80=CYLINDRICAL_SURFACE('',#1058,3.99999999999999);
#81=CYLINDRICAL_SURFACE('',#1061,3.99999999999999);
#82=FACE_BOUND('',#156,.T.);
#83=FACE_BOUND('',#170,.T.);
#84=FACE_OUTER_BOUND('',#155,.T.);
#85=FACE_OUTER_BOUND('',#157,.T.);
#86=FACE_OUTER_BOUND('',#158,.T.);
#87=FACE_OUTER_BOUND('',#159,.T.);
#88=FACE_OUTER_BOUND('',#160,.T.);
#89=FACE_OUTER_BOUND('',#161,.T.);
#90=FACE_OUTER_BOUND('',#162,.T.);
#91=FACE_OUTER_BOUND('',#163,.T.);
#92=FACE_OUTER_BOUND('',#164,.T.);
#93=FACE_OUTER_BOUND('',#165,.T.);
#94=FACE_OUTER_BOUND('',#166,.T.);
#95=FACE_OUTER_BOUND('',#167,.T.);
#96=FACE_OUTER_BOUND('',#168,.T.);
#97=FACE_OUTER_BOUND('',#169,.T.);
#98=FACE_OUTER_BOUND('',#171,.T.);
#99=FACE_OUTER_BOUND('',#172,.T.);
#100=FACE_OUTER_BOUND('',#173,.T.);
#101=FACE_OUTER_BOUND('',#174,.T.);
#102=FACE_OUTER_BOUND('',#175,.T.);
#103=FACE_OUTER_BOUND('',#176,.T.);
#104=FACE_OUTER_BOUND('',#177,.T.);
#105=FACE_OUTER_BOUND('',#178,.T.);
#106=FACE_OUTER_BOUND('',#179,.T.);
#107=FACE_OUTER_BOUND('',#180,.T.);
#108=FACE_OUTER_BOUND('',#181,.T.);
#109=FACE_OUTER_BOUND('',#182,.T.);
#110=FACE_OUTER_BOUND('',#183,.T.);
#111=FACE_OUTER_BOUND('',#184,.T.);
#112=FACE_OUTER_BOUND('',#185,.T.);
#113=FACE_OUTER_BOUND('',#186,.T.);
#114=FACE_OUTER_BOUND('',#187,.T.);
#115=FACE_OUTER_BOUND('',#188,.T.);
#116=FACE_OUTER_BOUND('',#189,.T.);
#117=FACE_OUTER_BOUND('',#190,.T.);
#118=FACE_OUTER_BOUND('',#191,.T.);
#119=FACE_OUTER_BOUND('',#192,.T.);
#120=FACE_OUTER_BOUND('',#193,.T.);
#121=FACE_OUTER_BOUND('',#194,.T.);
#122=FACE_OUTER_BOUND('',#195,.T.);
#123=FACE_OUTER_BOUND('',#196,.T.);
#124=FACE_OUTER_BOUND('',#197,.T.);
#125=FACE_OUTER_BOUND('',#198,.T.);
#126=FACE_OUTER_BOUND('',#199,.T.);
#127=FACE_OUTER_BOUND('',#200,.T.);
#128=FACE_OUTER_BOUND('',#201,.T.);
#129=FACE_OUTER_BOUND('',#202,.T.);
#130=FACE_OUTER_BOUND('',#203,.T.);
#131=FACE_OUTER_BOUND('',#204,.T.);
#132=FACE_OUTER_BOUND('',#205,.T.);
#133=FACE_OUTER_BOUND('',#206,.T.);
#134=FACE_OUTER_BOUND('',#207,.T.);
#135=FACE_OUTER_BOUND('',#208,.T.);
#136=FACE_OUTER_BOUND('',#209,.T.);
#137=FACE_OUTER_BOUND('',#210,.T.);
#138=FACE_OUTER_BOUND('',#211,.T.);
#139=FACE_OUTER_BOUND('',#212,.T.);
#140=FACE_OUTER_BOUND('',#213,.T.);
#141=FACE_OUTER_BOUND('',#214,.T.);
#142=FACE_OUTER_BOUND('',#215,.T.);
#143=FACE_OUTER_BOUND('',#216,.T.);
#144=FACE_OUTER_BOUND('',#217,.T.);
#145=FACE_OUTER_BOUND('',#218,.T.);
#146=FACE_OUTER_BOUND('',#219,.T.);
#147=FACE_OUTER_BOUND('',#220,.T.);
#148=FACE_OUTER_BOUND('',#221,.T.);
#149=FACE_OUTER_BOUND('',#222,.T.);
#150=FACE_OUTER_BOUND('',#223,.T.);
#151=FACE_OUTER_BOUND('',#224,.T.);
#152=FACE_OUTER_BOUND('',#225,.T.);
#153=FACE_OUTER_BOUND('',#226,.T.);
#154=FACE_OUTER_BOUND('',#227,.T.);
#155=EDGE_LOOP('',(#643,#644,#645,#646,#647,#648,#649,#650));
#156=EDGE_LOOP('',(#651,#652,#653,#654));
#157=EDGE_LOOP('',(#655,#656,#657,#658));
#158=EDGE_LOOP('',(#659,#660,#661,#662));
#159=EDGE_LOOP('',(#663,#664,#665,#666));
#160=EDGE_LOOP('',(#667,#668,#669,#670));
#161=EDGE_LOOP('',(#671,#672,#673,#674));
#162=EDGE_LOOP('',(#675,#676,#677,#678));
#163=EDGE_LOOP('',(#679,#680,#681,#682));
#164=EDGE_LOOP('',(#683,#684,#685,#686));
#165=EDGE_LOOP('',(#687,#688,#689,#690));
#166=EDGE_LOOP('',(#691,#692,#693,#694));
#167=EDGE_LOOP('',(#695,#696,#697,#698));
#168=EDGE_LOOP('',(#699,#700,#701,#702));
#169=EDGE_LOOP('',(#703,#704,#705,#706,#707,#708,#709,#710));
#170=EDGE_LOOP('',(#711,#712,#713,#714));
#171=EDGE_LOOP('',(#715,#716,#717,#718));
#172=EDGE_LOOP('',(#719,#720,#721,#722));
#173=EDGE_LOOP('',(#723,#724,#725,#726));
#174=EDGE_LOOP('',(#727,#728,#729,#730,#731,#732));
#175=EDGE_LOOP('',(#733,#734,#735,#736));
#176=EDGE_LOOP('',(#737,#738,#739,#740));
#177=EDGE_LOOP('',(#741,#742,#743,#744));
#178=EDGE_LOOP('',(#745,#746,#747,#748,#749,#750));
#179=EDGE_LOOP('',(#751,#752,#753,#754));
#180=EDGE_LOOP('',(#755,#756,#757,#758));
#181=EDGE_LOOP('',(#759,#760));
#182=EDGE_LOOP('',(#761,#762));
#183=EDGE_LOOP('',(#763,#764,#765,#766));
#184=EDGE_LOOP('',(#767,#768,#769,#770));
#185=EDGE_LOOP('',(#771,#772));
#186=EDGE_LOOP('',(#773,#774));
#187=EDGE_LOOP('',(#775,#776,#777,#778));
#188=EDGE_LOOP('',(#779,#780,#781,#782));
#189=EDGE_LOOP('',(#783,#784));
#190=EDGE_LOOP('',(#785,#786));
#191=EDGE_LOOP('',(#787,#788,#789,#790));
#192=EDGE_LOOP('',(#791,#792,#793,#794));
#193=EDGE_LOOP('',(#795,#796));
#194=EDGE_LOOP('',(#797,#798));
#195=EDGE_LOOP('',(#799,#800,#801,#802));
#196=EDGE_LOOP('',(#803,#804,#805,#806));
#197=EDGE_LOOP('',(#807,#808,#809));
#198=EDGE_LOOP('',(#810,#811,#812,#813));
#199=EDGE_LOOP('',(#814,#815,#816));
#200=EDGE_LOOP('',(#817,#818,#819,#820));
#201=EDGE_LOOP('',(#821,#822,#823,#824));
#202=EDGE_LOOP('',(#825,#826));
#203=EDGE_LOOP('',(#827,#828));
#204=EDGE_LOOP('',(#829,#830,#831,#832));
#205=EDGE_LOOP('',(#833,#834,#835,#836));
#206=EDGE_LOOP('',(#837,#838));
#207=EDGE_LOOP('',(#839,#840));
#208=EDGE_LOOP('',(#841,#842,#843,#844));
#209=EDGE_LOOP('',(#845,#846,#847,#848));
#210=EDGE_LOOP('',(#849,#850));
#211=EDGE_LOOP('',(#851,#852));
#212=EDGE_LOOP('',(#853,#854,#855,#856));
#213=EDGE_LOOP('',(#857,#858,#859,#860));
#214=EDGE_LOOP('',(#861,#862));
#215=EDGE_LOOP('',(#863,#864));
#216=EDGE_LOOP('',(#865,#866,#867,#868));
#217=EDGE_LOOP('',(#869,#870,#871,#872));
#218=EDGE_LOOP('',(#873,#874));
#219=EDGE_LOOP('',(#875,#876));
#220=EDGE_LOOP('',(#877,#878,#879,#880));
#221=EDGE_LOOP('',(#881,#882,#883,#884));
#222=EDGE_LOOP('',(#885,#886));
#223=EDGE_LOOP('',(#887,#888));
#224=EDGE_LOOP('',(#889,#890,#891,#892));
#225=EDGE_LOOP('',(#893,#894,#895,#896));
#226=EDGE_LOOP('',(#897,#898));
#227=EDGE_LOOP('',(#899,#900));
#228=LINE('',#1347,#324);
#229=LINE('',#1351,#325);
#230=LINE('',#1355,#326);
#231=LINE('',#1358,#327);
#232=LINE('',#1361,#328);
#233=LINE('',#1363,#329);
#234=LINE('',#1365,#330);
#235=LINE('',#1366,#331);
#236=LINE('',#1369,#332);
#237=LINE('',#1371,#333);
#238=LINE('',#1372,#334);
#239=LINE('',#1375,#335);
#240=LINE('',#1376,#336);
#241=LINE('',#1379,#337);
#242=LINE('',#1380,#338);
#243=LINE('',#1382,#339);
#244=LINE('',#1385,#340);
#245=LINE('',#1387,#341);
#246=LINE('',#1388,#342);
#247=LINE('',#1392,#343);
#248=LINE('',#1395,#344);
#249=LINE('',#1396,#345);
#250=LINE('',#1400,#346);
#251=LINE('',#1403,#347);
#252=LINE('',#1404,#348);
#253=LINE('',#1408,#349);
#254=LINE('',#1411,#350);
#255=LINE('',#1412,#351);
#256=LINE('',#1419,#352);
#257=LINE('',#1421,#353);
#258=LINE('',#1423,#354);
#259=LINE('',#1424,#355);
#260=LINE('',#1427,#356);
#261=LINE('',#1429,#357);
#262=LINE('',#1430,#358);
#263=LINE('',#1433,#359);
#264=LINE('',#1435,#360);
#265=LINE('',#1436,#361);
#266=LINE('',#1439,#362);
#267=LINE('',#1441,#363);
#268=LINE('',#1442,#364);
#269=LINE('',#1445,#365);
#270=LINE('',#1446,#366);
#271=LINE('',#1449,#367);
#272=LINE('',#1450,#368);
#273=LINE('',#1452,#369);
#274=LINE('',#1553,#370);
#275=LINE('',#1587,#371);
#276=LINE('',#1589,#372);
#277=LINE('',#1590,#373);
#278=LINE('',#1692,#374);
#279=LINE('',#1726,#375);
#280=LINE('',#1728,#376);
#281=LINE('',#1729,#377);
#282=LINE('',#1831,#378);
#283=LINE('',#1865,#379);
#284=LINE('',#1867,#380);
#285=LINE('',#1868,#381);
#286=LINE('',#1970,#382);
#287=LINE('',#2004,#383);
#288=LINE('',#2006,#384);
#289=LINE('',#2007,#385);
#290=LINE('',#2013,#386);
#291=LINE('',#2015,#387);
#292=LINE('',#2023,#388);
#293=LINE('',#2118,#389);
#294=LINE('',#2148,#390);
#295=LINE('',#2150,#391);
#296=LINE('',#2251,#392);
#297=LINE('',#2285,#393);
#298=LINE('',#2287,#394);
#299=LINE('',#2288,#395);
#300=LINE('',#2390,#396);
#301=LINE('',#2424,#397);
#302=LINE('',#2426,#398);
#303=LINE('',#2427,#399);
#304=LINE('',#2529,#400);
#305=LINE('',#2563,#401);
#306=LINE('',#2565,#402);
#307=LINE('',#2566,#403);
#308=LINE('',#2668,#404);
#309=LINE('',#2702,#405);
#310=LINE('',#2704,#406);
#311=LINE('',#2705,#407);
#312=LINE('',#2807,#408);
#313=LINE('',#2841,#409);
#314=LINE('',#2843,#410);
#315=LINE('',#2844,#411);
#316=LINE('',#2946,#412);
#317=LINE('',#2980,#413);
#318=LINE('',#2982,#414);
#319=LINE('',#2983,#415);
#320=LINE('',#3085,#416);
#321=LINE('',#3119,#417);
#322=LINE('',#3121,#418);
#323=LINE('',#3122,#419);
#324=VECTOR('',#1115,10.);
#325=VECTOR('',#1118,10.);
#326=VECTOR('',#1121,10.);
#327=VECTOR('',#1124,10.);
#328=VECTOR('',#1125,10.);
#329=VECTOR('',#1126,10.);
#330=VECTOR('',#1127,10.);
#331=VECTOR('',#1128,10.);
#332=VECTOR('',#1131,10.);
#333=VECTOR('',#1132,10.);
#334=VECTOR('',#1133,10.);
#335=VECTOR('',#1136,10.);
#336=VECTOR('',#1137,10.);
#337=VECTOR('',#1140,10.);
#338=VECTOR('',#1141,10.);
#339=VECTOR('',#1144,10.);
#340=VECTOR('',#1147,10.);
#341=VECTOR('',#1148,10.);
#342=VECTOR('',#1149,10.);
#343=VECTOR('',#1154,10.);
#344=VECTOR('',#1157,10.);
#345=VECTOR('',#1158,10.);
#346=VECTOR('',#1163,10.);
#347=VECTOR('',#1166,10.);
#348=VECTOR('',#1167,10.);
#349=VECTOR('',#1172,10.);
#350=VECTOR('',#1175,10.);
#351=VECTOR('',#1176,10.);
#352=VECTOR('',#1185,10.);
#353=VECTOR('',#1186,10.);
#354=VECTOR('',#1187,10.);
#355=VECTOR('',#1188,10.);
#356=VECTOR('',#1191,10.);
#357=VECTOR('',#1192,10.);
#358=VECTOR('',#1193,10.);
#359=VECTOR('',#1196,10.);
#360=VECTOR('',#1197,10.);
#361=VECTOR('',#1198,10.);
#362=VECTOR('',#1201,10.);
#363=VECTOR('',#1202,10.);
#364=VECTOR('',#1203,10.);
#365=VECTOR('',#1206,10.);
#366=VECTOR('',#1207,10.);
#367=VECTOR('',#1210,10.);
#368=VECTOR('',#1211,10.);
#369=VECTOR('',#1214,10.);
#370=VECTOR('',#1217,10.);
#371=VECTOR('',#1218,10.);
#372=VECTOR('',#1221,10.);
#373=VECTOR('',#1222,10.);
#374=VECTOR('',#1227,10.);
#375=VECTOR('',#1228,10.);
#376=VECTOR('',#1231,10.);
#377=VECTOR('',#1232,10.);
#378=VECTOR('',#1237,10.);
#379=VECTOR('',#1238,10.);
#380=VECTOR('',#1241,10.);
#381=VECTOR('',#1242,10.);
#382=VECTOR('',#1247,10.);
#383=VECTOR('',#1248,10.);
#384=VECTOR('',#1251,10.);
#385=VECTOR('',#1252,10.);
#386=VECTOR('',#1259,10.);
#387=VECTOR('',#1260,10.);
#388=VECTOR('',#1261,10.);
#389=VECTOR('',#1262,10.);
#390=VECTOR('',#1265,10.);
#391=VECTOR('',#1268,10.);
#392=VECTOR('',#1271,10.);
#393=VECTOR('',#1272,10.);
#394=VECTOR('',#1275,10.);
#395=VECTOR('',#1276,10.);
#396=VECTOR('',#1281,10.);
#397=VECTOR('',#1282,10.);
#398=VECTOR('',#1285,10.);
#399=VECTOR('',#1286,10.);
#400=VECTOR('',#1291,10.);
#401=VECTOR('',#1292,10.);
#402=VECTOR('',#1295,10.);
#403=VECTOR('',#1296,10.);
#404=VECTOR('',#1301,10.);
#405=VECTOR('',#1302,10.);
#406=VECTOR('',#1305,10.);
#407=VECTOR('',#1306,10.);
#408=VECTOR('',#1311,10.);
#409=VECTOR('',#1312,10.);
#410=VECTOR('',#1315,10.);
#411=VECTOR('',#1316,10.);
#412=VECTOR('',#1321,10.);
#413=VECTOR('',#1322,10.);
#414=VECTOR('',#1325,10.);
#415=VECTOR('',#1326,10.);
#416=VECTOR('',#1331,10.);
#417=VECTOR('',#1332,10.);
#418=VECTOR('',#1335,10.);
#419=VECTOR('',#1336,10.);
#420=CIRCLE('',#1043,3.99999999999999);
#421=CIRCLE('',#1044,3.99999999999999);
#422=CIRCLE('',#1045,4.);
#423=CIRCLE('',#1046,3.99999999999999);
#424=CIRCLE('',#1053,3.99999999999999);
#425=CIRCLE('',#1056,4.);
#426=CIRCLE('',#1059,3.99999999999999);
#427=CIRCLE('',#1062,3.99999999999999);
#428=VERTEX_POINT('',#1343);
#429=VERTEX_POINT('',#1344);
#430=VERTEX_POINT('',#1346);
#431=VERTEX_POINT('',#1348);
#432=VERTEX_POINT('',#1350);
#433=VERTEX_POINT('',#1352);
#434=VERTEX_POINT('',#1354);
#435=VERTEX_POINT('',#1356);
#436=VERTEX_POINT('',#1359);
#437=VERTEX_POINT('',#1360);
#438=VERTEX_POINT('',#1362);
#439=VERTEX_POINT('',#1364);
#440=VERTEX_POINT('',#1368);
#441=VERTEX_POINT('',#1370);
#442=VERTEX_POINT('',#1374);
#443=VERTEX_POINT('',#1378);
#444=VERTEX_POINT('',#1384);
#445=VERTEX_POINT('',#1386);
#446=VERTEX_POINT('',#1390);
#447=VERTEX_POINT('',#1394);
#448=VERTEX_POINT('',#1398);
#449=VERTEX_POINT('',#1402);
#450=VERTEX_POINT('',#1406);
#451=VERTEX_POINT('',#1410);
#452=VERTEX_POINT('',#1417);
#453=VERTEX_POINT('',#1418);
#454=VERTEX_POINT('',#1420);
#455=VERTEX_POINT('',#1422);
#456=VERTEX_POINT('',#1426);
#457=VERTEX_POINT('',#1428);
#458=VERTEX_POINT('',#1432);
#459=VERTEX_POINT('',#1434);
#460=VERTEX_POINT('',#1438);
#461=VERTEX_POINT('',#1440);
#462=VERTEX_POINT('',#1444);
#463=VERTEX_POINT('',#1448);
#464=VERTEX_POINT('',#1518);
#465=VERTEX_POINT('',#1519);
#466=VERTEX_POINT('',#1552);
#467=VERTEX_POINT('',#1554);
#468=VERTEX_POINT('',#1657);
#469=VERTEX_POINT('',#1658);
#470=VERTEX_POINT('',#1691);
#471=VERTEX_POINT('',#1693);
#472=VERTEX_POINT('',#1796);
#473=VERTEX_POINT('',#1797);
#474=VERTEX_POINT('',#1830);
#475=VERTEX_POINT('',#1832);
#476=VERTEX_POINT('',#1935);
#477=VERTEX_POINT('',#1936);
#478=VERTEX_POINT('',#1969);
#479=VERTEX_POINT('',#1971);
#480=VERTEX_POINT('',#2011);
#481=VERTEX_POINT('',#2012);
#482=VERTEX_POINT('',#2014);
#483=VERTEX_POINT('',#2016);
#484=VERTEX_POINT('',#2088);
#485=VERTEX_POINT('',#2117);
#486=VERTEX_POINT('',#2216);
#487=VERTEX_POINT('',#2217);
#488=VERTEX_POINT('',#2250);
#489=VERTEX_POINT('',#2252);
#490=VERTEX_POINT('',#2355);
#491=VERTEX_POINT('',#2356);
#492=VERTEX_POINT('',#2389);
#493=VERTEX_POINT('',#2391);
#494=VERTEX_POINT('',#2494);
#495=VERTEX_POINT('',#2495);
#496=VERTEX_POINT('',#2528);
#497=VERTEX_POINT('',#2530);
#498=VERTEX_POINT('',#2633);
#499=VERTEX_POINT('',#2634);
#500=VERTEX_POINT('',#2667);
#501=VERTEX_POINT('',#2669);
#502=VERTEX_POINT('',#2772);
#503=VERTEX_POINT('',#2773);
#504=VERTEX_POINT('',#2806);
#505=VERTEX_POINT('',#2808);
#506=VERTEX_POINT('',#2911);
#507=VERTEX_POINT('',#2912);
#508=VERTEX_POINT('',#2945);
#509=VERTEX_POINT('',#2947);
#510=VERTEX_POINT('',#3050);
#511=VERTEX_POINT('',#3051);
#512=VERTEX_POINT('',#3084);
#513=VERTEX_POINT('',#3086);
#514=EDGE_CURVE('',#428,#429,#420,.T.);
#515=EDGE_CURVE('',#429,#430,#228,.T.);
#516=EDGE_CURVE('',#430,#431,#421,.T.);
#517=EDGE_CURVE('',#431,#432,#229,.T.);
#518=EDGE_CURVE('',#432,#433,#422,.T.);
#519=EDGE_CURVE('',#433,#434,#230,.T.);
#520=EDGE_CURVE('',#434,#435,#423,.T.);
#521=EDGE_CURVE('',#435,#428,#231,.T.);
#522=EDGE_CURVE('',#436,#437,#232,.T.);
#523=EDGE_CURVE('',#437,#438,#233,.T.);
#524=EDGE_CURVE('',#438,#439,#234,.T.);
#525=EDGE_CURVE('',#439,#436,#235,.T.);
#526=EDGE_CURVE('',#440,#437,#236,.T.);
#527=EDGE_CURVE('',#441,#440,#237,.T.);
#528=EDGE_CURVE('',#438,#441,#238,.T.);
#529=EDGE_CURVE('',#442,#441,#239,.T.);
#530=EDGE_CURVE('',#439,#442,#240,.T.);
#531=EDGE_CURVE('',#443,#442,#241,.T.);
#532=EDGE_CURVE('',#436,#443,#242,.T.);
#533=EDGE_CURVE('',#440,#443,#243,.T.);
#534=EDGE_CURVE('',#444,#429,#244,.T.);
#535=EDGE_CURVE('',#445,#444,#245,.T.);
#536=EDGE_CURVE('',#430,#445,#246,.T.);
#537=EDGE_CURVE('',#446,#445,#424,.T.);
#538=EDGE_CURVE('',#431,#446,#247,.T.);
#539=EDGE_CURVE('',#447,#446,#248,.T.);
#540=EDGE_CURVE('',#432,#447,#249,.T.);
#541=EDGE_CURVE('',#448,#447,#425,.T.);
#542=EDGE_CURVE('',#433,#448,#250,.T.);
#543=EDGE_CURVE('',#449,#448,#251,.T.);
#544=EDGE_CURVE('',#434,#449,#252,.T.);
#545=EDGE_CURVE('',#450,#449,#426,.T.);
#546=EDGE_CURVE('',#435,#450,#253,.T.);
#547=EDGE_CURVE('',#451,#450,#254,.T.);
#548=EDGE_CURVE('',#428,#451,#255,.T.);
#549=EDGE_CURVE('',#444,#451,#427,.T.);
#550=EDGE_CURVE('',#452,#453,#256,.T.);
#551=EDGE_CURVE('',#454,#452,#257,.T.);
#552=EDGE_CURVE('',#455,#454,#258,.T.);
#553=EDGE_CURVE('',#453,#455,#259,.T.);
#554=EDGE_CURVE('',#456,#452,#260,.T.);
#555=EDGE_CURVE('',#457,#456,#261,.T.);
#556=EDGE_CURVE('',#454,#457,#262,.T.);
#557=EDGE_CURVE('',#455,#458,#263,.T.);
#558=EDGE_CURVE('',#458,#459,#264,.T.);
#559=EDGE_CURVE('',#453,#459,#265,.T.);
#560=EDGE_CURVE('',#460,#457,#266,.T.);
#561=EDGE_CURVE('',#461,#460,#267,.T.);
#562=EDGE_CURVE('',#458,#461,#268,.T.);
#563=EDGE_CURVE('',#461,#462,#269,.T.);
#564=EDGE_CURVE('',#459,#462,#270,.T.);
#565=EDGE_CURVE('',#463,#456,#271,.T.);
#566=EDGE_CURVE('',#460,#463,#272,.T.);
#567=EDGE_CURVE('',#462,#463,#273,.T.);
#568=EDGE_CURVE('',#464,#465,#14,.T.);
#569=EDGE_CURVE('',#464,#466,#274,.T.);
#570=EDGE_CURVE('',#467,#466,#15,.T.);
#571=EDGE_CURVE('',#465,#467,#275,.T.);
#572=EDGE_CURVE('',#464,#465,#276,.T.);
#573=EDGE_CURVE('',#466,#467,#277,.T.);
#574=EDGE_CURVE('',#468,#469,#16,.T.);
#575=EDGE_CURVE('',#468,#470,#278,.T.);
#576=EDGE_CURVE('',#471,#470,#17,.T.);
#577=EDGE_CURVE('',#469,#471,#279,.T.);
#578=EDGE_CURVE('',#468,#469,#280,.T.);
#579=EDGE_CURVE('',#470,#471,#281,.T.);
#580=EDGE_CURVE('',#472,#473,#18,.T.);
#581=EDGE_CURVE('',#472,#474,#282,.T.);
#582=EDGE_CURVE('',#475,#474,#19,.T.);
#583=EDGE_CURVE('',#473,#475,#283,.T.);
#584=EDGE_CURVE('',#472,#473,#284,.T.);
#585=EDGE_CURVE('',#474,#475,#285,.T.);
#586=EDGE_CURVE('',#476,#477,#20,.T.);
#587=EDGE_CURVE('',#476,#478,#286,.T.);
#588=EDGE_CURVE('',#479,#478,#21,.T.);
#589=EDGE_CURVE('',#477,#479,#287,.T.);
#590=EDGE_CURVE('',#476,#477,#288,.T.);
#591=EDGE_CURVE('',#478,#479,#289,.T.);
#592=EDGE_CURVE('',#480,#481,#290,.T.);
#593=EDGE_CURVE('',#482,#480,#291,.T.);
#594=EDGE_CURVE('',#483,#482,#13,.T.);
#595=EDGE_CURVE('',#481,#483,#292,.T.);
#596=EDGE_CURVE('',#484,#482,#22,.T.);
#597=EDGE_CURVE('',#484,#485,#293,.T.);
#598=EDGE_CURVE('',#483,#485,#23,.T.);
#599=EDGE_CURVE('',#484,#480,#294,.T.);
#600=EDGE_CURVE('',#485,#481,#295,.T.);
#601=EDGE_CURVE('',#486,#487,#24,.T.);
#602=EDGE_CURVE('',#486,#488,#296,.T.);
#603=EDGE_CURVE('',#489,#488,#25,.T.);
#604=EDGE_CURVE('',#487,#489,#297,.T.);
#605=EDGE_CURVE('',#486,#487,#298,.T.);
#606=EDGE_CURVE('',#488,#489,#299,.T.);
#607=EDGE_CURVE('',#490,#491,#26,.T.);
#608=EDGE_CURVE('',#490,#492,#300,.T.);
#609=EDGE_CURVE('',#493,#492,#27,.T.);
#610=EDGE_CURVE('',#491,#493,#301,.T.);
#611=EDGE_CURVE('',#490,#491,#302,.T.);
#612=EDGE_CURVE('',#492,#493,#303,.T.);
#613=EDGE_CURVE('',#494,#495,#28,.T.);
#614=EDGE_CURVE('',#494,#496,#304,.T.);
#615=EDGE_CURVE('',#497,#496,#29,.T.);
#616=EDGE_CURVE('',#495,#497,#305,.T.);
#617=EDGE_CURVE('',#494,#495,#306,.T.);
#618=EDGE_CURVE('',#496,#497,#307,.T.);
#619=EDGE_CURVE('',#498,#499,#30,.T.);
#620=EDGE_CURVE('',#498,#500,#308,.T.);
#621=EDGE_CURVE('',#501,#500,#31,.T.);
#622=EDGE_CURVE('',#499,#501,#309,.T.);
#623=EDGE_CURVE('',#498,#499,#310,.T.);
#624=EDGE_CURVE('',#500,#501,#311,.T.);
#625=EDGE_CURVE('',#502,#503,#32,.T.);
#626=EDGE_CURVE('',#502,#504,#312,.T.);
#627=EDGE_CURVE('',#505,#504,#33,.T.);
#628=EDGE_CURVE('',#503,#505,#313,.T.);
#629=EDGE_CURVE('',#502,#503,#314,.T.);
#630=EDGE_CURVE('',#504,#505,#315,.T.);
#631=EDGE_CURVE('',#506,#507,#34,.T.);
#632=EDGE_CURVE('',#506,#508,#316,.T.);
#633=EDGE_CURVE('',#509,#508,#35,.T.);
#634=EDGE_CURVE('',#507,#509,#317,.T.);
#635=EDGE_CURVE('',#506,#507,#318,.T.);
#636=EDGE_CURVE('',#508,#509,#319,.T.);
#637=EDGE_CURVE('',#510,#511,#36,.T.);
#638=EDGE_CURVE('',#510,#512,#320,.T.);
#639=EDGE_CURVE('',#513,#512,#37,.T.);
#640=EDGE_CURVE('',#511,#513,#321,.T.);
#641=EDGE_CURVE('',#510,#511,#322,.T.);
#642=EDGE_CURVE('',#512,#513,#323,.T.);
#643=ORIENTED_EDGE('',*,*,#514,.T.);
#644=ORIENTED_EDGE('',*,*,#515,.T.);
#645=ORIENTED_EDGE('',*,*,#516,.T.);
#646=ORIENTED_EDGE('',*,*,#517,.T.);
#647=ORIENTED_EDGE('',*,*,#518,.T.);
#648=ORIENTED_EDGE('',*,*,#519,.T.);
#649=ORIENTED_EDGE('',*,*,#520,.T.);
#650=ORIENTED_EDGE('',*,*,#521,.T.);
#651=ORIENTED_EDGE('',*,*,#522,.T.);
#652=ORIENTED_EDGE('',*,*,#523,.T.);
#653=ORIENTED_EDGE('',*,*,#524,.T.);
#654=ORIENTED_EDGE('',*,*,#525,.T.);
#655=ORIENTED_EDGE('',*,*,#526,.F.);
#656=ORIENTED_EDGE('',*,*,#527,.F.);
#657=ORIENTED_EDGE('',*,*,#528,.F.);
#658=ORIENTED_EDGE('',*,*,#523,.F.);
#659=ORIENTED_EDGE('',*,*,#528,.T.);
#660=ORIENTED_EDGE('',*,*,#529,.F.);
#661=ORIENTED_EDGE('',*,*,#530,.F.);
#662=ORIENTED_EDGE('',*,*,#524,.F.);
#663=ORIENTED_EDGE('',*,*,#530,.T.);
#664=ORIENTED_EDGE('',*,*,#531,.F.);
#665=ORIENTED_EDGE('',*,*,#532,.F.);
#666=ORIENTED_EDGE('',*,*,#525,.F.);
#667=ORIENTED_EDGE('',*,*,#532,.T.);
#668=ORIENTED_EDGE('',*,*,#533,.F.);
#669=ORIENTED_EDGE('',*,*,#526,.T.);
#670=ORIENTED_EDGE('',*,*,#522,.F.);
#671=ORIENTED_EDGE('',*,*,#534,.F.);
#672=ORIENTED_EDGE('',*,*,#535,.F.);
#673=ORIENTED_EDGE('',*,*,#536,.F.);
#674=ORIENTED_EDGE('',*,*,#515,.F.);
#675=ORIENTED_EDGE('',*,*,#536,.T.);
#676=ORIENTED_EDGE('',*,*,#537,.F.);
#677=ORIENTED_EDGE('',*,*,#538,.F.);
#678=ORIENTED_EDGE('',*,*,#516,.F.);
#679=ORIENTED_EDGE('',*,*,#538,.T.);
#680=ORIENTED_EDGE('',*,*,#539,.F.);
#681=ORIENTED_EDGE('',*,*,#540,.F.);
#682=ORIENTED_EDGE('',*,*,#517,.F.);
#683=ORIENTED_EDGE('',*,*,#540,.T.);
#684=ORIENTED_EDGE('',*,*,#541,.F.);
#685=ORIENTED_EDGE('',*,*,#542,.F.);
#686=ORIENTED_EDGE('',*,*,#518,.F.);
#687=ORIENTED_EDGE('',*,*,#542,.T.);
#688=ORIENTED_EDGE('',*,*,#543,.F.);
#689=ORIENTED_EDGE('',*,*,#544,.F.);
#690=ORIENTED_EDGE('',*,*,#519,.F.);
#691=ORIENTED_EDGE('',*,*,#544,.T.);
#692=ORIENTED_EDGE('',*,*,#545,.F.);
#693=ORIENTED_EDGE('',*,*,#546,.F.);
#694=ORIENTED_EDGE('',*,*,#520,.F.);
#695=ORIENTED_EDGE('',*,*,#546,.T.);
#696=ORIENTED_EDGE('',*,*,#547,.F.);
#697=ORIENTED_EDGE('',*,*,#548,.F.);
#698=ORIENTED_EDGE('',*,*,#521,.F.);
#699=ORIENTED_EDGE('',*,*,#548,.T.);
#700=ORIENTED_EDGE('',*,*,#549,.F.);
#701=ORIENTED_EDGE('',*,*,#534,.T.);
#702=ORIENTED_EDGE('',*,*,#514,.F.);
#703=ORIENTED_EDGE('',*,*,#549,.T.);
#704=ORIENTED_EDGE('',*,*,#547,.T.);
#705=ORIENTED_EDGE('',*,*,#545,.T.);
#706=ORIENTED_EDGE('',*,*,#543,.T.);
#707=ORIENTED_EDGE('',*,*,#541,.T.);
#708=ORIENTED_EDGE('',*,*,#539,.T.);
#709=ORIENTED_EDGE('',*,*,#537,.T.);
#710=ORIENTED_EDGE('',*,*,#535,.T.);
#711=ORIENTED_EDGE('',*,*,#533,.T.);
#712=ORIENTED_EDGE('',*,*,#531,.T.);
#713=ORIENTED_EDGE('',*,*,#529,.T.);
#714=ORIENTED_EDGE('',*,*,#527,.T.);
#715=ORIENTED_EDGE('',*,*,#550,.F.);
#716=ORIENTED_EDGE('',*,*,#551,.F.);
#717=ORIENTED_EDGE('',*,*,#552,.F.);
#718=ORIENTED_EDGE('',*,*,#553,.F.);
#719=ORIENTED_EDGE('',*,*,#554,.F.);
#720=ORIENTED_EDGE('',*,*,#555,.F.);
#721=ORIENTED_EDGE('',*,*,#556,.F.);
#722=ORIENTED_EDGE('',*,*,#551,.T.);
#723=ORIENTED_EDGE('',*,*,#553,.T.);
#724=ORIENTED_EDGE('',*,*,#557,.T.);
#725=ORIENTED_EDGE('',*,*,#558,.T.);
#726=ORIENTED_EDGE('',*,*,#559,.F.);
#727=ORIENTED_EDGE('',*,*,#552,.T.);
#728=ORIENTED_EDGE('',*,*,#556,.T.);
#729=ORIENTED_EDGE('',*,*,#560,.F.);
#730=ORIENTED_EDGE('',*,*,#561,.F.);
#731=ORIENTED_EDGE('',*,*,#562,.F.);
#732=ORIENTED_EDGE('',*,*,#557,.F.);
#733=ORIENTED_EDGE('',*,*,#562,.T.);
#734=ORIENTED_EDGE('',*,*,#563,.T.);
#735=ORIENTED_EDGE('',*,*,#564,.F.);
#736=ORIENTED_EDGE('',*,*,#558,.F.);
#737=ORIENTED_EDGE('',*,*,#555,.T.);
#738=ORIENTED_EDGE('',*,*,#565,.F.);
#739=ORIENTED_EDGE('',*,*,#566,.F.);
#740=ORIENTED_EDGE('',*,*,#560,.T.);
#741=ORIENTED_EDGE('',*,*,#561,.T.);
#742=ORIENTED_EDGE('',*,*,#566,.T.);
#743=ORIENTED_EDGE('',*,*,#567,.F.);
#744=ORIENTED_EDGE('',*,*,#563,.F.);
#745=ORIENTED_EDGE('',*,*,#550,.T.);
#746=ORIENTED_EDGE('',*,*,#559,.T.);
#747=ORIENTED_EDGE('',*,*,#564,.T.);
#748=ORIENTED_EDGE('',*,*,#567,.T.);
#749=ORIENTED_EDGE('',*,*,#565,.T.);
#750=ORIENTED_EDGE('',*,*,#554,.T.);
#751=ORIENTED_EDGE('',*,*,#568,.F.);
#752=ORIENTED_EDGE('',*,*,#569,.T.);
#753=ORIENTED_EDGE('',*,*,#570,.F.);
#754=ORIENTED_EDGE('',*,*,#571,.F.);
#755=ORIENTED_EDGE('',*,*,#572,.T.);
#756=ORIENTED_EDGE('',*,*,#571,.T.);
#757=ORIENTED_EDGE('',*,*,#573,.F.);
#758=ORIENTED_EDGE('',*,*,#569,.F.);
#759=ORIENTED_EDGE('',*,*,#573,.T.);
#760=ORIENTED_EDGE('',*,*,#570,.T.);
#761=ORIENTED_EDGE('',*,*,#572,.F.);
#762=ORIENTED_EDGE('',*,*,#568,.T.);
#763=ORIENTED_EDGE('',*,*,#574,.F.);
#764=ORIENTED_EDGE('',*,*,#575,.T.);
#765=ORIENTED_EDGE('',*,*,#576,.F.);
#766=ORIENTED_EDGE('',*,*,#577,.F.);
#767=ORIENTED_EDGE('',*,*,#578,.T.);
#768=ORIENTED_EDGE('',*,*,#577,.T.);
#769=ORIENTED_EDGE('',*,*,#579,.F.);
#770=ORIENTED_EDGE('',*,*,#575,.F.);
#771=ORIENTED_EDGE('',*,*,#579,.T.);
#772=ORIENTED_EDGE('',*,*,#576,.T.);
#773=ORIENTED_EDGE('',*,*,#578,.F.);
#774=ORIENTED_EDGE('',*,*,#574,.T.);
#775=ORIENTED_EDGE('',*,*,#580,.F.);
#776=ORIENTED_EDGE('',*,*,#581,.T.);
#777=ORIENTED_EDGE('',*,*,#582,.F.);
#778=ORIENTED_EDGE('',*,*,#583,.F.);
#779=ORIENTED_EDGE('',*,*,#584,.T.);
#780=ORIENTED_EDGE('',*,*,#583,.T.);
#781=ORIENTED_EDGE('',*,*,#585,.F.);
#782=ORIENTED_EDGE('',*,*,#581,.F.);
#783=ORIENTED_EDGE('',*,*,#585,.T.);
#784=ORIENTED_EDGE('',*,*,#582,.T.);
#785=ORIENTED_EDGE('',*,*,#584,.F.);
#786=ORIENTED_EDGE('',*,*,#580,.T.);
#787=ORIENTED_EDGE('',*,*,#586,.F.);
#788=ORIENTED_EDGE('',*,*,#587,.T.);
#789=ORIENTED_EDGE('',*,*,#588,.F.);
#790=ORIENTED_EDGE('',*,*,#589,.F.);
#791=ORIENTED_EDGE('',*,*,#590,.T.);
#792=ORIENTED_EDGE('',*,*,#589,.T.);
#793=ORIENTED_EDGE('',*,*,#591,.F.);
#794=ORIENTED_EDGE('',*,*,#587,.F.);
#795=ORIENTED_EDGE('',*,*,#591,.T.);
#796=ORIENTED_EDGE('',*,*,#588,.T.);
#797=ORIENTED_EDGE('',*,*,#590,.F.);
#798=ORIENTED_EDGE('',*,*,#586,.T.);
#799=ORIENTED_EDGE('',*,*,#592,.F.);
#800=ORIENTED_EDGE('',*,*,#593,.F.);
#801=ORIENTED_EDGE('',*,*,#594,.F.);
#802=ORIENTED_EDGE('',*,*,#595,.F.);
#803=ORIENTED_EDGE('',*,*,#594,.T.);
#804=ORIENTED_EDGE('',*,*,#596,.F.);
#805=ORIENTED_EDGE('',*,*,#597,.T.);
#806=ORIENTED_EDGE('',*,*,#598,.F.);
#807=ORIENTED_EDGE('',*,*,#593,.T.);
#808=ORIENTED_EDGE('',*,*,#599,.F.);
#809=ORIENTED_EDGE('',*,*,#596,.T.);
#810=ORIENTED_EDGE('',*,*,#592,.T.);
#811=ORIENTED_EDGE('',*,*,#600,.F.);
#812=ORIENTED_EDGE('',*,*,#597,.F.);
#813=ORIENTED_EDGE('',*,*,#599,.T.);
#814=ORIENTED_EDGE('',*,*,#595,.T.);
#815=ORIENTED_EDGE('',*,*,#598,.T.);
#816=ORIENTED_EDGE('',*,*,#600,.T.);
#817=ORIENTED_EDGE('',*,*,#601,.F.);
#818=ORIENTED_EDGE('',*,*,#602,.T.);
#819=ORIENTED_EDGE('',*,*,#603,.F.);
#820=ORIENTED_EDGE('',*,*,#604,.F.);
#821=ORIENTED_EDGE('',*,*,#605,.T.);
#822=ORIENTED_EDGE('',*,*,#604,.T.);
#823=ORIENTED_EDGE('',*,*,#606,.F.);
#824=ORIENTED_EDGE('',*,*,#602,.F.);
#825=ORIENTED_EDGE('',*,*,#606,.T.);
#826=ORIENTED_EDGE('',*,*,#603,.T.);
#827=ORIENTED_EDGE('',*,*,#605,.F.);
#828=ORIENTED_EDGE('',*,*,#601,.T.);
#829=ORIENTED_EDGE('',*,*,#607,.F.);
#830=ORIENTED_EDGE('',*,*,#608,.T.);
#831=ORIENTED_EDGE('',*,*,#609,.F.);
#832=ORIENTED_EDGE('',*,*,#610,.F.);
#833=ORIENTED_EDGE('',*,*,#611,.T.);
#834=ORIENTED_EDGE('',*,*,#610,.T.);
#835=ORIENTED_EDGE('',*,*,#612,.F.);
#836=ORIENTED_EDGE('',*,*,#608,.F.);
#837=ORIENTED_EDGE('',*,*,#612,.T.);
#838=ORIENTED_EDGE('',*,*,#609,.T.);
#839=ORIENTED_EDGE('',*,*,#611,.F.);
#840=ORIENTED_EDGE('',*,*,#607,.T.);
#841=ORIENTED_EDGE('',*,*,#613,.F.);
#842=ORIENTED_EDGE('',*,*,#614,.T.);
#843=ORIENTED_EDGE('',*,*,#615,.F.);
#844=ORIENTED_EDGE('',*,*,#616,.F.);
#845=ORIENTED_EDGE('',*,*,#617,.T.);
#846=ORIENTED_EDGE('',*,*,#616,.T.);
#847=ORIENTED_EDGE('',*,*,#618,.F.);
#848=ORIENTED_EDGE('',*,*,#614,.F.);
#849=ORIENTED_EDGE('',*,*,#618,.T.);
#850=ORIENTED_EDGE('',*,*,#615,.T.);
#851=ORIENTED_EDGE('',*,*,#617,.F.);
#852=ORIENTED_EDGE('',*,*,#613,.T.);
#853=ORIENTED_EDGE('',*,*,#619,.F.);
#854=ORIENTED_EDGE('',*,*,#620,.T.);
#855=ORIENTED_EDGE('',*,*,#621,.F.);
#856=ORIENTED_EDGE('',*,*,#622,.F.);
#857=ORIENTED_EDGE('',*,*,#623,.T.);
#858=ORIENTED_EDGE('',*,*,#622,.T.);
#859=ORIENTED_EDGE('',*,*,#624,.F.);
#860=ORIENTED_EDGE('',*,*,#620,.F.);
#861=ORIENTED_EDGE('',*,*,#624,.T.);
#862=ORIENTED_EDGE('',*,*,#621,.T.);
#863=ORIENTED_EDGE('',*,*,#623,.F.);
#864=ORIENTED_EDGE('',*,*,#619,.T.);
#865=ORIENTED_EDGE('',*,*,#625,.F.);
#866=ORIENTED_EDGE('',*,*,#626,.T.);
#867=ORIENTED_EDGE('',*,*,#627,.F.);
#868=ORIENTED_EDGE('',*,*,#628,.F.);
#869=ORIENTED_EDGE('',*,*,#629,.T.);
#870=ORIENTED_EDGE('',*,*,#628,.T.);
#871=ORIENTED_EDGE('',*,*,#630,.F.);
#872=ORIENTED_EDGE('',*,*,#626,.F.);
#873=ORIENTED_EDGE('',*,*,#630,.T.);
#874=ORIENTED_EDGE('',*,*,#627,.T.);
#875=ORIENTED_EDGE('',*,*,#629,.F.);
#876=ORIENTED_EDGE('',*,*,#625,.T.);
#877=ORIENTED_EDGE('',*,*,#631,.F.);
#878=ORIENTED_EDGE('',*,*,#632,.T.);
#879=ORIENTED_EDGE('',*,*,#633,.F.);
#880=ORIENTED_EDGE('',*,*,#634,.F.);
#881=ORIENTED_EDGE('',*,*,#635,.T.);
#882=ORIENTED_EDGE('',*,*,#634,.T.);
#883=ORIENTED_EDGE('',*,*,#636,.F.);
#884=ORIENTED_EDGE('',*,*,#632,.F.);
#885=ORIENTED_EDGE('',*,*,#636,.T.);
#886=ORIENTED_EDGE('',*,*,#633,.T.);
#887=ORIENTED_EDGE('',*,*,#635,.F.);
#888=ORIENTED_EDGE('',*,*,#631,.T.);
#889=ORIENTED_EDGE('',*,*,#637,.F.);
#890=ORIENTED_EDGE('',*,*,#638,.T.);
#891=ORIENTED_EDGE('',*,*,#639,.F.);
#892=ORIENTED_EDGE('',*,*,#640,.F.);
#893=ORIENTED_EDGE('',*,*,#641,.T.);
#894=ORIENTED_EDGE('',*,*,#640,.T.);
#895=ORIENTED_EDGE('',*,*,#642,.F.);
#896=ORIENTED_EDGE('',*,*,#638,.F.);
#897=ORIENTED_EDGE('',*,*,#642,.T.);
#898=ORIENTED_EDGE('',*,*,#639,.T.);
#899=ORIENTED_EDGE('',*,*,#641,.F.);
#900=ORIENTED_EDGE('',*,*,#637,.T.);
#901=PLANE('',#1042);
#902=PLANE('',#1047);
#903=PLANE('',#1048);
#904=PLANE('',#1049);
#905=PLANE('',#1050);
#906=PLANE('',#1051);
#907=PLANE('',#1054);
#908=PLANE('',#1057);
#909=PLANE('',#1060);
#910=PLANE('',#1063);
#911=PLANE('',#1064);
#912=PLANE('',#1065);
#913=PLANE('',#1066);
#914=PLANE('',#1067);
#915=PLANE('',#1068);
#916=PLANE('',#1069);
#917=PLANE('',#1070);
#918=PLANE('',#1071);
#919=PLANE('',#1072);
#920=PLANE('',#1073);
#921=PLANE('',#1074);
#922=PLANE('',#1075);
#923=PLANE('',#1076);
#924=PLANE('',#1077);
#925=PLANE('',#1078);
#926=PLANE('',#1079);
#927=PLANE('',#1080);
#928=PLANE('',#1081);
#929=PLANE('',#1082);
#930=PLANE('',#1083);
#931=PLANE('',#1084);
#932=PLANE('',#1085);
#933=PLANE('',#1086);
#934=PLANE('',#1087);
#935=PLANE('',#1088);
#936=PLANE('',#1089);
#937=PLANE('',#1090);
#938=PLANE('',#1091);
#939=PLANE('',#1092);
#940=PLANE('',#1093);
#941=PLANE('',#1094);
#942=PLANE('',#1095);
#943=PLANE('',#1096);
#944=PLANE('',#1097);
#945=PLANE('',#1098);
#946=PLANE('',#1099);
#947=PLANE('',#1100);
#948=PLANE('',#1101);
#949=PLANE('',#1102);
#950=PLANE('',#1103);
#951=PLANE('',#1104);
#952=PLANE('',#1105);
#953=PLANE('',#1106);
#954=PLANE('',#1107);
#955=PLANE('',#1108);
#956=ADVANCED_FACE('',(#84,#82),#901,.F.);
#957=ADVANCED_FACE('',(#85),#902,.T.);
#958=ADVANCED_FACE('',(#86),#903,.T.);
#959=ADVANCED_FACE('',(#87),#904,.T.);
#960=ADVANCED_FACE('',(#88),#905,.T.);
#961=ADVANCED_FACE('',(#89),#906,.T.);
#962=ADVANCED_FACE('',(#90),#78,.T.);
#963=ADVANCED_FACE('',(#91),#907,.T.);
#964=ADVANCED_FACE('',(#92),#79,.T.);
#965=ADVANCED_FACE('',(#93),#908,.T.);
#966=ADVANCED_FACE('',(#94),#80,.T.);
#967=ADVANCED_FACE('',(#95),#909,.T.);
#968=ADVANCED_FACE('',(#96),#81,.T.);
#969=ADVANCED_FACE('',(#97,#83),#910,.T.);
#970=ADVANCED_FACE('',(#98),#911,.T.);
#971=ADVANCED_FACE('',(#99),#912,.T.);
#972=ADVANCED_FACE('',(#100),#913,.T.);
#973=ADVANCED_FACE('',(#101),#914,.F.);
#974=ADVANCED_FACE('',(#102),#915,.T.);
#975=ADVANCED_FACE('',(#103),#916,.T.);
#976=ADVANCED_FACE('',(#104),#917,.T.);
#977=ADVANCED_FACE('',(#105),#918,.T.);
#978=ADVANCED_FACE('',(#106),#38,.T.);
#979=ADVANCED_FACE('',(#107),#919,.T.);
#980=ADVANCED_FACE('',(#108),#920,.T.);
#981=ADVANCED_FACE('',(#109),#921,.F.);
#982=ADVANCED_FACE('',(#110),#39,.T.);
#983=ADVANCED_FACE('',(#111),#922,.T.);
#984=ADVANCED_FACE('',(#112),#923,.T.);
#985=ADVANCED_FACE('',(#113),#924,.F.);
#986=ADVANCED_FACE('',(#114),#40,.T.);
#987=ADVANCED_FACE('',(#115),#925,.T.);
#988=ADVANCED_FACE('',(#116),#926,.T.);
#989=ADVANCED_FACE('',(#117),#927,.F.);
#990=ADVANCED_FACE('',(#118),#41,.T.);
#991=ADVANCED_FACE('',(#119),#928,.T.);
#992=ADVANCED_FACE('',(#120),#929,.T.);
#993=ADVANCED_FACE('',(#121),#930,.F.);
#994=ADVANCED_FACE('',(#122),#931,.T.);
#995=ADVANCED_FACE('',(#123),#42,.T.);
#996=ADVANCED_FACE('',(#124),#932,.F.);
#997=ADVANCED_FACE('',(#125),#933,.T.);
#998=ADVANCED_FACE('',(#126),#934,.T.);
#999=ADVANCED_FACE('',(#127),#43,.T.);
#1000=ADVANCED_FACE('',(#128),#935,.T.);
#1001=ADVANCED_FACE('',(#129),#936,.T.);
#1002=ADVANCED_FACE('',(#130),#937,.F.);
#1003=ADVANCED_FACE('',(#131),#44,.T.);
#1004=ADVANCED_FACE('',(#132),#938,.T.);
#1005=ADVANCED_FACE('',(#133),#939,.T.);
#1006=ADVANCED_FACE('',(#134),#940,.F.);
#1007=ADVANCED_FACE('',(#135),#45,.T.);
#1008=ADVANCED_FACE('',(#136),#941,.T.);
#1009=ADVANCED_FACE('',(#137),#942,.T.);
#1010=ADVANCED_FACE('',(#138),#943,.F.);
#1011=ADVANCED_FACE('',(#139),#46,.T.);
#1012=ADVANCED_FACE('',(#140),#944,.T.);
#1013=ADVANCED_FACE('',(#141),#945,.T.);
#1014=ADVANCED_FACE('',(#142),#946,.F.);
#1015=ADVANCED_FACE('',(#143),#47,.T.);
#1016=ADVANCED_FACE('',(#144),#947,.T.);
#1017=ADVANCED_FACE('',(#145),#948,.T.);
#1018=ADVANCED_FACE('',(#146),#949,.F.);
#1019=ADVANCED_FACE('',(#147),#48,.T.);
#1020=ADVANCED_FACE('',(#148),#950,.T.);
#1021=ADVANCED_FACE('',(#149),#951,.T.);
#1022=ADVANCED_FACE('',(#150),#952,.F.);
#1023=ADVANCED_FACE('',(#151),#49,.T.);
#1024=ADVANCED_FACE('',(#152),#953,.T.);
#1025=ADVANCED_FACE('',(#153),#954,.T.);
#1026=ADVANCED_FACE('',(#154),#955,.F.);
#1027=CLOSED_SHELL('',(#956,#957,#958,#959,#960,#961,#962,#963,#964,#965,
#966,#967,#968,#969));
#1028=CLOSED_SHELL('',(#970,#971,#972,#973,#974,#975,#976,#977));
#1029=CLOSED_SHELL('',(#978,#979,#980,#981));
#1030=CLOSED_SHELL('',(#982,#983,#984,#985));
#1031=CLOSED_SHELL('',(#986,#987,#988,#989));
#1032=CLOSED_SHELL('',(#990,#991,#992,#993));
#1033=CLOSED_SHELL('',(#994,#995,#996,#997,#998));
#1034=CLOSED_SHELL('',(#999,#1000,#1001,#1002));
#1035=CLOSED_SHELL('',(#1003,#1004,#1005,#1006));
#1036=CLOSED_SHELL('',(#1007,#1008,#1009,#1010));
#1037=CLOSED_SHELL('',(#1011,#1012,#1013,#1014));
#1038=CLOSED_SHELL('',(#1015,#1016,#1017,#1018));
#1039=CLOSED_SHELL('',(#1019,#1020,#1021,#1022));
#1040=CLOSED_SHELL('',(#1023,#1024,#1025,#1026));
#1041=AXIS2_PLACEMENT_3D('',#1341,#1109,#1110);
#1042=AXIS2_PLACEMENT_3D('',#1342,#1111,#1112);
#1043=AXIS2_PLACEMENT_3D('',#1345,#1113,#1114);
#1044=AXIS2_PLACEMENT_3D('',#1349,#1116,#1117);
#1045=AXIS2_PLACEMENT_3D('',#1353,#1119,#1120);
#1046=AXIS2_PLACEMENT_3D('',#1357,#1122,#1123);
#1047=AXIS2_PLACEMENT_3D('',#1367,#1129,#1130);
#1048=AXIS2_PLACEMENT_3D('',#1373,#1134,#1135);
#1049=AXIS2_PLACEMENT_3D('',#1377,#1138,#1139);
#1050=AXIS2_PLACEMENT_3D('',#1381,#1142,#1143);
#1051=AXIS2_PLACEMENT_3D('',#1383,#1145,#1146);
#1052=AXIS2_PLACEMENT_3D('',#1389,#1150,#1151);
#1053=AXIS2_PLACEMENT_3D('',#1391,#1152,#1153);
#1054=AXIS2_PLACEMENT_3D('',#1393,#1155,#1156);
#1055=AXIS2_PLACEMENT_3D('',#1397,#1159,#1160);
#1056=AXIS2_PLACEMENT_3D('',#1399,#1161,#1162);
#1057=AXIS2_PLACEMENT_3D('',#1401,#1164,#1165);
#1058=AXIS2_PLACEMENT_3D('',#1405,#1168,#1169);
#1059=AXIS2_PLACEMENT_3D('',#1407,#1170,#1171);
#1060=AXIS2_PLACEMENT_3D('',#1409,#1173,#1174);
#1061=AXIS2_PLACEMENT_3D('',#1413,#1177,#1178);
#1062=AXIS2_PLACEMENT_3D('',#1414,#1179,#1180);
#1063=AXIS2_PLACEMENT_3D('',#1415,#1181,#1182);
#1064=AXIS2_PLACEMENT_3D('',#1416,#1183,#1184);
#1065=AXIS2_PLACEMENT_3D('',#1425,#1189,#1190);
#1066=AXIS2_PLACEMENT_3D('',#1431,#1194,#1195);
#1067=AXIS2_PLACEMENT_3D('',#1437,#1199,#1200);
#1068=AXIS2_PLACEMENT_3D('',#1443,#1204,#1205);
#1069=AXIS2_PLACEMENT_3D('',#1447,#1208,#1209);
#1070=AXIS2_PLACEMENT_3D('',#1451,#1212,#1213);
#1071=AXIS2_PLACEMENT_3D('',#1453,#1215,#1216);
#1072=AXIS2_PLACEMENT_3D('',#1588,#1219,#1220);
#1073=AXIS2_PLACEMENT_3D('',#1591,#1223,#1224);
#1074=AXIS2_PLACEMENT_3D('',#1592,#1225,#1226);
#1075=AXIS2_PLACEMENT_3D('',#1727,#1229,#1230);
#1076=AXIS2_PLACEMENT_3D('',#1730,#1233,#1234);
#1077=AXIS2_PLACEMENT_3D('',#1731,#1235,#1236);
#1078=AXIS2_PLACEMENT_3D('',#1866,#1239,#1240);
#1079=AXIS2_PLACEMENT_3D('',#1869,#1243,#1244);
#1080=AXIS2_PLACEMENT_3D('',#1870,#1245,#1246);
#1081=AXIS2_PLACEMENT_3D('',#2005,#1249,#1250);
#1082=AXIS2_PLACEMENT_3D('',#2008,#1253,#1254);
#1083=AXIS2_PLACEMENT_3D('',#2009,#1255,#1256);
#1084=AXIS2_PLACEMENT_3D('',#2010,#1257,#1258);
#1085=AXIS2_PLACEMENT_3D('',#2147,#1263,#1264);
#1086=AXIS2_PLACEMENT_3D('',#2149,#1266,#1267);
#1087=AXIS2_PLACEMENT_3D('',#2151,#1269,#1270);
#1088=AXIS2_PLACEMENT_3D('',#2286,#1273,#1274);
#1089=AXIS2_PLACEMENT_3D('',#2289,#1277,#1278);
#1090=AXIS2_PLACEMENT_3D('',#2290,#1279,#1280);
#1091=AXIS2_PLACEMENT_3D('',#2425,#1283,#1284);
#1092=AXIS2_PLACEMENT_3D('',#2428,#1287,#1288);
#1093=AXIS2_PLACEMENT_3D('',#2429,#1289,#1290);
#1094=AXIS2_PLACEMENT_3D('',#2564,#1293,#1294);
#1095=AXIS2_PLACEMENT_3D('',#2567,#1297,#1298);
#1096=AXIS2_PLACEMENT_3D('',#2568,#1299,#1300);
#1097=AXIS2_PLACEMENT_3D('',#2703,#1303,#1304);
#1098=AXIS2_PLACEMENT_3D('',#2706,#1307,#1308);
#1099=AXIS2_PLACEMENT_3D('',#2707,#1309,#1310);
#1100=AXIS2_PLACEMENT_3D('',#2842,#1313,#1314);
#1101=AXIS2_PLACEMENT_3D('',#2845,#1317,#1318);
#1102=AXIS2_PLACEMENT_3D('',#2846,#1319,#1320);
#1103=AXIS2_PLACEMENT_3D('',#2981,#1323,#1324);
#1104=AXIS2_PLACEMENT_3D('',#2984,#1327,#1328);
#1105=AXIS2_PLACEMENT_3D('',#2985,#1329,#1330);
#1106=AXIS2_PLACEMENT_3D('',#3120,#1333,#1334);
#1107=AXIS2_PLACEMENT_3D('',#3123,#1337,#1338);
#1108=AXIS2_PLACEMENT_3D('',#3124,#1339,#1340);
#1109=DIRECTION('axis',(0.,0.,1.));
#1110=DIRECTION('refdir',(1.,0.,0.));
#1111=DIRECTION('center_axis',(0.,1.,0.));
#1112=DIRECTION('ref_axis',(1.,0.,0.));
#1113=DIRECTION('center_axis',(0.,-1.,0.));
#1114=DIRECTION('ref_axis',(0.,0.,1.));
#1115=DIRECTION('',(-1.,0.,0.));
#1116=DIRECTION('center_axis',(0.,-1.,0.));
#1117=DIRECTION('ref_axis',(-1.,0.,-2.22044604925032E-15));
#1118=DIRECTION('',(-3.55126406290277E-17,0.,-1.));
#1119=DIRECTION('center_axis',(0.,-1.,0.));
#1120=DIRECTION('ref_axis',(-1.11022302462516E-15,0.,-1.));
#1121=DIRECTION('',(1.,0.,6.11858695472972E-17));
#1122=DIRECTION('center_axis',(0.,-1.,0.));
#1123=DIRECTION('ref_axis',(1.,0.,-1.17961196366423E-15));
#1124=DIRECTION('',(-2.84101125032221E-16,0.,1.));
#1125=DIRECTION('',(0.,0.,1.));
#1126=DIRECTION('',(1.,0.,0.));
#1127=DIRECTION('',(0.,0.,-1.));
#1128=DIRECTION('',(-1.,0.,0.));
#1129=DIRECTION('center_axis',(0.,0.,-1.));
#1130=DIRECTION('ref_axis',(-1.,0.,0.));
#1131=DIRECTION('',(0.,-1.,0.));
#1132=DIRECTION('',(-1.,0.,0.));
#1133=DIRECTION('',(0.,1.,0.));
#1134=DIRECTION('center_axis',(-1.,0.,0.));
#1135=DIRECTION('ref_axis',(0.,0.,1.));
#1136=DIRECTION('',(0.,0.,1.));
#1137=DIRECTION('',(0.,1.,0.));
#1138=DIRECTION('center_axis',(0.,0.,1.));
#1139=DIRECTION('ref_axis',(1.,0.,0.));
#1140=DIRECTION('',(1.,0.,0.));
#1141=DIRECTION('',(0.,1.,0.));
#1142=DIRECTION('center_axis',(1.,0.,0.));
#1143=DIRECTION('ref_axis',(0.,0.,-1.));
#1144=DIRECTION('',(0.,0.,-1.));
#1145=DIRECTION('center_axis',(0.,0.,1.));
#1146=DIRECTION('ref_axis',(1.,0.,0.));
#1147=DIRECTION('',(0.,-1.,0.));
#1148=DIRECTION('',(1.,0.,0.));
#1149=DIRECTION('',(0.,1.,0.));
#1150=DIRECTION('center_axis',(0.,1.,0.));
#1151=DIRECTION('ref_axis',(-1.,0.,-2.22044604925032E-15));
#1152=DIRECTION('center_axis',(0.,1.,0.));
#1153=DIRECTION('ref_axis',(-1.,0.,-2.22044604925032E-15));
#1154=DIRECTION('',(0.,1.,0.));
#1155=DIRECTION('center_axis',(-1.,0.,3.55126406290277E-17));
#1156=DIRECTION('ref_axis',(3.55126406290277E-17,0.,1.));
#1157=DIRECTION('',(3.55126406290277E-17,0.,1.));
#1158=DIRECTION('',(0.,1.,0.));
#1159=DIRECTION('center_axis',(0.,1.,0.));
#1160=DIRECTION('ref_axis',(-1.11022302462516E-15,0.,-1.));
#1161=DIRECTION('center_axis',(0.,1.,0.));
#1162=DIRECTION('ref_axis',(-1.11022302462516E-15,0.,-1.));
#1163=DIRECTION('',(0.,1.,0.));
#1164=DIRECTION('center_axis',(6.11858695472972E-17,0.,-1.));
#1165=DIRECTION('ref_axis',(-1.,0.,-6.11858695472972E-17));
#1166=DIRECTION('',(-1.,0.,-6.11858695472972E-17));
#1167=DIRECTION('',(0.,1.,0.));
#1168=DIRECTION('center_axis',(0.,1.,0.));
#1169=DIRECTION('ref_axis',(1.,0.,-1.17961196366423E-15));
#1170=DIRECTION('center_axis',(0.,1.,0.));
#1171=DIRECTION('ref_axis',(1.,0.,-1.17961196366423E-15));
#1172=DIRECTION('',(0.,1.,0.));
#1173=DIRECTION('center_axis',(1.,0.,2.84101125032221E-16));
#1174=DIRECTION('ref_axis',(2.84101125032221E-16,0.,-1.));
#1175=DIRECTION('',(2.84101125032221E-16,0.,-1.));
#1176=DIRECTION('',(0.,1.,0.));
#1177=DIRECTION('center_axis',(0.,1.,0.));
#1178=DIRECTION('ref_axis',(0.,0.,1.));
#1179=DIRECTION('center_axis',(0.,1.,0.));
#1180=DIRECTION('ref_axis',(0.,0.,1.));
#1181=DIRECTION('center_axis',(0.,1.,0.));
#1182=DIRECTION('ref_axis',(1.,0.,0.));
#1183=DIRECTION('center_axis',(0.,0.,1.));
#1184=DIRECTION('ref_axis',(0.,1.,0.));
#1185=DIRECTION('',(1.,0.,0.));
#1186=DIRECTION('',(0.,1.,0.));
#1187=DIRECTION('',(-1.,0.,0.));
#1188=DIRECTION('',(0.,-1.,0.));
#1189=DIRECTION('center_axis',(1.,0.,0.));
#1190=DIRECTION('ref_axis',(0.,0.,-1.));
#1191=DIRECTION('',(0.,0.,-1.));
#1192=DIRECTION('',(0.,1.,0.));
#1193=DIRECTION('',(0.,0.,1.));
#1194=DIRECTION('center_axis',(1.,0.,0.));
#1195=DIRECTION('ref_axis',(0.,0.,-1.));
#1196=DIRECTION('',(0.,0.,-1.));
#1197=DIRECTION('',(0.,1.,0.));
#1198=DIRECTION('',(0.,0.,-1.));
#1199=DIRECTION('center_axis',(0.,1.,0.));
#1200=DIRECTION('ref_axis',(1.,0.,0.));
#1201=DIRECTION('',(1.,0.,0.));
#1202=DIRECTION('',(-3.30728017289938E-17,1.65364008644969E-16,1.));
#1203=DIRECTION('',(-1.,-1.44913498199591E-16,-4.70968869148672E-17));
#1204=DIRECTION('center_axis',(4.70968869148672E-17,0.,-1.));
#1205=DIRECTION('ref_axis',(-1.,-1.44913498199591E-16,-4.70968869148672E-17));
#1206=DIRECTION('',(0.,1.,0.));
#1207=DIRECTION('',(-1.,-1.44913498199591E-16,-4.70968869148672E-17));
#1208=DIRECTION('center_axis',(0.,0.,1.));
#1209=DIRECTION('ref_axis',(1.,0.,0.));
#1210=DIRECTION('',(1.,0.,0.));
#1211=DIRECTION('',(0.,1.,0.));
#1212=DIRECTION('center_axis',(-1.,0.,-3.30728017289938E-17));
#1213=DIRECTION('ref_axis',(-3.30728017289938E-17,1.65364008644969E-16,
1.));
#1214=DIRECTION('',(-3.30728017289938E-17,1.65364008644969E-16,1.));
#1215=DIRECTION('center_axis',(0.,1.,0.));
#1216=DIRECTION('ref_axis',(0.,0.,1.));
#1217=DIRECTION('',(0.,0.,1.));
#1218=DIRECTION('',(0.,0.,1.));
#1219=DIRECTION('center_axis',(0.,-1.,0.));
#1220=DIRECTION('ref_axis',(1.,0.,0.));
#1221=DIRECTION('',(1.,0.,0.));
#1222=DIRECTION('',(1.,0.,0.));
#1223=DIRECTION('center_axis',(0.,0.,1.));
#1224=DIRECTION('ref_axis',(1.,0.,0.));
#1225=DIRECTION('center_axis',(0.,0.,1.));
#1226=DIRECTION('ref_axis',(1.,0.,0.));
#1227=DIRECTION('',(0.,0.,1.));
#1228=DIRECTION('',(0.,0.,1.));
#1229=DIRECTION('center_axis',(0.,-1.,0.));
#1230=DIRECTION('ref_axis',(1.,0.,0.));
#1231=DIRECTION('',(1.,0.,0.));
#1232=DIRECTION('',(1.,0.,0.));
#1233=DIRECTION('center_axis',(0.,0.,1.));
#1234=DIRECTION('ref_axis',(1.,0.,0.));
#1235=DIRECTION('center_axis',(0.,0.,1.));
#1236=DIRECTION('ref_axis',(1.,0.,0.));
#1237=DIRECTION('',(0.,0.,1.));
#1238=DIRECTION('',(0.,0.,1.));
#1239=DIRECTION('center_axis',(0.,-1.,0.));
#1240=DIRECTION('ref_axis',(1.,0.,0.));
#1241=DIRECTION('',(1.,0.,0.));
#1242=DIRECTION('',(1.,0.,0.));
#1243=DIRECTION('center_axis',(0.,0.,1.));
#1244=DIRECTION('ref_axis',(1.,0.,0.));
#1245=DIRECTION('center_axis',(0.,0.,1.));
#1246=DIRECTION('ref_axis',(1.,0.,0.));
#1247=DIRECTION('',(0.,0.,1.));
#1248=DIRECTION('',(0.,0.,1.));
#1249=DIRECTION('center_axis',(0.,-1.,0.));
#1250=DIRECTION('ref_axis',(1.,0.,0.));
#1251=DIRECTION('',(1.,0.,0.));
#1252=DIRECTION('',(1.,0.,0.));
#1253=DIRECTION('center_axis',(0.,0.,1.));
#1254=DIRECTION('ref_axis',(1.,0.,0.));
#1255=DIRECTION('center_axis',(0.,0.,1.));
#1256=DIRECTION('ref_axis',(1.,0.,0.));
#1257=DIRECTION('center_axis',(1.,0.,0.));
#1258=DIRECTION('ref_axis',(0.,0.,-1.));
#1259=DIRECTION('',(0.,0.,1.));
#1260=DIRECTION('',(0.,-1.,0.));
#1261=DIRECTION('',(0.,1.,0.));
#1262=DIRECTION('',(0.,0.,1.));
#1263=DIRECTION('center_axis',(0.,0.,1.));
#1264=DIRECTION('ref_axis',(1.,0.,0.));
#1265=DIRECTION('',(1.,0.,0.));
#1266=DIRECTION('center_axis',(0.,-1.,0.));
#1267=DIRECTION('ref_axis',(1.,0.,0.));
#1268=DIRECTION('',(1.,0.,0.));
#1269=DIRECTION('center_axis',(0.,0.,1.));
#1270=DIRECTION('ref_axis',(1.,0.,0.));
#1271=DIRECTION('',(0.,0.,1.));
#1272=DIRECTION('',(0.,0.,1.));
#1273=DIRECTION('center_axis',(0.,-1.,0.));
#1274=DIRECTION('ref_axis',(1.,0.,0.));
#1275=DIRECTION('',(1.,0.,0.));
#1276=DIRECTION('',(1.,0.,0.));
#1277=DIRECTION('center_axis',(0.,0.,1.));
#1278=DIRECTION('ref_axis',(1.,0.,0.));
#1279=DIRECTION('center_axis',(0.,0.,1.));
#1280=DIRECTION('ref_axis',(1.,0.,0.));
#1281=DIRECTION('',(0.,0.,1.));
#1282=DIRECTION('',(0.,0.,1.));
#1283=DIRECTION('center_axis',(1.22464679914735E-16,1.,0.));
#1284=DIRECTION('ref_axis',(-1.,1.22464679914735E-16,0.));
#1285=DIRECTION('',(-1.,1.22464679914735E-16,0.));
#1286=DIRECTION('',(-1.,1.22464679914735E-16,0.));
#1287=DIRECTION('center_axis',(0.,0.,1.));
#1288=DIRECTION('ref_axis',(-1.,1.22464679914735E-16,0.));
#1289=DIRECTION('center_axis',(0.,0.,1.));
#1290=DIRECTION('ref_axis',(-1.,1.22464679914735E-16,0.));
#1291=DIRECTION('',(0.,0.,1.));
#1292=DIRECTION('',(0.,0.,1.));
#1293=DIRECTION('center_axis',(1.22464679914735E-16,1.,0.));
#1294=DIRECTION('ref_axis',(-1.,1.22464679914735E-16,0.));
#1295=DIRECTION('',(-1.,1.22464679914735E-16,0.));
#1296=DIRECTION('',(-1.,1.22464679914735E-16,0.));
#1297=DIRECTION('center_axis',(0.,0.,1.));
#1298=DIRECTION('ref_axis',(-1.,1.22464679914735E-16,0.));
#1299=DIRECTION('center_axis',(0.,0.,1.));
#1300=DIRECTION('ref_axis',(-1.,1.22464679914735E-16,0.));
#1301=DIRECTION('',(0.,0.,1.));
#1302=DIRECTION('',(0.,0.,1.));
#1303=DIRECTION('center_axis',(1.22464679914735E-16,1.,0.));
#1304=DIRECTION('ref_axis',(-1.,1.22464679914735E-16,0.));
#1305=DIRECTION('',(-1.,1.22464679914735E-16,0.));
#1306=DIRECTION('',(-1.,1.22464679914735E-16,0.));
#1307=DIRECTION('center_axis',(0.,0.,1.));
#1308=DIRECTION('ref_axis',(-1.,1.22464679914735E-16,0.));
#1309=DIRECTION('center_axis',(0.,0.,1.));
#1310=DIRECTION('ref_axis',(-1.,1.22464679914735E-16,0.));
#1311=DIRECTION('',(0.,0.,1.));
#1312=DIRECTION('',(0.,0.,1.));
#1313=DIRECTION('center_axis',(1.22464679914735E-16,1.,0.));
#1314=DIRECTION('ref_axis',(-1.,1.22464679914735E-16,0.));
#1315=DIRECTION('',(-1.,1.22464679914735E-16,0.));
#1316=DIRECTION('',(-1.,1.22464679914735E-16,0.));
#1317=DIRECTION('center_axis',(0.,0.,1.));
#1318=DIRECTION('ref_axis',(-1.,1.22464679914735E-16,0.));
#1319=DIRECTION('center_axis',(0.,0.,1.));
#1320=DIRECTION('ref_axis',(-1.,1.22464679914735E-16,0.));
#1321=DIRECTION('',(0.,0.,1.));
#1322=DIRECTION('',(0.,0.,1.));
#1323=DIRECTION('center_axis',(1.22464679914735E-16,1.,0.));
#1324=DIRECTION('ref_axis',(-1.,1.22464679914735E-16,0.));
#1325=DIRECTION('',(-1.,1.22464679914735E-16,0.));
#1326=DIRECTION('',(-1.,1.22464679914735E-16,0.));
#1327=DIRECTION('center_axis',(0.,0.,1.));
#1328=DIRECTION('ref_axis',(-1.,1.22464679914735E-16,0.));
#1329=DIRECTION('center_axis',(0.,0.,1.));
#1330=DIRECTION('ref_axis',(-1.,1.22464679914735E-16,0.));
#1331=DIRECTION('',(0.,0.,1.));
#1332=DIRECTION('',(0.,0.,1.));
#1333=DIRECTION('center_axis',(1.22464679914735E-16,1.,0.));
#1334=DIRECTION('ref_axis',(-1.,1.22464679914735E-16,0.));
#1335=DIRECTION('',(-1.,1.22464679914735E-16,0.));
#1336=DIRECTION('',(-1.,1.22464679914735E-16,0.));
#1337=DIRECTION('center_axis',(0.,0.,1.));
#1338=DIRECTION('ref_axis',(-1.,1.22464679914735E-16,0.));
#1339=DIRECTION('center_axis',(0.,0.,1.));
#1340=DIRECTION('ref_axis',(-1.,1.22464679914735E-16,0.));
#1341=CARTESIAN_POINT('',(0.,0.,0.));
#1342=CARTESIAN_POINT('Origin',(28.170863069376,-12.,32.2402376041553));
#1343=CARTESIAN_POINT('',(68.4610402896881,-12.,63.5029937653424));
#1344=CARTESIAN_POINT('',(64.4610402896881,-12.,67.5029937653424));
#1345=CARTESIAN_POINT('Origin',(64.4610402896881,-12.,63.5029937653424));
#1346=CARTESIAN_POINT('',(-8.11931415093611,-12.,67.5029937653424));
#1347=CARTESIAN_POINT('',(-8.11931415093611,-12.,67.5029937653424));
#1348=CARTESIAN_POINT('',(-12.1193141509361,-12.,63.5029937653424));
#1349=CARTESIAN_POINT('Origin',(-8.11931415093611,-12.,63.5029937653424));
#1350=CARTESIAN_POINT('',(-12.1193141509361,-12.,0.977481442968235));
#1351=CARTESIAN_POINT('',(-12.1193141509361,-12.,0.97748144296824));
#1352=CARTESIAN_POINT('',(-8.11931415093611,-12.,-3.02251855703176));
#1353=CARTESIAN_POINT('Origin',(-8.11931415093611,-12.,0.97748144296824));
#1354=CARTESIAN_POINT('',(64.4610402896881,-12.,-3.02251855703176));
#1355=CARTESIAN_POINT('',(64.4610402896881,-12.,-3.02251855703175));
#1356=CARTESIAN_POINT('',(68.4610402896881,-12.,0.977481442968235));
#1357=CARTESIAN_POINT('Origin',(64.4610402896881,-12.,0.97748144296824));
#1358=CARTESIAN_POINT('',(68.4610402896881,-12.,63.5029937653424));
#1359=CARTESIAN_POINT('',(-10.0000001490116,-12.,-1.12218518410602));
#1360=CARTESIAN_POINT('',(-10.0000001490116,-12.,66.0000009834766));
#1361=CARTESIAN_POINT('',(-10.0000001490116,-12.,-1.12218518410602));
#1362=CARTESIAN_POINT('',(66.6014531969422,-12.,66.0000009834766));
#1363=CARTESIAN_POINT('',(-10.0000001490116,-12.,66.0000009834766));
#1364=CARTESIAN_POINT('',(66.6014531969422,-12.,-1.12218518410602));
#1365=CARTESIAN_POINT('',(66.6014531969422,-12.,66.0000009834766));
#1366=CARTESIAN_POINT('',(66.6014531969422,-12.,-1.12218518410602));
#1367=CARTESIAN_POINT('Origin',(66.6014531969422,0.,66.0000009834766));
#1368=CARTESIAN_POINT('',(-10.0000001490116,17.,66.0000009834766));
#1369=CARTESIAN_POINT('',(-10.0000001490116,0.,66.0000009834766));
#1370=CARTESIAN_POINT('',(66.6014531969422,17.,66.0000009834766));
#1371=CARTESIAN_POINT('',(-10.0000001490116,17.,66.0000009834766));
#1372=CARTESIAN_POINT('',(66.6014531969422,0.,66.0000009834766));
#1373=CARTESIAN_POINT('Origin',(66.6014531969422,0.,-1.12218518410602));
#1374=CARTESIAN_POINT('',(66.6014531969422,17.,-1.12218518410602));
#1375=CARTESIAN_POINT('',(66.6014531969422,17.,66.0000009834766));
#1376=CARTESIAN_POINT('',(66.6014531969422,0.,-1.12218518410602));
#1377=CARTESIAN_POINT('Origin',(-10.0000001490116,0.,-1.12218518410602));
#1378=CARTESIAN_POINT('',(-10.0000001490116,17.,-1.12218518410602));
#1379=CARTESIAN_POINT('',(66.6014531969422,17.,-1.12218518410602));
#1380=CARTESIAN_POINT('',(-10.0000001490116,0.,-1.12218518410602));
#1381=CARTESIAN_POINT('Origin',(-10.0000001490116,0.,66.0000009834766));
#1382=CARTESIAN_POINT('',(-10.0000001490116,17.,-1.12218518410602));
#1383=CARTESIAN_POINT('Origin',(-8.11931415093611,0.,67.5029937653424));
#1384=CARTESIAN_POINT('',(64.4610402896881,17.,67.5029937653424));
#1385=CARTESIAN_POINT('',(64.4610402896881,0.,67.5029937653424));
#1386=CARTESIAN_POINT('',(-8.11931415093611,17.,67.5029937653424));
#1387=CARTESIAN_POINT('',(-8.11931415093611,17.,67.5029937653424));
#1388=CARTESIAN_POINT('',(-8.11931415093611,0.,67.5029937653424));
#1389=CARTESIAN_POINT('Origin',(-8.11931415093611,0.,63.5029937653424));
#1390=CARTESIAN_POINT('',(-12.1193141509361,17.,63.5029937653424));
#1391=CARTESIAN_POINT('Origin',(-8.11931415093611,17.,63.5029937653424));
#1392=CARTESIAN_POINT('',(-12.1193141509361,0.,63.5029937653424));
#1393=CARTESIAN_POINT('Origin',(-12.1193141509361,0.,0.97748144296824));
#1394=CARTESIAN_POINT('',(-12.1193141509361,17.,0.977481442968235));
#1395=CARTESIAN_POINT('',(-12.1193141509361,17.,0.97748144296824));
#1396=CARTESIAN_POINT('',(-12.1193141509361,0.,0.97748144296824));
#1397=CARTESIAN_POINT('Origin',(-8.11931415093611,0.,0.97748144296824));
#1398=CARTESIAN_POINT('',(-8.11931415093611,17.,-3.02251855703176));
#1399=CARTESIAN_POINT('Origin',(-8.11931415093611,17.,0.97748144296824));
#1400=CARTESIAN_POINT('',(-8.11931415093611,0.,-3.02251855703176));
#1401=CARTESIAN_POINT('Origin',(64.4610402896881,0.,-3.02251855703175));
#1402=CARTESIAN_POINT('',(64.4610402896881,17.,-3.02251855703176));
#1403=CARTESIAN_POINT('',(64.4610402896881,17.,-3.02251855703175));
#1404=CARTESIAN_POINT('',(64.4610402896881,0.,-3.02251855703175));
#1405=CARTESIAN_POINT('Origin',(64.4610402896881,0.,0.97748144296824));
#1406=CARTESIAN_POINT('',(68.4610402896881,17.,0.977481442968235));
#1407=CARTESIAN_POINT('Origin',(64.4610402896881,17.,0.97748144296824));
#1408=CARTESIAN_POINT('',(68.4610402896881,0.,0.977481442968235));
#1409=CARTESIAN_POINT('Origin',(68.4610402896881,0.,63.5029937653424));
#1410=CARTESIAN_POINT('',(68.4610402896881,17.,63.5029937653424));
#1411=CARTESIAN_POINT('',(68.4610402896881,17.,63.5029937653424));
#1412=CARTESIAN_POINT('',(68.4610402896881,0.,63.5029937653424));
#1413=CARTESIAN_POINT('Origin',(64.4610402896881,0.,63.5029937653424));
#1414=CARTESIAN_POINT('Origin',(64.4610402896881,17.,63.5029937653424));
#1415=CARTESIAN_POINT('Origin',(28.170863069376,17.,32.2402376041553));
#1416=CARTESIAN_POINT('Origin',(71.4317978964319,0.462463285422892,0.));
#1417=CARTESIAN_POINT('',(66.4397978964319,-9.00000000000001,0.));
#1418=CARTESIAN_POINT('',(66.6128094524813,-9.,0.));
#1419=CARTESIAN_POINT('',(49.8691012740833,-9.00000000000001,0.));
#1420=CARTESIAN_POINT('',(66.4397978964319,-11.,0.));
#1421=CARTESIAN_POINT('',(66.4397978964319,0.462463285422892,0.));
#1422=CARTESIAN_POINT('',(66.6128094524813,-11.,0.));
#1423=CARTESIAN_POINT('',(49.8691012740834,-11.,0.));
#1424=CARTESIAN_POINT('',(66.6128094524813,-5.26876835728855,0.));
#1425=CARTESIAN_POINT('Origin',(66.4397978964319,0.462463285422892,45.));
#1426=CARTESIAN_POINT('',(66.4397978964319,-9.,66.0000009834766));
#1427=CARTESIAN_POINT('',(66.4397978964319,-9.00000000000001,38.7154680877016));
#1428=CARTESIAN_POINT('',(66.4397978964319,-11.,66.0000009834766));
#1429=CARTESIAN_POINT('',(66.4397978964319,-5.26876835728855,66.0000009834766));
#1430=CARTESIAN_POINT('',(66.4397978964319,-11.,38.7154680877016));
#1431=CARTESIAN_POINT('Origin',(66.6128094524813,-11.,66.0000009834766));
#1432=CARTESIAN_POINT('',(66.6128094524813,-11.,-1.13812863267023));
#1433=CARTESIAN_POINT('',(66.6128094524813,-11.,66.0000009834766));
#1434=CARTESIAN_POINT('',(66.6128094524813,-9.,-1.13812863267023));
#1435=CARTESIAN_POINT('',(66.6128094524813,-11.,-1.13812863267023));
#1436=CARTESIAN_POINT('',(66.6128094524813,-9.,66.0000009834766));
#1437=CARTESIAN_POINT('Origin',(28.3064046517348,-11.,32.4309361754032));
#1438=CARTESIAN_POINT('',(-10.0000001490116,-11.,66.0000009834766));
#1439=CARTESIAN_POINT('',(-10.0000001490116,-11.,66.0000009834766));
#1440=CARTESIAN_POINT('',(-10.0000001490116,-11.,-1.13812863267023));
#1441=CARTESIAN_POINT('',(-10.0000001490116,-11.,-1.13812863267023));
#1442=CARTESIAN_POINT('',(66.6128094524813,-11.,-1.13812863267023));
#1443=CARTESIAN_POINT('Origin',(66.6128094524813,-11.,-1.13812863267023));
#1444=CARTESIAN_POINT('',(-10.0000001490116,-9.00000000000001,-1.13812863267023));
#1445=CARTESIAN_POINT('',(-10.0000001490116,-11.,-1.13812863267023));
#1446=CARTESIAN_POINT('',(66.6128094524813,-9.,-1.13812863267023));
#1447=CARTESIAN_POINT('Origin',(-10.0000001490116,-11.,66.0000009834766));
#1448=CARTESIAN_POINT('',(-10.0000001490116,-9.,66.0000009834766));
#1449=CARTESIAN_POINT('',(-10.0000001490116,-9.,66.0000009834766));
#1450=CARTESIAN_POINT('',(-10.0000001490116,-11.,66.0000009834766));
#1451=CARTESIAN_POINT('Origin',(-10.0000001490116,-11.,-1.13812863267023));
#1452=CARTESIAN_POINT('',(-10.0000001490116,-9.00000000000001,-1.13812863267023));
#1453=CARTESIAN_POINT('Origin',(28.3064046517348,-9.00000000000001,32.4309361754032));
#1454=CARTESIAN_POINT('Ctrl Pts',(17.1715316345616,-9.00000013411045,0.));
#1455=CARTESIAN_POINT('Ctrl Pts',(17.1715316345616,-9.00000013411045,2.));
#1456=CARTESIAN_POINT('Ctrl Pts',(17.0631365429478,-8.98286209052236,0.));
#1457=CARTESIAN_POINT('Ctrl Pts',(17.0631365429478,-8.98286209052236,2.));
#1458=CARTESIAN_POINT('Ctrl Pts',(16.7504746816591,-8.93026584753365,0.));
#1459=CARTESIAN_POINT('Ctrl Pts',(16.7504746816591,-8.93026584753365,2.));
#1460=CARTESIAN_POINT('Ctrl Pts',(16.2023351237527,-8.82250694231083,0.));
#1461=CARTESIAN_POINT('Ctrl Pts',(16.2023351237527,-8.82250694231083,2.));
#1462=CARTESIAN_POINT('Ctrl Pts',(15.3866791528849,-8.61873921429907,0.));
#1463=CARTESIAN_POINT('Ctrl Pts',(15.3866791528849,-8.61873921429907,2.));
#1464=CARTESIAN_POINT('Ctrl Pts',(14.310740791354,-8.24491714817718,0.));
#1465=CARTESIAN_POINT('Ctrl Pts',(14.310740791354,-8.24491714817718,2.));
#1466=CARTESIAN_POINT('Ctrl Pts',(13.1671331594691,-7.67449365538176,0.));
#1467=CARTESIAN_POINT('Ctrl Pts',(13.1671331594691,-7.67449365538176,2.));
#1468=CARTESIAN_POINT('Ctrl Pts',(12.1206423613369,-6.9338086644983,0.));
#1469=CARTESIAN_POINT('Ctrl Pts',(12.1206423613369,-6.9338086644983,2.));
#1470=CARTESIAN_POINT('Ctrl Pts',(11.2138323556285,-6.02914576390959,0.));
#1471=CARTESIAN_POINT('Ctrl Pts',(11.2138323556285,-6.02914576390959,2.));
#1472=CARTESIAN_POINT('Ctrl Pts',(10.4724253091949,-4.99085583170602,0.));
#1473=CARTESIAN_POINT('Ctrl Pts',(10.4724253091949,-4.99085583170602,2.));
#1474=CARTESIAN_POINT('Ctrl Pts',(9.90536796232445,-3.87866120232534,0.));
#1475=CARTESIAN_POINT('Ctrl Pts',(9.90536796232445,-3.87866120232534,2.));
#1476=CARTESIAN_POINT('Ctrl Pts',(9.50393170243689,-2.79296844111742,0.));
#1477=CARTESIAN_POINT('Ctrl Pts',(9.50393170243689,-2.79296844111742,2.));
#1478=CARTESIAN_POINT('Ctrl Pts',(9.24433197426523,-1.85935353928644,0.));
#1479=CARTESIAN_POINT('Ctrl Pts',(9.24433197426523,-1.85935353928644,2.));
#1480=CARTESIAN_POINT('Ctrl Pts',(9.09208399431324,-1.19991869094922,0.));
#1481=CARTESIAN_POINT('Ctrl Pts',(9.09208399431324,-1.19991869094922,2.));
#1482=CARTESIAN_POINT('Ctrl Pts',(9.00568893258603,-0.907751892940323,0.));
#1483=CARTESIAN_POINT('Ctrl Pts',(9.00568893258603,-0.907751892940323,2.));
#1484=CARTESIAN_POINT('Ctrl Pts',(8.94054426343168,-1.0221159675339,0.));
#1485=CARTESIAN_POINT('Ctrl Pts',(8.94054426343168,-1.0221159675339,2.));
#1486=CARTESIAN_POINT('Ctrl Pts',(8.85262801337323,-1.49706332344469,0.));
#1487=CARTESIAN_POINT('Ctrl Pts',(8.85262801337323,-1.49706332344469,2.));
#1488=CARTESIAN_POINT('Ctrl Pts',(8.70255067416714,-2.23079868462847,0.));
#1489=CARTESIAN_POINT('Ctrl Pts',(8.70255067416714,-2.23079868462847,2.));
#1490=CARTESIAN_POINT('Ctrl Pts',(8.4591857070973,-3.10155999401797,0.));
#1491=CARTESIAN_POINT('Ctrl Pts',(8.4591857070973,-3.10155999401797,2.));
#1492=CARTESIAN_POINT('Ctrl Pts',(8.10444605053246,-4.00605628259186,0.));
#1493=CARTESIAN_POINT('Ctrl Pts',(8.10444605053246,-4.00605628259186,2.));
#1494=CARTESIAN_POINT('Ctrl Pts',(7.63453747317141,-4.87951620301523,0.));
#1495=CARTESIAN_POINT('Ctrl Pts',(7.63453747317141,-4.87951620301523,2.));
#1496=CARTESIAN_POINT('Ctrl Pts',(7.05543079897126,-5.6831091418096,0.));
#1497=CARTESIAN_POINT('Ctrl Pts',(7.05543079897126,-5.6831091418096,2.));
#1498=CARTESIAN_POINT('Ctrl Pts',(6.37980257589915,-6.39929851460507,0.));
#1499=CARTESIAN_POINT('Ctrl Pts',(6.37980257589915,-6.39929851460507,2.));
#1500=CARTESIAN_POINT('Ctrl Pts',(5.62338906492578,-7.02405335249698,0.));
#1501=CARTESIAN_POINT('Ctrl Pts',(5.62338906492578,-7.02405335249698,2.));
#1502=CARTESIAN_POINT('Ctrl Pts',(4.80182324403474,-7.5608310620032,0.));
#1503=CARTESIAN_POINT('Ctrl Pts',(4.80182324403474,-7.5608310620032,2.));
#1504=CARTESIAN_POINT('Ctrl Pts',(3.9268255042674,-8.01314170551534,0.));
#1505=CARTESIAN_POINT('Ctrl Pts',(3.9268255042674,-8.01314170551534,2.));
#1506=CARTESIAN_POINT('Ctrl Pts',(3.0062458236085,-8.38353187353722,0.));
#1507=CARTESIAN_POINT('Ctrl Pts',(3.0062458236085,-8.38353187353722,2.));
#1508=CARTESIAN_POINT('Ctrl Pts',(2.04499508216664,-8.67395419582513,0.));
#1509=CARTESIAN_POINT('Ctrl Pts',(2.04499508216664,-8.67395419582513,2.));
#1510=CARTESIAN_POINT('Ctrl Pts',(1.24552776114324,-8.84333870841539,0.));
#1511=CARTESIAN_POINT('Ctrl Pts',(1.24552776114324,-8.84333870841539,2.));
#1512=CARTESIAN_POINT('Ctrl Pts',(0.629241400951644,-8.93529012874699,0.));
#1513=CARTESIAN_POINT('Ctrl Pts',(0.629241400951644,-8.93529012874699,2.));
#1514=CARTESIAN_POINT('Ctrl Pts',(0.210980935543908,-8.98102453573585,0.));
#1515=CARTESIAN_POINT('Ctrl Pts',(0.210980935543908,-8.98102453573585,2.));
#1516=CARTESIAN_POINT('Ctrl Pts',(0.,-9.00000013411045,0.));
#1517=CARTESIAN_POINT('Ctrl Pts',(0.,-9.00000013411045,2.));
#1518=CARTESIAN_POINT('',(0.,-9.00000013411045,0.));
#1519=CARTESIAN_POINT('',(17.1715316345616,-9.00000013411045,0.));
#1520=CARTESIAN_POINT('Ctrl Pts',(0.,-9.00000013411045,0.));
#1521=CARTESIAN_POINT('Ctrl Pts',(0.210980935543908,-8.98102453573585,0.));
#1522=CARTESIAN_POINT('Ctrl Pts',(0.629241400951644,-8.93529012874699,0.));
#1523=CARTESIAN_POINT('Ctrl Pts',(1.24552776114324,-8.84333870841539,0.));
#1524=CARTESIAN_POINT('Ctrl Pts',(2.04499508216664,-8.67395419582513,0.));
#1525=CARTESIAN_POINT('Ctrl Pts',(3.0062458236085,-8.38353187353722,0.));
#1526=CARTESIAN_POINT('Ctrl Pts',(3.9268255042674,-8.01314170551534,0.));
#1527=CARTESIAN_POINT('Ctrl Pts',(4.80182324403474,-7.5608310620032,0.));
#1528=CARTESIAN_POINT('Ctrl Pts',(5.62338906492578,-7.02405335249698,0.));
#1529=CARTESIAN_POINT('Ctrl Pts',(6.37980257589915,-6.39929851460507,0.));
#1530=CARTESIAN_POINT('Ctrl Pts',(7.05543079897126,-5.6831091418096,0.));
#1531=CARTESIAN_POINT('Ctrl Pts',(7.63453747317141,-4.87951620301523,0.));
#1532=CARTESIAN_POINT('Ctrl Pts',(8.10444605053246,-4.00605628259186,0.));
#1533=CARTESIAN_POINT('Ctrl Pts',(8.4591857070973,-3.10155999401797,0.));
#1534=CARTESIAN_POINT('Ctrl Pts',(8.70255067416714,-2.23079868462847,0.));
#1535=CARTESIAN_POINT('Ctrl Pts',(8.85262801337323,-1.49706332344469,0.));
#1536=CARTESIAN_POINT('Ctrl Pts',(8.94054426343168,-1.0221159675339,0.));
#1537=CARTESIAN_POINT('Ctrl Pts',(9.00568893258603,-0.907751892940323,0.));
#1538=CARTESIAN_POINT('Ctrl Pts',(9.09208399431324,-1.19991869094922,0.));
#1539=CARTESIAN_POINT('Ctrl Pts',(9.24433197426523,-1.85935353928644,0.));
#1540=CARTESIAN_POINT('Ctrl Pts',(9.50393170243689,-2.79296844111742,0.));
#1541=CARTESIAN_POINT('Ctrl Pts',(9.90536796232445,-3.87866120232534,0.));
#1542=CARTESIAN_POINT('Ctrl Pts',(10.4724253091949,-4.99085583170602,0.));
#1543=CARTESIAN_POINT('Ctrl Pts',(11.2138323556285,-6.02914576390959,0.));
#1544=CARTESIAN_POINT('Ctrl Pts',(12.1206423613369,-6.9338086644983,0.));
#1545=CARTESIAN_POINT('Ctrl Pts',(13.1671331594691,-7.67449365538176,0.));
#1546=CARTESIAN_POINT('Ctrl Pts',(14.310740791354,-8.24491714817718,0.));
#1547=CARTESIAN_POINT('Ctrl Pts',(15.3866791528849,-8.61873921429907,0.));
#1548=CARTESIAN_POINT('Ctrl Pts',(16.2023351237527,-8.82250694231083,0.));
#1549=CARTESIAN_POINT('Ctrl Pts',(16.7504746816591,-8.93026584753365,0.));
#1550=CARTESIAN_POINT('Ctrl Pts',(17.0631365429478,-8.98286209052236,0.));
#1551=CARTESIAN_POINT('Ctrl Pts',(17.1715316345616,-9.00000013411045,0.));
#1552=CARTESIAN_POINT('',(0.,-9.00000013411045,2.));
#1553=CARTESIAN_POINT('',(0.,-9.00000013411045,0.));
#1554=CARTESIAN_POINT('',(17.1715316345616,-9.00000013411045,2.));
#1555=CARTESIAN_POINT('Ctrl Pts',(17.1715316345616,-9.00000013411045,2.));
#1556=CARTESIAN_POINT('Ctrl Pts',(17.0631365429478,-8.98286209052236,2.));
#1557=CARTESIAN_POINT('Ctrl Pts',(16.7504746816591,-8.93026584753365,2.));
#1558=CARTESIAN_POINT('Ctrl Pts',(16.2023351237527,-8.82250694231083,2.));
#1559=CARTESIAN_POINT('Ctrl Pts',(15.3866791528849,-8.61873921429907,2.));
#1560=CARTESIAN_POINT('Ctrl Pts',(14.310740791354,-8.24491714817718,2.));
#1561=CARTESIAN_POINT('Ctrl Pts',(13.1671331594691,-7.67449365538176,2.));
#1562=CARTESIAN_POINT('Ctrl Pts',(12.1206423613369,-6.9338086644983,2.));
#1563=CARTESIAN_POINT('Ctrl Pts',(11.2138323556285,-6.02914576390959,2.));
#1564=CARTESIAN_POINT('Ctrl Pts',(10.4724253091949,-4.99085583170602,2.));
#1565=CARTESIAN_POINT('Ctrl Pts',(9.90536796232445,-3.87866120232534,2.));
#1566=CARTESIAN_POINT('Ctrl Pts',(9.50393170243689,-2.79296844111742,2.));
#1567=CARTESIAN_POINT('Ctrl Pts',(9.24433197426523,-1.85935353928644,2.));
#1568=CARTESIAN_POINT('Ctrl Pts',(9.09208399431324,-1.19991869094922,2.));
#1569=CARTESIAN_POINT('Ctrl Pts',(9.00568893258603,-0.907751892940323,2.));
#1570=CARTESIAN_POINT('Ctrl Pts',(8.94054426343168,-1.0221159675339,2.));
#1571=CARTESIAN_POINT('Ctrl Pts',(8.85262801337323,-1.49706332344469,2.));
#1572=CARTESIAN_POINT('Ctrl Pts',(8.70255067416714,-2.23079868462847,2.));
#1573=CARTESIAN_POINT('Ctrl Pts',(8.4591857070973,-3.10155999401797,2.));
#1574=CARTESIAN_POINT('Ctrl Pts',(8.10444605053246,-4.00605628259186,2.));
#1575=CARTESIAN_POINT('Ctrl Pts',(7.63453747317141,-4.87951620301523,2.));
#1576=CARTESIAN_POINT('Ctrl Pts',(7.05543079897126,-5.6831091418096,2.));
#1577=CARTESIAN_POINT('Ctrl Pts',(6.37980257589915,-6.39929851460507,2.));
#1578=CARTESIAN_POINT('Ctrl Pts',(5.62338906492578,-7.02405335249698,2.));
#1579=CARTESIAN_POINT('Ctrl Pts',(4.80182324403474,-7.5608310620032,2.));
#1580=CARTESIAN_POINT('Ctrl Pts',(3.9268255042674,-8.01314170551534,2.));
#1581=CARTESIAN_POINT('Ctrl Pts',(3.0062458236085,-8.38353187353722,2.));
#1582=CARTESIAN_POINT('Ctrl Pts',(2.04499508216664,-8.67395419582513,2.));
#1583=CARTESIAN_POINT('Ctrl Pts',(1.24552776114324,-8.84333870841539,2.));
#1584=CARTESIAN_POINT('Ctrl Pts',(0.629241400951644,-8.93529012874699,2.));
#1585=CARTESIAN_POINT('Ctrl Pts',(0.210980935543908,-8.98102453573585,2.));
#1586=CARTESIAN_POINT('Ctrl Pts',(0.,-9.00000013411045,2.));
#1587=CARTESIAN_POINT('',(17.1715316345616,-9.00000013411045,0.));
#1588=CARTESIAN_POINT('Origin',(0.,-9.00000013411045,0.));
#1589=CARTESIAN_POINT('',(0.,-9.00000013411045,0.));
#1590=CARTESIAN_POINT('',(0.,-9.00000013411045,2.));
#1591=CARTESIAN_POINT('Origin',(8.58576581728081,-4.95387601352539,2.));
#1592=CARTESIAN_POINT('Origin',(8.58576581728081,-4.95387601352539,0.));
#1593=CARTESIAN_POINT('Ctrl Pts',(17.1715316345616,-9.00000013411045,0.));
#1594=CARTESIAN_POINT('Ctrl Pts',(17.1715316345616,-9.00000013411045,2.));
#1595=CARTESIAN_POINT('Ctrl Pts',(17.0631365429478,-8.98286209052236,0.));
#1596=CARTESIAN_POINT('Ctrl Pts',(17.0631365429478,-8.98286209052236,2.));
#1597=CARTESIAN_POINT('Ctrl Pts',(16.7504746816591,-8.93026584753365,0.));
#1598=CARTESIAN_POINT('Ctrl Pts',(16.7504746816591,-8.93026584753365,2.));
#1599=CARTESIAN_POINT('Ctrl Pts',(16.2023351237527,-8.82250694231083,0.));
#1600=CARTESIAN_POINT('Ctrl Pts',(16.2023351237527,-8.82250694231083,2.));
#1601=CARTESIAN_POINT('Ctrl Pts',(15.3866791528849,-8.61873921429907,0.));
#1602=CARTESIAN_POINT('Ctrl Pts',(15.3866791528849,-8.61873921429907,2.));
#1603=CARTESIAN_POINT('Ctrl Pts',(14.310740791354,-8.24491714817718,0.));
#1604=CARTESIAN_POINT('Ctrl Pts',(14.310740791354,-8.24491714817718,2.));
#1605=CARTESIAN_POINT('Ctrl Pts',(13.1671331594691,-7.67449365538176,0.));
#1606=CARTESIAN_POINT('Ctrl Pts',(13.1671331594691,-7.67449365538176,2.));
#1607=CARTESIAN_POINT('Ctrl Pts',(12.1206423613369,-6.9338086644983,0.));
#1608=CARTESIAN_POINT('Ctrl Pts',(12.1206423613369,-6.9338086644983,2.));
#1609=CARTESIAN_POINT('Ctrl Pts',(11.2138323556285,-6.02914576390959,0.));
#1610=CARTESIAN_POINT('Ctrl Pts',(11.2138323556285,-6.02914576390959,2.));
#1611=CARTESIAN_POINT('Ctrl Pts',(10.4724253091949,-4.99085583170602,0.));
#1612=CARTESIAN_POINT('Ctrl Pts',(10.4724253091949,-4.99085583170602,2.));
#1613=CARTESIAN_POINT('Ctrl Pts',(9.90536796232445,-3.87866120232534,0.));
#1614=CARTESIAN_POINT('Ctrl Pts',(9.90536796232445,-3.87866120232534,2.));
#1615=CARTESIAN_POINT('Ctrl Pts',(9.50393170243689,-2.79296844111742,0.));
#1616=CARTESIAN_POINT('Ctrl Pts',(9.50393170243689,-2.79296844111742,2.));
#1617=CARTESIAN_POINT('Ctrl Pts',(9.24433197426523,-1.85935353928644,0.));
#1618=CARTESIAN_POINT('Ctrl Pts',(9.24433197426523,-1.85935353928644,2.));
#1619=CARTESIAN_POINT('Ctrl Pts',(9.09208399431324,-1.19991869094922,0.));
#1620=CARTESIAN_POINT('Ctrl Pts',(9.09208399431324,-1.19991869094922,2.));
#1621=CARTESIAN_POINT('Ctrl Pts',(9.00568893258603,-0.907751892940323,0.));
#1622=CARTESIAN_POINT('Ctrl Pts',(9.00568893258603,-0.907751892940323,2.));
#1623=CARTESIAN_POINT('Ctrl Pts',(8.94054426343168,-1.0221159675339,0.));
#1624=CARTESIAN_POINT('Ctrl Pts',(8.94054426343168,-1.0221159675339,2.));
#1625=CARTESIAN_POINT('Ctrl Pts',(8.85262801337323,-1.49706332344469,0.));
#1626=CARTESIAN_POINT('Ctrl Pts',(8.85262801337323,-1.49706332344469,2.));
#1627=CARTESIAN_POINT('Ctrl Pts',(8.70255067416714,-2.23079868462847,0.));
#1628=CARTESIAN_POINT('Ctrl Pts',(8.70255067416714,-2.23079868462847,2.));
#1629=CARTESIAN_POINT('Ctrl Pts',(8.4591857070973,-3.10155999401797,0.));
#1630=CARTESIAN_POINT('Ctrl Pts',(8.4591857070973,-3.10155999401797,2.));
#1631=CARTESIAN_POINT('Ctrl Pts',(8.10444605053246,-4.00605628259186,0.));
#1632=CARTESIAN_POINT('Ctrl Pts',(8.10444605053246,-4.00605628259186,2.));
#1633=CARTESIAN_POINT('Ctrl Pts',(7.63453747317141,-4.87951620301523,0.));
#1634=CARTESIAN_POINT('Ctrl Pts',(7.63453747317141,-4.87951620301523,2.));
#1635=CARTESIAN_POINT('Ctrl Pts',(7.05543079897126,-5.6831091418096,0.));
#1636=CARTESIAN_POINT('Ctrl Pts',(7.05543079897126,-5.6831091418096,2.));
#1637=CARTESIAN_POINT('Ctrl Pts',(6.37980257589915,-6.39929851460507,0.));
#1638=CARTESIAN_POINT('Ctrl Pts',(6.37980257589915,-6.39929851460507,2.));
#1639=CARTESIAN_POINT('Ctrl Pts',(5.62338906492578,-7.02405335249698,0.));
#1640=CARTESIAN_POINT('Ctrl Pts',(5.62338906492578,-7.02405335249698,2.));
#1641=CARTESIAN_POINT('Ctrl Pts',(4.80182324403474,-7.5608310620032,0.));
#1642=CARTESIAN_POINT('Ctrl Pts',(4.80182324403474,-7.5608310620032,2.));
#1643=CARTESIAN_POINT('Ctrl Pts',(3.9268255042674,-8.01314170551534,0.));
#1644=CARTESIAN_POINT('Ctrl Pts',(3.9268255042674,-8.01314170551534,2.));
#1645=CARTESIAN_POINT('Ctrl Pts',(3.0062458236085,-8.38353187353722,0.));
#1646=CARTESIAN_POINT('Ctrl Pts',(3.0062458236085,-8.38353187353722,2.));
#1647=CARTESIAN_POINT('Ctrl Pts',(2.04499508216664,-8.67395419582513,0.));
#1648=CARTESIAN_POINT('Ctrl Pts',(2.04499508216664,-8.67395419582513,2.));
#1649=CARTESIAN_POINT('Ctrl Pts',(1.24552776114324,-8.84333870841539,0.));
#1650=CARTESIAN_POINT('Ctrl Pts',(1.24552776114324,-8.84333870841539,2.));
#1651=CARTESIAN_POINT('Ctrl Pts',(0.629241400951644,-8.93529012874699,0.));
#1652=CARTESIAN_POINT('Ctrl Pts',(0.629241400951644,-8.93529012874699,2.));
#1653=CARTESIAN_POINT('Ctrl Pts',(0.210980935543908,-8.98102453573585,0.));
#1654=CARTESIAN_POINT('Ctrl Pts',(0.210980935543908,-8.98102453573585,2.));
#1655=CARTESIAN_POINT('Ctrl Pts',(0.,-9.00000013411045,0.));
#1656=CARTESIAN_POINT('Ctrl Pts',(0.,-9.00000013411045,2.));
#1657=CARTESIAN_POINT('',(0.,-9.00000013411045,0.));
#1658=CARTESIAN_POINT('',(17.1715316345616,-9.00000013411045,0.));
#1659=CARTESIAN_POINT('Ctrl Pts',(0.,-9.00000013411045,0.));
#1660=CARTESIAN_POINT('Ctrl Pts',(0.210980935543908,-8.98102453573585,0.));
#1661=CARTESIAN_POINT('Ctrl Pts',(0.629241400951644,-8.93529012874699,0.));
#1662=CARTESIAN_POINT('Ctrl Pts',(1.24552776114324,-8.84333870841539,0.));
#1663=CARTESIAN_POINT('Ctrl Pts',(2.04499508216664,-8.67395419582513,0.));
#1664=CARTESIAN_POINT('Ctrl Pts',(3.0062458236085,-8.38353187353722,0.));
#1665=CARTESIAN_POINT('Ctrl Pts',(3.9268255042674,-8.01314170551534,0.));
#1666=CARTESIAN_POINT('Ctrl Pts',(4.80182324403474,-7.5608310620032,0.));
#1667=CARTESIAN_POINT('Ctrl Pts',(5.62338906492578,-7.02405335249698,0.));
#1668=CARTESIAN_POINT('Ctrl Pts',(6.37980257589915,-6.39929851460507,0.));
#1669=CARTESIAN_POINT('Ctrl Pts',(7.05543079897126,-5.6831091418096,0.));
#1670=CARTESIAN_POINT('Ctrl Pts',(7.63453747317141,-4.87951620301523,0.));
#1671=CARTESIAN_POINT('Ctrl Pts',(8.10444605053246,-4.00605628259186,0.));
#1672=CARTESIAN_POINT('Ctrl Pts',(8.4591857070973,-3.10155999401797,0.));
#1673=CARTESIAN_POINT('Ctrl Pts',(8.70255067416714,-2.23079868462847,0.));
#1674=CARTESIAN_POINT('Ctrl Pts',(8.85262801337323,-1.49706332344469,0.));
#1675=CARTESIAN_POINT('Ctrl Pts',(8.94054426343168,-1.0221159675339,0.));
#1676=CARTESIAN_POINT('Ctrl Pts',(9.00568893258603,-0.907751892940323,0.));
#1677=CARTESIAN_POINT('Ctrl Pts',(9.09208399431324,-1.19991869094922,0.));
#1678=CARTESIAN_POINT('Ctrl Pts',(9.24433197426523,-1.85935353928644,0.));
#1679=CARTESIAN_POINT('Ctrl Pts',(9.50393170243689,-2.79296844111742,0.));
#1680=CARTESIAN_POINT('Ctrl Pts',(9.90536796232445,-3.87866120232534,0.));
#1681=CARTESIAN_POINT('Ctrl Pts',(10.4724253091949,-4.99085583170602,0.));
#1682=CARTESIAN_POINT('Ctrl Pts',(11.2138323556285,-6.02914576390959,0.));
#1683=CARTESIAN_POINT('Ctrl Pts',(12.1206423613369,-6.9338086644983,0.));
#1684=CARTESIAN_POINT('Ctrl Pts',(13.1671331594691,-7.67449365538176,0.));
#1685=CARTESIAN_POINT('Ctrl Pts',(14.310740791354,-8.24491714817718,0.));
#1686=CARTESIAN_POINT('Ctrl Pts',(15.3866791528849,-8.61873921429907,0.));
#1687=CARTESIAN_POINT('Ctrl Pts',(16.2023351237527,-8.82250694231083,0.));
#1688=CARTESIAN_POINT('Ctrl Pts',(16.7504746816591,-8.93026584753365,0.));
#1689=CARTESIAN_POINT('Ctrl Pts',(17.0631365429478,-8.98286209052236,0.));
#1690=CARTESIAN_POINT('Ctrl Pts',(17.1715316345616,-9.00000013411045,0.));
#1691=CARTESIAN_POINT('',(0.,-9.00000013411045,2.));
#1692=CARTESIAN_POINT('',(0.,-9.00000013411045,0.));
#1693=CARTESIAN_POINT('',(17.1715316345616,-9.00000013411045,2.));
#1694=CARTESIAN_POINT('Ctrl Pts',(17.1715316345616,-9.00000013411045,2.));
#1695=CARTESIAN_POINT('Ctrl Pts',(17.0631365429478,-8.98286209052236,2.));
#1696=CARTESIAN_POINT('Ctrl Pts',(16.7504746816591,-8.93026584753365,2.));
#1697=CARTESIAN_POINT('Ctrl Pts',(16.2023351237527,-8.82250694231083,2.));
#1698=CARTESIAN_POINT('Ctrl Pts',(15.3866791528849,-8.61873921429907,2.));
#1699=CARTESIAN_POINT('Ctrl Pts',(14.310740791354,-8.24491714817718,2.));
#1700=CARTESIAN_POINT('Ctrl Pts',(13.1671331594691,-7.67449365538176,2.));
#1701=CARTESIAN_POINT('Ctrl Pts',(12.1206423613369,-6.9338086644983,2.));
#1702=CARTESIAN_POINT('Ctrl Pts',(11.2138323556285,-6.02914576390959,2.));
#1703=CARTESIAN_POINT('Ctrl Pts',(10.4724253091949,-4.99085583170602,2.));
#1704=CARTESIAN_POINT('Ctrl Pts',(9.90536796232445,-3.87866120232534,2.));
#1705=CARTESIAN_POINT('Ctrl Pts',(9.50393170243689,-2.79296844111742,2.));
#1706=CARTESIAN_POINT('Ctrl Pts',(9.24433197426523,-1.85935353928644,2.));
#1707=CARTESIAN_POINT('Ctrl Pts',(9.09208399431324,-1.19991869094922,2.));
#1708=CARTESIAN_POINT('Ctrl Pts',(9.00568893258603,-0.907751892940323,2.));
#1709=CARTESIAN_POINT('Ctrl Pts',(8.94054426343168,-1.0221159675339,2.));
#1710=CARTESIAN_POINT('Ctrl Pts',(8.85262801337323,-1.49706332344469,2.));
#1711=CARTESIAN_POINT('Ctrl Pts',(8.70255067416714,-2.23079868462847,2.));
#1712=CARTESIAN_POINT('Ctrl Pts',(8.4591857070973,-3.10155999401797,2.));
#1713=CARTESIAN_POINT('Ctrl Pts',(8.10444605053246,-4.00605628259186,2.));
#1714=CARTESIAN_POINT('Ctrl Pts',(7.63453747317141,-4.87951620301523,2.));
#1715=CARTESIAN_POINT('Ctrl Pts',(7.05543079897126,-5.6831091418096,2.));
#1716=CARTESIAN_POINT('Ctrl Pts',(6.37980257589915,-6.39929851460507,2.));
#1717=CARTESIAN_POINT('Ctrl Pts',(5.62338906492578,-7.02405335249698,2.));
#1718=CARTESIAN_POINT('Ctrl Pts',(4.80182324403474,-7.5608310620032,2.));
#1719=CARTESIAN_POINT('Ctrl Pts',(3.9268255042674,-8.01314170551534,2.));
#1720=CARTESIAN_POINT('Ctrl Pts',(3.0062458236085,-8.38353187353722,2.));
#1721=CARTESIAN_POINT('Ctrl Pts',(2.04499508216664,-8.67395419582513,2.));
#1722=CARTESIAN_POINT('Ctrl Pts',(1.24552776114324,-8.84333870841539,2.));
#1723=CARTESIAN_POINT('Ctrl Pts',(0.629241400951644,-8.93529012874699,2.));
#1724=CARTESIAN_POINT('Ctrl Pts',(0.210980935543908,-8.98102453573585,2.));
#1725=CARTESIAN_POINT('Ctrl Pts',(0.,-9.00000013411045,2.));
#1726=CARTESIAN_POINT('',(17.1715316345616,-9.00000013411045,0.));
#1727=CARTESIAN_POINT('Origin',(0.,-9.00000013411045,0.));
#1728=CARTESIAN_POINT('',(0.,-9.00000013411045,0.));
#1729=CARTESIAN_POINT('',(0.,-9.00000013411045,2.));
#1730=CARTESIAN_POINT('Origin',(8.58576581728081,-4.95387601352539,2.));
#1731=CARTESIAN_POINT('Origin',(8.58576581728081,-4.95387601352539,0.));
#1732=CARTESIAN_POINT('Ctrl Pts',(17.1715316345616,-9.00000013411045,63.));
#1733=CARTESIAN_POINT('Ctrl Pts',(17.1715316345616,-9.00000013411045,65.));
#1734=CARTESIAN_POINT('Ctrl Pts',(17.0631365429478,-8.98286209052236,63.));
#1735=CARTESIAN_POINT('Ctrl Pts',(17.0631365429478,-8.98286209052236,65.));
#1736=CARTESIAN_POINT('Ctrl Pts',(16.7504746816591,-8.93026584753365,63.));
#1737=CARTESIAN_POINT('Ctrl Pts',(16.7504746816591,-8.93026584753365,65.));
#1738=CARTESIAN_POINT('Ctrl Pts',(16.2023351237527,-8.82250694231083,63.));
#1739=CARTESIAN_POINT('Ctrl Pts',(16.2023351237527,-8.82250694231083,65.));
#1740=CARTESIAN_POINT('Ctrl Pts',(15.3866791528849,-8.61873921429907,63.));
#1741=CARTESIAN_POINT('Ctrl Pts',(15.3866791528849,-8.61873921429907,65.));
#1742=CARTESIAN_POINT('Ctrl Pts',(14.310740791354,-8.24491714817718,63.));
#1743=CARTESIAN_POINT('Ctrl Pts',(14.310740791354,-8.24491714817718,65.));
#1744=CARTESIAN_POINT('Ctrl Pts',(13.1671331594691,-7.67449365538176,63.));
#1745=CARTESIAN_POINT('Ctrl Pts',(13.1671331594691,-7.67449365538176,65.));
#1746=CARTESIAN_POINT('Ctrl Pts',(12.1206423613369,-6.9338086644983,63.));
#1747=CARTESIAN_POINT('Ctrl Pts',(12.1206423613369,-6.9338086644983,65.));
#1748=CARTESIAN_POINT('Ctrl Pts',(11.2138323556285,-6.02914576390959,63.));
#1749=CARTESIAN_POINT('Ctrl Pts',(11.2138323556285,-6.02914576390959,65.));
#1750=CARTESIAN_POINT('Ctrl Pts',(10.4724253091949,-4.99085583170602,63.));
#1751=CARTESIAN_POINT('Ctrl Pts',(10.4724253091949,-4.99085583170602,65.));
#1752=CARTESIAN_POINT('Ctrl Pts',(9.90536796232445,-3.87866120232534,63.));
#1753=CARTESIAN_POINT('Ctrl Pts',(9.90536796232445,-3.87866120232534,65.));
#1754=CARTESIAN_POINT('Ctrl Pts',(9.50393170243689,-2.79296844111742,63.));
#1755=CARTESIAN_POINT('Ctrl Pts',(9.50393170243689,-2.79296844111742,65.));
#1756=CARTESIAN_POINT('Ctrl Pts',(9.24433197426523,-1.85935353928644,63.));
#1757=CARTESIAN_POINT('Ctrl Pts',(9.24433197426523,-1.85935353928644,65.));
#1758=CARTESIAN_POINT('Ctrl Pts',(9.09208399431324,-1.19991869094922,63.));
#1759=CARTESIAN_POINT('Ctrl Pts',(9.09208399431324,-1.19991869094922,65.));
#1760=CARTESIAN_POINT('Ctrl Pts',(9.00568893258603,-0.907751892940323,63.));
#1761=CARTESIAN_POINT('Ctrl Pts',(9.00568893258603,-0.907751892940323,65.));
#1762=CARTESIAN_POINT('Ctrl Pts',(8.94054426343168,-1.0221159675339,63.));
#1763=CARTESIAN_POINT('Ctrl Pts',(8.94054426343168,-1.0221159675339,65.));
#1764=CARTESIAN_POINT('Ctrl Pts',(8.85262801337323,-1.49706332344469,63.));
#1765=CARTESIAN_POINT('Ctrl Pts',(8.85262801337323,-1.49706332344469,65.));
#1766=CARTESIAN_POINT('Ctrl Pts',(8.70255067416714,-2.23079868462847,63.));
#1767=CARTESIAN_POINT('Ctrl Pts',(8.70255067416714,-2.23079868462847,65.));
#1768=CARTESIAN_POINT('Ctrl Pts',(8.4591857070973,-3.10155999401797,63.));
#1769=CARTESIAN_POINT('Ctrl Pts',(8.4591857070973,-3.10155999401797,65.));
#1770=CARTESIAN_POINT('Ctrl Pts',(8.10444605053246,-4.00605628259186,63.));
#1771=CARTESIAN_POINT('Ctrl Pts',(8.10444605053246,-4.00605628259186,65.));
#1772=CARTESIAN_POINT('Ctrl Pts',(7.63453747317141,-4.87951620301523,63.));
#1773=CARTESIAN_POINT('Ctrl Pts',(7.63453747317141,-4.87951620301523,65.));
#1774=CARTESIAN_POINT('Ctrl Pts',(7.05543079897126,-5.6831091418096,63.));
#1775=CARTESIAN_POINT('Ctrl Pts',(7.05543079897126,-5.6831091418096,65.));
#1776=CARTESIAN_POINT('Ctrl Pts',(6.37980257589915,-6.39929851460507,63.));
#1777=CARTESIAN_POINT('Ctrl Pts',(6.37980257589915,-6.39929851460507,65.));
#1778=CARTESIAN_POINT('Ctrl Pts',(5.62338906492578,-7.02405335249698,63.));
#1779=CARTESIAN_POINT('Ctrl Pts',(5.62338906492578,-7.02405335249698,65.));
#1780=CARTESIAN_POINT('Ctrl Pts',(4.80182324403474,-7.5608310620032,63.));
#1781=CARTESIAN_POINT('Ctrl Pts',(4.80182324403474,-7.5608310620032,65.));
#1782=CARTESIAN_POINT('Ctrl Pts',(3.9268255042674,-8.01314170551534,63.));
#1783=CARTESIAN_POINT('Ctrl Pts',(3.9268255042674,-8.01314170551534,65.));
#1784=CARTESIAN_POINT('Ctrl Pts',(3.0062458236085,-8.38353187353722,63.));
#1785=CARTESIAN_POINT('Ctrl Pts',(3.0062458236085,-8.38353187353722,65.));
#1786=CARTESIAN_POINT('Ctrl Pts',(2.04499508216664,-8.67395419582513,63.));
#1787=CARTESIAN_POINT('Ctrl Pts',(2.04499508216664,-8.67395419582513,65.));
#1788=CARTESIAN_POINT('Ctrl Pts',(1.24552776114324,-8.84333870841539,63.));
#1789=CARTESIAN_POINT('Ctrl Pts',(1.24552776114324,-8.84333870841539,65.));
#1790=CARTESIAN_POINT('Ctrl Pts',(0.629241400951644,-8.93529012874699,63.));
#1791=CARTESIAN_POINT('Ctrl Pts',(0.629241400951644,-8.93529012874699,65.));
#1792=CARTESIAN_POINT('Ctrl Pts',(0.210980935543908,-8.98102453573585,63.));
#1793=CARTESIAN_POINT('Ctrl Pts',(0.210980935543908,-8.98102453573585,65.));
#1794=CARTESIAN_POINT('Ctrl Pts',(0.,-9.00000013411045,63.));
#1795=CARTESIAN_POINT('Ctrl Pts',(0.,-9.00000013411045,65.));
#1796=CARTESIAN_POINT('',(0.,-9.00000013411045,63.));
#1797=CARTESIAN_POINT('',(17.1715316345616,-9.00000013411045,63.));
#1798=CARTESIAN_POINT('Ctrl Pts',(0.,-9.00000013411045,63.));
#1799=CARTESIAN_POINT('Ctrl Pts',(0.210980935543908,-8.98102453573585,63.));
#1800=CARTESIAN_POINT('Ctrl Pts',(0.629241400951644,-8.93529012874699,63.));
#1801=CARTESIAN_POINT('Ctrl Pts',(1.24552776114324,-8.84333870841539,63.));
#1802=CARTESIAN_POINT('Ctrl Pts',(2.04499508216664,-8.67395419582513,63.));
#1803=CARTESIAN_POINT('Ctrl Pts',(3.0062458236085,-8.38353187353722,63.));
#1804=CARTESIAN_POINT('Ctrl Pts',(3.9268255042674,-8.01314170551534,63.));
#1805=CARTESIAN_POINT('Ctrl Pts',(4.80182324403474,-7.5608310620032,63.));
#1806=CARTESIAN_POINT('Ctrl Pts',(5.62338906492578,-7.02405335249698,63.));
#1807=CARTESIAN_POINT('Ctrl Pts',(6.37980257589915,-6.39929851460507,63.));
#1808=CARTESIAN_POINT('Ctrl Pts',(7.05543079897126,-5.6831091418096,63.));
#1809=CARTESIAN_POINT('Ctrl Pts',(7.63453747317141,-4.87951620301523,63.));
#1810=CARTESIAN_POINT('Ctrl Pts',(8.10444605053246,-4.00605628259186,63.));
#1811=CARTESIAN_POINT('Ctrl Pts',(8.4591857070973,-3.10155999401797,63.));
#1812=CARTESIAN_POINT('Ctrl Pts',(8.70255067416714,-2.23079868462847,63.));
#1813=CARTESIAN_POINT('Ctrl Pts',(8.85262801337323,-1.49706332344469,63.));
#1814=CARTESIAN_POINT('Ctrl Pts',(8.94054426343168,-1.0221159675339,63.));
#1815=CARTESIAN_POINT('Ctrl Pts',(9.00568893258603,-0.907751892940323,63.));
#1816=CARTESIAN_POINT('Ctrl Pts',(9.09208399431324,-1.19991869094922,63.));
#1817=CARTESIAN_POINT('Ctrl Pts',(9.24433197426523,-1.85935353928644,63.));
#1818=CARTESIAN_POINT('Ctrl Pts',(9.50393170243689,-2.79296844111742,63.));
#1819=CARTESIAN_POINT('Ctrl Pts',(9.90536796232445,-3.87866120232534,63.));
#1820=CARTESIAN_POINT('Ctrl Pts',(10.4724253091949,-4.99085583170602,63.));
#1821=CARTESIAN_POINT('Ctrl Pts',(11.2138323556285,-6.02914576390959,63.));
#1822=CARTESIAN_POINT('Ctrl Pts',(12.1206423613369,-6.9338086644983,63.));
#1823=CARTESIAN_POINT('Ctrl Pts',(13.1671331594691,-7.67449365538176,63.));
#1824=CARTESIAN_POINT('Ctrl Pts',(14.310740791354,-8.24491714817718,63.));
#1825=CARTESIAN_POINT('Ctrl Pts',(15.3866791528849,-8.61873921429907,63.));
#1826=CARTESIAN_POINT('Ctrl Pts',(16.2023351237527,-8.82250694231083,63.));
#1827=CARTESIAN_POINT('Ctrl Pts',(16.7504746816591,-8.93026584753365,63.));
#1828=CARTESIAN_POINT('Ctrl Pts',(17.0631365429478,-8.98286209052236,63.));
#1829=CARTESIAN_POINT('Ctrl Pts',(17.1715316345616,-9.00000013411045,63.));
#1830=CARTESIAN_POINT('',(0.,-9.00000013411045,65.));
#1831=CARTESIAN_POINT('',(0.,-9.00000013411045,63.));
#1832=CARTESIAN_POINT('',(17.1715316345616,-9.00000013411045,65.));
#1833=CARTESIAN_POINT('Ctrl Pts',(17.1715316345616,-9.00000013411045,65.));
#1834=CARTESIAN_POINT('Ctrl Pts',(17.0631365429478,-8.98286209052236,65.));
#1835=CARTESIAN_POINT('Ctrl Pts',(16.7504746816591,-8.93026584753365,65.));
#1836=CARTESIAN_POINT('Ctrl Pts',(16.2023351237527,-8.82250694231083,65.));
#1837=CARTESIAN_POINT('Ctrl Pts',(15.3866791528849,-8.61873921429907,65.));
#1838=CARTESIAN_POINT('Ctrl Pts',(14.310740791354,-8.24491714817718,65.));
#1839=CARTESIAN_POINT('Ctrl Pts',(13.1671331594691,-7.67449365538176,65.));
#1840=CARTESIAN_POINT('Ctrl Pts',(12.1206423613369,-6.9338086644983,65.));
#1841=CARTESIAN_POINT('Ctrl Pts',(11.2138323556285,-6.02914576390959,65.));
#1842=CARTESIAN_POINT('Ctrl Pts',(10.4724253091949,-4.99085583170602,65.));
#1843=CARTESIAN_POINT('Ctrl Pts',(9.90536796232445,-3.87866120232534,65.));
#1844=CARTESIAN_POINT('Ctrl Pts',(9.50393170243689,-2.79296844111742,65.));
#1845=CARTESIAN_POINT('Ctrl Pts',(9.24433197426523,-1.85935353928644,65.));
#1846=CARTESIAN_POINT('Ctrl Pts',(9.09208399431324,-1.19991869094922,65.));
#1847=CARTESIAN_POINT('Ctrl Pts',(9.00568893258603,-0.907751892940323,65.));
#1848=CARTESIAN_POINT('Ctrl Pts',(8.94054426343168,-1.0221159675339,65.));
#1849=CARTESIAN_POINT('Ctrl Pts',(8.85262801337323,-1.49706332344469,65.));
#1850=CARTESIAN_POINT('Ctrl Pts',(8.70255067416714,-2.23079868462847,65.));
#1851=CARTESIAN_POINT('Ctrl Pts',(8.4591857070973,-3.10155999401797,65.));
#1852=CARTESIAN_POINT('Ctrl Pts',(8.10444605053246,-4.00605628259186,65.));
#1853=CARTESIAN_POINT('Ctrl Pts',(7.63453747317141,-4.87951620301523,65.));
#1854=CARTESIAN_POINT('Ctrl Pts',(7.05543079897126,-5.6831091418096,65.));
#1855=CARTESIAN_POINT('Ctrl Pts',(6.37980257589915,-6.39929851460507,65.));
#1856=CARTESIAN_POINT('Ctrl Pts',(5.62338906492578,-7.02405335249698,65.));
#1857=CARTESIAN_POINT('Ctrl Pts',(4.80182324403474,-7.5608310620032,65.));
#1858=CARTESIAN_POINT('Ctrl Pts',(3.9268255042674,-8.01314170551534,65.));
#1859=CARTESIAN_POINT('Ctrl Pts',(3.0062458236085,-8.38353187353722,65.));
#1860=CARTESIAN_POINT('Ctrl Pts',(2.04499508216664,-8.67395419582513,65.));
#1861=CARTESIAN_POINT('Ctrl Pts',(1.24552776114324,-8.84333870841539,65.));
#1862=CARTESIAN_POINT('Ctrl Pts',(0.629241400951644,-8.93529012874699,65.));
#1863=CARTESIAN_POINT('Ctrl Pts',(0.210980935543908,-8.98102453573585,65.));
#1864=CARTESIAN_POINT('Ctrl Pts',(0.,-9.00000013411045,65.));
#1865=CARTESIAN_POINT('',(17.1715316345616,-9.00000013411045,63.));
#1866=CARTESIAN_POINT('Origin',(0.,-9.00000013411045,63.));
#1867=CARTESIAN_POINT('',(0.,-9.00000013411045,63.));
#1868=CARTESIAN_POINT('',(0.,-9.00000013411045,65.));
#1869=CARTESIAN_POINT('Origin',(8.58576581728081,-4.95387601352539,65.));
#1870=CARTESIAN_POINT('Origin',(8.58576581728081,-4.95387601352539,63.));
#1871=CARTESIAN_POINT('Ctrl Pts',(35.1715316345616,-9.00000013411045,63.));
#1872=CARTESIAN_POINT('Ctrl Pts',(35.1715316345616,-9.00000013411045,65.));
#1873=CARTESIAN_POINT('Ctrl Pts',(35.0631365429478,-8.98286209052236,63.));
#1874=CARTESIAN_POINT('Ctrl Pts',(35.0631365429478,-8.98286209052236,65.));
#1875=CARTESIAN_POINT('Ctrl Pts',(34.7504746816591,-8.93026584753365,63.));
#1876=CARTESIAN_POINT('Ctrl Pts',(34.7504746816591,-8.93026584753365,65.));
#1877=CARTESIAN_POINT('Ctrl Pts',(34.2023351237527,-8.82250694231083,63.));
#1878=CARTESIAN_POINT('Ctrl Pts',(34.2023351237527,-8.82250694231083,65.));
#1879=CARTESIAN_POINT('Ctrl Pts',(33.3866791528849,-8.61873921429907,63.));
#1880=CARTESIAN_POINT('Ctrl Pts',(33.3866791528849,-8.61873921429907,65.));
#1881=CARTESIAN_POINT('Ctrl Pts',(32.310740791354,-8.24491714817718,63.));
#1882=CARTESIAN_POINT('Ctrl Pts',(32.310740791354,-8.24491714817718,65.));
#1883=CARTESIAN_POINT('Ctrl Pts',(31.1671331594691,-7.67449365538176,63.));
#1884=CARTESIAN_POINT('Ctrl Pts',(31.1671331594691,-7.67449365538176,65.));
#1885=CARTESIAN_POINT('Ctrl Pts',(30.1206423613369,-6.9338086644983,63.));
#1886=CARTESIAN_POINT('Ctrl Pts',(30.1206423613369,-6.9338086644983,65.));
#1887=CARTESIAN_POINT('Ctrl Pts',(29.2138323556285,-6.02914576390959,63.));
#1888=CARTESIAN_POINT('Ctrl Pts',(29.2138323556285,-6.02914576390959,65.));
#1889=CARTESIAN_POINT('Ctrl Pts',(28.4724253091949,-4.99085583170602,63.));
#1890=CARTESIAN_POINT('Ctrl Pts',(28.4724253091949,-4.99085583170602,65.));
#1891=CARTESIAN_POINT('Ctrl Pts',(27.9053679623244,-3.87866120232534,63.));
#1892=CARTESIAN_POINT('Ctrl Pts',(27.9053679623244,-3.87866120232534,65.));
#1893=CARTESIAN_POINT('Ctrl Pts',(27.5039317024369,-2.79296844111742,63.));
#1894=CARTESIAN_POINT('Ctrl Pts',(27.5039317024369,-2.79296844111742,65.));
#1895=CARTESIAN_POINT('Ctrl Pts',(27.2443319742652,-1.85935353928644,63.));
#1896=CARTESIAN_POINT('Ctrl Pts',(27.2443319742652,-1.85935353928644,65.));
#1897=CARTESIAN_POINT('Ctrl Pts',(27.0920839943132,-1.19991869094922,63.));
#1898=CARTESIAN_POINT('Ctrl Pts',(27.0920839943132,-1.19991869094922,65.));
#1899=CARTESIAN_POINT('Ctrl Pts',(27.005688932586,-0.907751892940323,63.));
#1900=CARTESIAN_POINT('Ctrl Pts',(27.005688932586,-0.907751892940323,65.));
#1901=CARTESIAN_POINT('Ctrl Pts',(26.9405442634317,-1.0221159675339,63.));
#1902=CARTESIAN_POINT('Ctrl Pts',(26.9405442634317,-1.0221159675339,65.));
#1903=CARTESIAN_POINT('Ctrl Pts',(26.8526280133732,-1.49706332344469,63.));
#1904=CARTESIAN_POINT('Ctrl Pts',(26.8526280133732,-1.49706332344469,65.));
#1905=CARTESIAN_POINT('Ctrl Pts',(26.7025506741671,-2.23079868462847,63.));
#1906=CARTESIAN_POINT('Ctrl Pts',(26.7025506741671,-2.23079868462847,65.));
#1907=CARTESIAN_POINT('Ctrl Pts',(26.4591857070973,-3.10155999401797,63.));
#1908=CARTESIAN_POINT('Ctrl Pts',(26.4591857070973,-3.10155999401797,65.));
#1909=CARTESIAN_POINT('Ctrl Pts',(26.1044460505325,-4.00605628259186,63.));
#1910=CARTESIAN_POINT('Ctrl Pts',(26.1044460505325,-4.00605628259186,65.));
#1911=CARTESIAN_POINT('Ctrl Pts',(25.6345374731714,-4.87951620301523,63.));
#1912=CARTESIAN_POINT('Ctrl Pts',(25.6345374731714,-4.87951620301523,65.));
#1913=CARTESIAN_POINT('Ctrl Pts',(25.0554307989713,-5.6831091418096,63.));
#1914=CARTESIAN_POINT('Ctrl Pts',(25.0554307989713,-5.6831091418096,65.));
#1915=CARTESIAN_POINT('Ctrl Pts',(24.3798025758991,-6.39929851460507,63.));
#1916=CARTESIAN_POINT('Ctrl Pts',(24.3798025758991,-6.39929851460507,65.));
#1917=CARTESIAN_POINT('Ctrl Pts',(23.6233890649258,-7.02405335249698,63.));
#1918=CARTESIAN_POINT('Ctrl Pts',(23.6233890649258,-7.02405335249698,65.));
#1919=CARTESIAN_POINT('Ctrl Pts',(22.8018232440347,-7.5608310620032,63.));
#1920=CARTESIAN_POINT('Ctrl Pts',(22.8018232440347,-7.5608310620032,65.));
#1921=CARTESIAN_POINT('Ctrl Pts',(21.9268255042674,-8.01314170551534,63.));
#1922=CARTESIAN_POINT('Ctrl Pts',(21.9268255042674,-8.01314170551534,65.));
#1923=CARTESIAN_POINT('Ctrl Pts',(21.0062458236085,-8.38353187353722,63.));
#1924=CARTESIAN_POINT('Ctrl Pts',(21.0062458236085,-8.38353187353722,65.));
#1925=CARTESIAN_POINT('Ctrl Pts',(20.0449950821666,-8.67395419582513,63.));
#1926=CARTESIAN_POINT('Ctrl Pts',(20.0449950821666,-8.67395419582513,65.));
#1927=CARTESIAN_POINT('Ctrl Pts',(19.2455277611432,-8.84333870841539,63.));
#1928=CARTESIAN_POINT('Ctrl Pts',(19.2455277611432,-8.84333870841539,65.));
#1929=CARTESIAN_POINT('Ctrl Pts',(18.6292414009516,-8.93529012874699,63.));
#1930=CARTESIAN_POINT('Ctrl Pts',(18.6292414009516,-8.93529012874699,65.));
#1931=CARTESIAN_POINT('Ctrl Pts',(18.2109809355439,-8.98102453573585,63.));
#1932=CARTESIAN_POINT('Ctrl Pts',(18.2109809355439,-8.98102453573585,65.));
#1933=CARTESIAN_POINT('Ctrl Pts',(18.,-9.00000013411045,63.));
#1934=CARTESIAN_POINT('Ctrl Pts',(18.,-9.00000013411045,65.));
#1935=CARTESIAN_POINT('',(18.,-9.00000013411045,63.));
#1936=CARTESIAN_POINT('',(35.1715316345616,-9.00000013411045,63.));
#1937=CARTESIAN_POINT('Ctrl Pts',(18.,-9.00000013411045,63.));
#1938=CARTESIAN_POINT('Ctrl Pts',(18.2109809355439,-8.98102453573585,63.));
#1939=CARTESIAN_POINT('Ctrl Pts',(18.6292414009516,-8.93529012874699,63.));
#1940=CARTESIAN_POINT('Ctrl Pts',(19.2455277611432,-8.84333870841539,63.));
#1941=CARTESIAN_POINT('Ctrl Pts',(20.0449950821666,-8.67395419582513,63.));
#1942=CARTESIAN_POINT('Ctrl Pts',(21.0062458236085,-8.38353187353722,63.));
#1943=CARTESIAN_POINT('Ctrl Pts',(21.9268255042674,-8.01314170551534,63.));
#1944=CARTESIAN_POINT('Ctrl Pts',(22.8018232440347,-7.5608310620032,63.));
#1945=CARTESIAN_POINT('Ctrl Pts',(23.6233890649258,-7.02405335249698,63.));
#1946=CARTESIAN_POINT('Ctrl Pts',(24.3798025758991,-6.39929851460507,63.));
#1947=CARTESIAN_POINT('Ctrl Pts',(25.0554307989713,-5.6831091418096,63.));
#1948=CARTESIAN_POINT('Ctrl Pts',(25.6345374731714,-4.87951620301523,63.));
#1949=CARTESIAN_POINT('Ctrl Pts',(26.1044460505325,-4.00605628259186,63.));
#1950=CARTESIAN_POINT('Ctrl Pts',(26.4591857070973,-3.10155999401797,63.));
#1951=CARTESIAN_POINT('Ctrl Pts',(26.7025506741671,-2.23079868462847,63.));
#1952=CARTESIAN_POINT('Ctrl Pts',(26.8526280133732,-1.49706332344469,63.));
#1953=CARTESIAN_POINT('Ctrl Pts',(26.9405442634317,-1.0221159675339,63.));
#1954=CARTESIAN_POINT('Ctrl Pts',(27.005688932586,-0.907751892940323,63.));
#1955=CARTESIAN_POINT('Ctrl Pts',(27.0920839943132,-1.19991869094922,63.));
#1956=CARTESIAN_POINT('Ctrl Pts',(27.2443319742652,-1.85935353928644,63.));
#1957=CARTESIAN_POINT('Ctrl Pts',(27.5039317024369,-2.79296844111742,63.));
#1958=CARTESIAN_POINT('Ctrl Pts',(27.9053679623244,-3.87866120232534,63.));
#1959=CARTESIAN_POINT('Ctrl Pts',(28.4724253091949,-4.99085583170602,63.));
#1960=CARTESIAN_POINT('Ctrl Pts',(29.2138323556285,-6.02914576390959,63.));
#1961=CARTESIAN_POINT('Ctrl Pts',(30.1206423613369,-6.9338086644983,63.));
#1962=CARTESIAN_POINT('Ctrl Pts',(31.1671331594691,-7.67449365538176,63.));
#1963=CARTESIAN_POINT('Ctrl Pts',(32.310740791354,-8.24491714817718,63.));
#1964=CARTESIAN_POINT('Ctrl Pts',(33.3866791528849,-8.61873921429907,63.));
#1965=CARTESIAN_POINT('Ctrl Pts',(34.2023351237527,-8.82250694231083,63.));
#1966=CARTESIAN_POINT('Ctrl Pts',(34.7504746816591,-8.93026584753365,63.));
#1967=CARTESIAN_POINT('Ctrl Pts',(35.0631365429478,-8.98286209052236,63.));
#1968=CARTESIAN_POINT('Ctrl Pts',(35.1715316345616,-9.00000013411045,63.));
#1969=CARTESIAN_POINT('',(18.,-9.00000013411045,65.));
#1970=CARTESIAN_POINT('',(18.,-9.00000013411045,63.));
#1971=CARTESIAN_POINT('',(35.1715316345616,-9.00000013411045,65.));
#1972=CARTESIAN_POINT('Ctrl Pts',(35.1715316345616,-9.00000013411045,65.));
#1973=CARTESIAN_POINT('Ctrl Pts',(35.0631365429478,-8.98286209052236,65.));
#1974=CARTESIAN_POINT('Ctrl Pts',(34.7504746816591,-8.93026584753365,65.));
#1975=CARTESIAN_POINT('Ctrl Pts',(34.2023351237527,-8.82250694231083,65.));
#1976=CARTESIAN_POINT('Ctrl Pts',(33.3866791528849,-8.61873921429907,65.));
#1977=CARTESIAN_POINT('Ctrl Pts',(32.310740791354,-8.24491714817718,65.));
#1978=CARTESIAN_POINT('Ctrl Pts',(31.1671331594691,-7.67449365538176,65.));
#1979=CARTESIAN_POINT('Ctrl Pts',(30.1206423613369,-6.9338086644983,65.));
#1980=CARTESIAN_POINT('Ctrl Pts',(29.2138323556285,-6.02914576390959,65.));
#1981=CARTESIAN_POINT('Ctrl Pts',(28.4724253091949,-4.99085583170602,65.));
#1982=CARTESIAN_POINT('Ctrl Pts',(27.9053679623244,-3.87866120232534,65.));
#1983=CARTESIAN_POINT('Ctrl Pts',(27.5039317024369,-2.79296844111742,65.));
#1984=CARTESIAN_POINT('Ctrl Pts',(27.2443319742652,-1.85935353928644,65.));
#1985=CARTESIAN_POINT('Ctrl Pts',(27.0920839943132,-1.19991869094922,65.));
#1986=CARTESIAN_POINT('Ctrl Pts',(27.005688932586,-0.907751892940323,65.));
#1987=CARTESIAN_POINT('Ctrl Pts',(26.9405442634317,-1.0221159675339,65.));
#1988=CARTESIAN_POINT('Ctrl Pts',(26.8526280133732,-1.49706332344469,65.));
#1989=CARTESIAN_POINT('Ctrl Pts',(26.7025506741671,-2.23079868462847,65.));
#1990=CARTESIAN_POINT('Ctrl Pts',(26.4591857070973,-3.10155999401797,65.));
#1991=CARTESIAN_POINT('Ctrl Pts',(26.1044460505325,-4.00605628259186,65.));
#1992=CARTESIAN_POINT('Ctrl Pts',(25.6345374731714,-4.87951620301523,65.));
#1993=CARTESIAN_POINT('Ctrl Pts',(25.0554307989713,-5.6831091418096,65.));
#1994=CARTESIAN_POINT('Ctrl Pts',(24.3798025758991,-6.39929851460507,65.));
#1995=CARTESIAN_POINT('Ctrl Pts',(23.6233890649258,-7.02405335249698,65.));
#1996=CARTESIAN_POINT('Ctrl Pts',(22.8018232440347,-7.5608310620032,65.));
#1997=CARTESIAN_POINT('Ctrl Pts',(21.9268255042674,-8.01314170551534,65.));
#1998=CARTESIAN_POINT('Ctrl Pts',(21.0062458236085,-8.38353187353722,65.));
#1999=CARTESIAN_POINT('Ctrl Pts',(20.0449950821666,-8.67395419582513,65.));
#2000=CARTESIAN_POINT('Ctrl Pts',(19.2455277611432,-8.84333870841539,65.));
#2001=CARTESIAN_POINT('Ctrl Pts',(18.6292414009516,-8.93529012874699,65.));
#2002=CARTESIAN_POINT('Ctrl Pts',(18.2109809355439,-8.98102453573585,65.));
#2003=CARTESIAN_POINT('Ctrl Pts',(18.,-9.00000013411045,65.));
#2004=CARTESIAN_POINT('',(35.1715316345616,-9.00000013411045,63.));
#2005=CARTESIAN_POINT('Origin',(18.,-9.00000013411045,63.));
#2006=CARTESIAN_POINT('',(18.,-9.00000013411045,63.));
#2007=CARTESIAN_POINT('',(18.,-9.00000013411045,65.));
#2008=CARTESIAN_POINT('Origin',(26.5857658172808,-4.95387601352539,65.));
#2009=CARTESIAN_POINT('Origin',(26.5857658172808,-4.95387601352539,63.));
#2010=CARTESIAN_POINT('Origin',(66.4397978964319,0.462463285422892,45.));
#2011=CARTESIAN_POINT('',(66.4397978964319,-9.00000013411045,63.));
#2012=CARTESIAN_POINT('',(66.4397978964319,-9.00000013411045,65.));
#2013=CARTESIAN_POINT('',(66.4397978964319,-9.00000013411045,54.));
#2014=CARTESIAN_POINT('',(66.4397978964319,-7.12156778282129,63.));
#2015=CARTESIAN_POINT('',(66.4397978964319,-2.24570636405125,63.));
#2016=CARTESIAN_POINT('',(66.4397978964319,-7.12156778282129,65.));
#2017=CARTESIAN_POINT('Ctrl Pts',(66.4397978964319,-7.12156778282129,65.));
#2018=CARTESIAN_POINT('Ctrl Pts',(66.4397978964319,-7.12156778282129,64.6666666666667));
#2019=CARTESIAN_POINT('Ctrl Pts',(66.4397978964319,-7.12156778282129,64.3333333333333));
#2020=CARTESIAN_POINT('Ctrl Pts',(66.4397978964319,-7.12156778282129,63.6666666666667));
#2021=CARTESIAN_POINT('Ctrl Pts',(66.4397978964319,-7.12156778282129,63.3333333333333));
#2022=CARTESIAN_POINT('Ctrl Pts',(66.4397978964319,-7.12156778282129,63.));
#2023=CARTESIAN_POINT('',(66.4397978964319,-2.24570636405125,65.));
#2024=CARTESIAN_POINT('Ctrl Pts',(71.1715316345616,-9.00000013411045,63.));
#2025=CARTESIAN_POINT('Ctrl Pts',(71.1715316345616,-9.00000013411045,65.));
#2026=CARTESIAN_POINT('Ctrl Pts',(71.0631365429478,-8.98286209052236,63.));
#2027=CARTESIAN_POINT('Ctrl Pts',(71.0631365429478,-8.98286209052236,65.));
#2028=CARTESIAN_POINT('Ctrl Pts',(70.7504746816591,-8.93026584753365,63.));
#2029=CARTESIAN_POINT('Ctrl Pts',(70.7504746816591,-8.93026584753365,65.));
#2030=CARTESIAN_POINT('Ctrl Pts',(70.2023351237527,-8.82250694231083,63.));
#2031=CARTESIAN_POINT('Ctrl Pts',(70.2023351237527,-8.82250694231083,65.));
#2032=CARTESIAN_POINT('Ctrl Pts',(69.3866791528849,-8.61873921429907,63.));
#2033=CARTESIAN_POINT('Ctrl Pts',(69.3866791528849,-8.61873921429907,65.));
#2034=CARTESIAN_POINT('Ctrl Pts',(68.310740791354,-8.24491714817718,63.));
#2035=CARTESIAN_POINT('Ctrl Pts',(68.310740791354,-8.24491714817718,65.));
#2036=CARTESIAN_POINT('Ctrl Pts',(67.1671331594691,-7.67449365538176,63.));
#2037=CARTESIAN_POINT('Ctrl Pts',(67.1671331594691,-7.67449365538176,65.));
#2038=CARTESIAN_POINT('Ctrl Pts',(66.1206423613369,-6.9338086644983,63.));
#2039=CARTESIAN_POINT('Ctrl Pts',(66.1206423613369,-6.9338086644983,65.));
#2040=CARTESIAN_POINT('Ctrl Pts',(65.2138323556285,-6.02914576390959,63.));
#2041=CARTESIAN_POINT('Ctrl Pts',(65.2138323556285,-6.02914576390959,65.));
#2042=CARTESIAN_POINT('Ctrl Pts',(64.4724253091949,-4.99085583170602,63.));
#2043=CARTESIAN_POINT('Ctrl Pts',(64.4724253091949,-4.99085583170602,65.));
#2044=CARTESIAN_POINT('Ctrl Pts',(63.9053679623244,-3.87866120232534,63.));
#2045=CARTESIAN_POINT('Ctrl Pts',(63.9053679623244,-3.87866120232534,65.));
#2046=CARTESIAN_POINT('Ctrl Pts',(63.5039317024369,-2.79296844111742,63.));
#2047=CARTESIAN_POINT('Ctrl Pts',(63.5039317024369,-2.79296844111742,65.));
#2048=CARTESIAN_POINT('Ctrl Pts',(63.2443319742652,-1.85935353928644,63.));
#2049=CARTESIAN_POINT('Ctrl Pts',(63.2443319742652,-1.85935353928644,65.));
#2050=CARTESIAN_POINT('Ctrl Pts',(63.0920839943132,-1.19991869094922,63.));
#2051=CARTESIAN_POINT('Ctrl Pts',(63.0920839943132,-1.19991869094922,65.));
#2052=CARTESIAN_POINT('Ctrl Pts',(63.005688932586,-0.907751892940323,63.));
#2053=CARTESIAN_POINT('Ctrl Pts',(63.005688932586,-0.907751892940323,65.));
#2054=CARTESIAN_POINT('Ctrl Pts',(62.9405442634317,-1.0221159675339,63.));
#2055=CARTESIAN_POINT('Ctrl Pts',(62.9405442634317,-1.0221159675339,65.));
#2056=CARTESIAN_POINT('Ctrl Pts',(62.8526280133732,-1.49706332344469,63.));
#2057=CARTESIAN_POINT('Ctrl Pts',(62.8526280133732,-1.49706332344469,65.));
#2058=CARTESIAN_POINT('Ctrl Pts',(62.7025506741671,-2.23079868462847,63.));
#2059=CARTESIAN_POINT('Ctrl Pts',(62.7025506741671,-2.23079868462847,65.));
#2060=CARTESIAN_POINT('Ctrl Pts',(62.4591857070973,-3.10155999401797,63.));
#2061=CARTESIAN_POINT('Ctrl Pts',(62.4591857070973,-3.10155999401797,65.));
#2062=CARTESIAN_POINT('Ctrl Pts',(62.1044460505325,-4.00605628259186,63.));
#2063=CARTESIAN_POINT('Ctrl Pts',(62.1044460505325,-4.00605628259186,65.));
#2064=CARTESIAN_POINT('Ctrl Pts',(61.6345374731714,-4.87951620301523,63.));
#2065=CARTESIAN_POINT('Ctrl Pts',(61.6345374731714,-4.87951620301523,65.));
#2066=CARTESIAN_POINT('Ctrl Pts',(61.0554307989713,-5.6831091418096,63.));
#2067=CARTESIAN_POINT('Ctrl Pts',(61.0554307989713,-5.6831091418096,65.));
#2068=CARTESIAN_POINT('Ctrl Pts',(60.3798025758991,-6.39929851460507,63.));
#2069=CARTESIAN_POINT('Ctrl Pts',(60.3798025758991,-6.39929851460507,65.));
#2070=CARTESIAN_POINT('Ctrl Pts',(59.6233890649258,-7.02405335249698,63.));
#2071=CARTESIAN_POINT('Ctrl Pts',(59.6233890649258,-7.02405335249698,65.));
#2072=CARTESIAN_POINT('Ctrl Pts',(58.8018232440347,-7.5608310620032,63.));
#2073=CARTESIAN_POINT('Ctrl Pts',(58.8018232440347,-7.5608310620032,65.));
#2074=CARTESIAN_POINT('Ctrl Pts',(57.9268255042674,-8.01314170551534,63.));
#2075=CARTESIAN_POINT('Ctrl Pts',(57.9268255042674,-8.01314170551534,65.));
#2076=CARTESIAN_POINT('Ctrl Pts',(57.0062458236085,-8.38353187353722,63.));
#2077=CARTESIAN_POINT('Ctrl Pts',(57.0062458236085,-8.38353187353722,65.));
#2078=CARTESIAN_POINT('Ctrl Pts',(56.0449950821666,-8.67395419582513,63.));
#2079=CARTESIAN_POINT('Ctrl Pts',(56.0449950821666,-8.67395419582513,65.));
#2080=CARTESIAN_POINT('Ctrl Pts',(55.2455277611432,-8.84333870841539,63.));
#2081=CARTESIAN_POINT('Ctrl Pts',(55.2455277611432,-8.84333870841539,65.));
#2082=CARTESIAN_POINT('Ctrl Pts',(54.6292414009516,-8.93529012874699,63.));
#2083=CARTESIAN_POINT('Ctrl Pts',(54.6292414009516,-8.93529012874699,65.));
#2084=CARTESIAN_POINT('Ctrl Pts',(54.2109809355439,-8.98102453573585,63.));
#2085=CARTESIAN_POINT('Ctrl Pts',(54.2109809355439,-8.98102453573585,65.));
#2086=CARTESIAN_POINT('Ctrl Pts',(54.,-9.00000013411045,63.));
#2087=CARTESIAN_POINT('Ctrl Pts',(54.,-9.00000013411045,65.));
#2088=CARTESIAN_POINT('',(54.,-9.00000013411045,63.));
#2089=CARTESIAN_POINT('Ctrl Pts',(54.,-9.00000013411045,63.));
#2090=CARTESIAN_POINT('Ctrl Pts',(54.2109809355439,-8.98102453573585,63.));
#2091=CARTESIAN_POINT('Ctrl Pts',(54.6292414009516,-8.93529012874699,63.));
#2092=CARTESIAN_POINT('Ctrl Pts',(55.2455277611432,-8.84333870841539,63.));
#2093=CARTESIAN_POINT('Ctrl Pts',(56.0449950821666,-8.67395419582513,63.));
#2094=CARTESIAN_POINT('Ctrl Pts',(57.0062458236085,-8.38353187353722,63.));
#2095=CARTESIAN_POINT('Ctrl Pts',(57.9268255042674,-8.01314170551534,63.));
#2096=CARTESIAN_POINT('Ctrl Pts',(58.8018232440347,-7.5608310620032,63.));
#2097=CARTESIAN_POINT('Ctrl Pts',(59.6233890649258,-7.02405335249698,63.));
#2098=CARTESIAN_POINT('Ctrl Pts',(60.3798025758991,-6.39929851460507,63.));
#2099=CARTESIAN_POINT('Ctrl Pts',(61.0554307989713,-5.6831091418096,63.));
#2100=CARTESIAN_POINT('Ctrl Pts',(61.6345374731714,-4.87951620301523,63.));
#2101=CARTESIAN_POINT('Ctrl Pts',(62.1044460505325,-4.00605628259186,63.));
#2102=CARTESIAN_POINT('Ctrl Pts',(62.4591857070973,-3.10155999401797,63.));
#2103=CARTESIAN_POINT('Ctrl Pts',(62.7025506741671,-2.23079868462847,63.));
#2104=CARTESIAN_POINT('Ctrl Pts',(62.8526280133732,-1.49706332344469,63.));
#2105=CARTESIAN_POINT('Ctrl Pts',(62.9405442634317,-1.0221159675339,63.));
#2106=CARTESIAN_POINT('Ctrl Pts',(63.005688932586,-0.907751892940323,63.));
#2107=CARTESIAN_POINT('Ctrl Pts',(63.0920839943132,-1.19991869094922,63.));
#2108=CARTESIAN_POINT('Ctrl Pts',(63.2443319742652,-1.85935353928644,63.));
#2109=CARTESIAN_POINT('Ctrl Pts',(63.5039317024369,-2.79296844111742,63.));
#2110=CARTESIAN_POINT('Ctrl Pts',(63.9053679623244,-3.87866120232534,63.));
#2111=CARTESIAN_POINT('Ctrl Pts',(64.4724253091949,-4.99085583170602,63.));
#2112=CARTESIAN_POINT('Ctrl Pts',(65.1080191456433,-5.88096159011433,63.));
#2113=CARTESIAN_POINT('Ctrl Pts',(65.68465283328,-6.49124780614783,63.));
#2114=CARTESIAN_POINT('Ctrl Pts',(66.1239353464187,-6.87485982434839,63.));
#2115=CARTESIAN_POINT('Ctrl Pts',(66.3818563340418,-7.07719406172349,63.));
#2116=CARTESIAN_POINT('Ctrl Pts',(66.4397978964319,-7.12156778282129,63.));
#2117=CARTESIAN_POINT('',(54.,-9.00000013411045,65.));
#2118=CARTESIAN_POINT('',(54.,-9.00000013411045,63.));
#2119=CARTESIAN_POINT('Ctrl Pts',(66.4397978964319,-7.12156778282129,65.));
#2120=CARTESIAN_POINT('Ctrl Pts',(66.3818563340418,-7.07719406172349,65.));
#2121=CARTESIAN_POINT('Ctrl Pts',(66.1239353464187,-6.87485982434839,65.));
#2122=CARTESIAN_POINT('Ctrl Pts',(65.68465283328,-6.49124780614783,65.));
#2123=CARTESIAN_POINT('Ctrl Pts',(65.1080191456433,-5.88096159011433,65.));
#2124=CARTESIAN_POINT('Ctrl Pts',(64.4724253091949,-4.99085583170602,65.));
#2125=CARTESIAN_POINT('Ctrl Pts',(63.9053679623244,-3.87866120232534,65.));
#2126=CARTESIAN_POINT('Ctrl Pts',(63.5039317024369,-2.79296844111742,65.));
#2127=CARTESIAN_POINT('Ctrl Pts',(63.2443319742652,-1.85935353928644,65.));
#2128=CARTESIAN_POINT('Ctrl Pts',(63.0920839943132,-1.19991869094922,65.));
#2129=CARTESIAN_POINT('Ctrl Pts',(63.005688932586,-0.907751892940323,65.));
#2130=CARTESIAN_POINT('Ctrl Pts',(62.9405442634317,-1.0221159675339,65.));
#2131=CARTESIAN_POINT('Ctrl Pts',(62.8526280133732,-1.49706332344469,65.));
#2132=CARTESIAN_POINT('Ctrl Pts',(62.7025506741671,-2.23079868462847,65.));
#2133=CARTESIAN_POINT('Ctrl Pts',(62.4591857070973,-3.10155999401797,65.));
#2134=CARTESIAN_POINT('Ctrl Pts',(62.1044460505325,-4.00605628259186,65.));
#2135=CARTESIAN_POINT('Ctrl Pts',(61.6345374731714,-4.87951620301523,65.));
#2136=CARTESIAN_POINT('Ctrl Pts',(61.0554307989713,-5.6831091418096,65.));
#2137=CARTESIAN_POINT('Ctrl Pts',(60.3798025758991,-6.39929851460507,65.));
#2138=CARTESIAN_POINT('Ctrl Pts',(59.6233890649258,-7.02405335249698,65.));
#2139=CARTESIAN_POINT('Ctrl Pts',(58.8018232440347,-7.5608310620032,65.));
#2140=CARTESIAN_POINT('Ctrl Pts',(57.9268255042674,-8.01314170551534,65.));
#2141=CARTESIAN_POINT('Ctrl Pts',(57.0062458236085,-8.38353187353722,65.));
#2142=CARTESIAN_POINT('Ctrl Pts',(56.0449950821666,-8.67395419582513,65.));
#2143=CARTESIAN_POINT('Ctrl Pts',(55.2455277611432,-8.84333870841539,65.));
#2144=CARTESIAN_POINT('Ctrl Pts',(54.6292414009516,-8.93529012874699,65.));
#2145=CARTESIAN_POINT('Ctrl Pts',(54.2109809355439,-8.98102453573585,65.));
#2146=CARTESIAN_POINT('Ctrl Pts',(54.,-9.00000013411045,65.));
#2147=CARTESIAN_POINT('Origin',(62.5857658172808,-4.95387601352539,63.));
#2148=CARTESIAN_POINT('',(54.,-9.00000013411045,63.));
#2149=CARTESIAN_POINT('Origin',(54.,-9.00000013411045,63.));
#2150=CARTESIAN_POINT('',(54.,-9.00000013411045,65.));
#2151=CARTESIAN_POINT('Origin',(62.5857658172808,-4.95387601352539,65.));
#2152=CARTESIAN_POINT('Ctrl Pts',(53.1715316345616,-9.00000013411045,63.));
#2153=CARTESIAN_POINT('Ctrl Pts',(53.1715316345616,-9.00000013411045,65.));
#2154=CARTESIAN_POINT('Ctrl Pts',(53.0631365429478,-8.98286209052236,63.));
#2155=CARTESIAN_POINT('Ctrl Pts',(53.0631365429478,-8.98286209052236,65.));
#2156=CARTESIAN_POINT('Ctrl Pts',(52.7504746816591,-8.93026584753365,63.));
#2157=CARTESIAN_POINT('Ctrl Pts',(52.7504746816591,-8.93026584753365,65.));
#2158=CARTESIAN_POINT('Ctrl Pts',(52.2023351237527,-8.82250694231083,63.));
#2159=CARTESIAN_POINT('Ctrl Pts',(52.2023351237527,-8.82250694231083,65.));
#2160=CARTESIAN_POINT('Ctrl Pts',(51.3866791528849,-8.61873921429907,63.));
#2161=CARTESIAN_POINT('Ctrl Pts',(51.3866791528849,-8.61873921429907,65.));
#2162=CARTESIAN_POINT('Ctrl Pts',(50.310740791354,-8.24491714817718,63.));
#2163=CARTESIAN_POINT('Ctrl Pts',(50.310740791354,-8.24491714817718,65.));
#2164=CARTESIAN_POINT('Ctrl Pts',(49.1671331594691,-7.67449365538176,63.));
#2165=CARTESIAN_POINT('Ctrl Pts',(49.1671331594691,-7.67449365538176,65.));
#2166=CARTESIAN_POINT('Ctrl Pts',(48.1206423613369,-6.9338086644983,63.));
#2167=CARTESIAN_POINT('Ctrl Pts',(48.1206423613369,-6.9338086644983,65.));
#2168=CARTESIAN_POINT('Ctrl Pts',(47.2138323556285,-6.02914576390959,63.));
#2169=CARTESIAN_POINT('Ctrl Pts',(47.2138323556285,-6.02914576390959,65.));
#2170=CARTESIAN_POINT('Ctrl Pts',(46.4724253091949,-4.99085583170602,63.));
#2171=CARTESIAN_POINT('Ctrl Pts',(46.4724253091949,-4.99085583170602,65.));
#2172=CARTESIAN_POINT('Ctrl Pts',(45.9053679623244,-3.87866120232534,63.));
#2173=CARTESIAN_POINT('Ctrl Pts',(45.9053679623244,-3.87866120232534,65.));
#2174=CARTESIAN_POINT('Ctrl Pts',(45.5039317024369,-2.79296844111742,63.));
#2175=CARTESIAN_POINT('Ctrl Pts',(45.5039317024369,-2.79296844111742,65.));
#2176=CARTESIAN_POINT('Ctrl Pts',(45.2443319742652,-1.85935353928644,63.));
#2177=CARTESIAN_POINT('Ctrl Pts',(45.2443319742652,-1.85935353928644,65.));
#2178=CARTESIAN_POINT('Ctrl Pts',(45.0920839943132,-1.19991869094922,63.));
#2179=CARTESIAN_POINT('Ctrl Pts',(45.0920839943132,-1.19991869094922,65.));
#2180=CARTESIAN_POINT('Ctrl Pts',(45.005688932586,-0.907751892940323,63.));
#2181=CARTESIAN_POINT('Ctrl Pts',(45.005688932586,-0.907751892940323,65.));
#2182=CARTESIAN_POINT('Ctrl Pts',(44.9405442634317,-1.0221159675339,63.));
#2183=CARTESIAN_POINT('Ctrl Pts',(44.9405442634317,-1.0221159675339,65.));
#2184=CARTESIAN_POINT('Ctrl Pts',(44.8526280133732,-1.49706332344469,63.));
#2185=CARTESIAN_POINT('Ctrl Pts',(44.8526280133732,-1.49706332344469,65.));
#2186=CARTESIAN_POINT('Ctrl Pts',(44.7025506741671,-2.23079868462847,63.));
#2187=CARTESIAN_POINT('Ctrl Pts',(44.7025506741671,-2.23079868462847,65.));
#2188=CARTESIAN_POINT('Ctrl Pts',(44.4591857070973,-3.10155999401797,63.));
#2189=CARTESIAN_POINT('Ctrl Pts',(44.4591857070973,-3.10155999401797,65.));
#2190=CARTESIAN_POINT('Ctrl Pts',(44.1044460505325,-4.00605628259186,63.));
#2191=CARTESIAN_POINT('Ctrl Pts',(44.1044460505325,-4.00605628259186,65.));
#2192=CARTESIAN_POINT('Ctrl Pts',(43.6345374731714,-4.87951620301523,63.));
#2193=CARTESIAN_POINT('Ctrl Pts',(43.6345374731714,-4.87951620301523,65.));
#2194=CARTESIAN_POINT('Ctrl Pts',(43.0554307989713,-5.6831091418096,63.));
#2195=CARTESIAN_POINT('Ctrl Pts',(43.0554307989713,-5.6831091418096,65.));
#2196=CARTESIAN_POINT('Ctrl Pts',(42.3798025758991,-6.39929851460507,63.));
#2197=CARTESIAN_POINT('Ctrl Pts',(42.3798025758991,-6.39929851460507,65.));
#2198=CARTESIAN_POINT('Ctrl Pts',(41.6233890649258,-7.02405335249698,63.));
#2199=CARTESIAN_POINT('Ctrl Pts',(41.6233890649258,-7.02405335249698,65.));
#2200=CARTESIAN_POINT('Ctrl Pts',(40.8018232440347,-7.5608310620032,63.));
#2201=CARTESIAN_POINT('Ctrl Pts',(40.8018232440347,-7.5608310620032,65.));
#2202=CARTESIAN_POINT('Ctrl Pts',(39.9268255042674,-8.01314170551534,63.));
#2203=CARTESIAN_POINT('Ctrl Pts',(39.9268255042674,-8.01314170551534,65.));
#2204=CARTESIAN_POINT('Ctrl Pts',(39.0062458236085,-8.38353187353722,63.));
#2205=CARTESIAN_POINT('Ctrl Pts',(39.0062458236085,-8.38353187353722,65.));
#2206=CARTESIAN_POINT('Ctrl Pts',(38.0449950821666,-8.67395419582513,63.));
#2207=CARTESIAN_POINT('Ctrl Pts',(38.0449950821666,-8.67395419582513,65.));
#2208=CARTESIAN_POINT('Ctrl Pts',(37.2455277611432,-8.84333870841539,63.));
#2209=CARTESIAN_POINT('Ctrl Pts',(37.2455277611432,-8.84333870841539,65.));
#2210=CARTESIAN_POINT('Ctrl Pts',(36.6292414009516,-8.93529012874699,63.));
#2211=CARTESIAN_POINT('Ctrl Pts',(36.6292414009516,-8.93529012874699,65.));
#2212=CARTESIAN_POINT('Ctrl Pts',(36.2109809355439,-8.98102453573585,63.));
#2213=CARTESIAN_POINT('Ctrl Pts',(36.2109809355439,-8.98102453573585,65.));
#2214=CARTESIAN_POINT('Ctrl Pts',(36.,-9.00000013411045,63.));
#2215=CARTESIAN_POINT('Ctrl Pts',(36.,-9.00000013411045,65.));
#2216=CARTESIAN_POINT('',(36.,-9.00000013411045,63.));
#2217=CARTESIAN_POINT('',(53.1715316345616,-9.00000013411045,63.));
#2218=CARTESIAN_POINT('Ctrl Pts',(36.,-9.00000013411045,63.));
#2219=CARTESIAN_POINT('Ctrl Pts',(36.2109809355439,-8.98102453573585,63.));
#2220=CARTESIAN_POINT('Ctrl Pts',(36.6292414009516,-8.93529012874699,63.));
#2221=CARTESIAN_POINT('Ctrl Pts',(37.2455277611432,-8.84333870841539,63.));
#2222=CARTESIAN_POINT('Ctrl Pts',(38.0449950821666,-8.67395419582513,63.));
#2223=CARTESIAN_POINT('Ctrl Pts',(39.0062458236085,-8.38353187353722,63.));
#2224=CARTESIAN_POINT('Ctrl Pts',(39.9268255042674,-8.01314170551534,63.));
#2225=CARTESIAN_POINT('Ctrl Pts',(40.8018232440347,-7.5608310620032,63.));
#2226=CARTESIAN_POINT('Ctrl Pts',(41.6233890649258,-7.02405335249698,63.));
#2227=CARTESIAN_POINT('Ctrl Pts',(42.3798025758991,-6.39929851460507,63.));
#2228=CARTESIAN_POINT('Ctrl Pts',(43.0554307989713,-5.6831091418096,63.));
#2229=CARTESIAN_POINT('Ctrl Pts',(43.6345374731714,-4.87951620301523,63.));
#2230=CARTESIAN_POINT('Ctrl Pts',(44.1044460505325,-4.00605628259186,63.));
#2231=CARTESIAN_POINT('Ctrl Pts',(44.4591857070973,-3.10155999401797,63.));
#2232=CARTESIAN_POINT('Ctrl Pts',(44.7025506741671,-2.23079868462847,63.));
#2233=CARTESIAN_POINT('Ctrl Pts',(44.8526280133732,-1.49706332344469,63.));
#2234=CARTESIAN_POINT('Ctrl Pts',(44.9405442634317,-1.0221159675339,63.));
#2235=CARTESIAN_POINT('Ctrl Pts',(45.005688932586,-0.907751892940323,63.));
#2236=CARTESIAN_POINT('Ctrl Pts',(45.0920839943132,-1.19991869094922,63.));
#2237=CARTESIAN_POINT('Ctrl Pts',(45.2443319742652,-1.85935353928644,63.));
#2238=CARTESIAN_POINT('Ctrl Pts',(45.5039317024369,-2.79296844111742,63.));
#2239=CARTESIAN_POINT('Ctrl Pts',(45.9053679623244,-3.87866120232534,63.));
#2240=CARTESIAN_POINT('Ctrl Pts',(46.4724253091949,-4.99085583170602,63.));
#2241=CARTESIAN_POINT('Ctrl Pts',(47.2138323556285,-6.02914576390959,63.));
#2242=CARTESIAN_POINT('Ctrl Pts',(48.1206423613369,-6.9338086644983,63.));
#2243=CARTESIAN_POINT('Ctrl Pts',(49.1671331594691,-7.67449365538176,63.));
#2244=CARTESIAN_POINT('Ctrl Pts',(50.310740791354,-8.24491714817718,63.));
#2245=CARTESIAN_POINT('Ctrl Pts',(51.3866791528849,-8.61873921429907,63.));
#2246=CARTESIAN_POINT('Ctrl Pts',(52.2023351237527,-8.82250694231083,63.));
#2247=CARTESIAN_POINT('Ctrl Pts',(52.7504746816591,-8.93026584753365,63.));
#2248=CARTESIAN_POINT('Ctrl Pts',(53.0631365429478,-8.98286209052236,63.));
#2249=CARTESIAN_POINT('Ctrl Pts',(53.1715316345616,-9.00000013411045,63.));
#2250=CARTESIAN_POINT('',(36.,-9.00000013411045,65.));
#2251=CARTESIAN_POINT('',(36.,-9.00000013411045,63.));
#2252=CARTESIAN_POINT('',(53.1715316345616,-9.00000013411045,65.));
#2253=CARTESIAN_POINT('Ctrl Pts',(53.1715316345616,-9.00000013411045,65.));
#2254=CARTESIAN_POINT('Ctrl Pts',(53.0631365429478,-8.98286209052236,65.));
#2255=CARTESIAN_POINT('Ctrl Pts',(52.7504746816591,-8.93026584753365,65.));
#2256=CARTESIAN_POINT('Ctrl Pts',(52.2023351237527,-8.82250694231083,65.));
#2257=CARTESIAN_POINT('Ctrl Pts',(51.3866791528849,-8.61873921429907,65.));
#2258=CARTESIAN_POINT('Ctrl Pts',(50.310740791354,-8.24491714817718,65.));
#2259=CARTESIAN_POINT('Ctrl Pts',(49.1671331594691,-7.67449365538176,65.));
#2260=CARTESIAN_POINT('Ctrl Pts',(48.1206423613369,-6.9338086644983,65.));
#2261=CARTESIAN_POINT('Ctrl Pts',(47.2138323556285,-6.02914576390959,65.));
#2262=CARTESIAN_POINT('Ctrl Pts',(46.4724253091949,-4.99085583170602,65.));
#2263=CARTESIAN_POINT('Ctrl Pts',(45.9053679623244,-3.87866120232534,65.));
#2264=CARTESIAN_POINT('Ctrl Pts',(45.5039317024369,-2.79296844111742,65.));
#2265=CARTESIAN_POINT('Ctrl Pts',(45.2443319742652,-1.85935353928644,65.));
#2266=CARTESIAN_POINT('Ctrl Pts',(45.0920839943132,-1.19991869094922,65.));
#2267=CARTESIAN_POINT('Ctrl Pts',(45.005688932586,-0.907751892940323,65.));
#2268=CARTESIAN_POINT('Ctrl Pts',(44.9405442634317,-1.0221159675339,65.));
#2269=CARTESIAN_POINT('Ctrl Pts',(44.8526280133732,-1.49706332344469,65.));
#2270=CARTESIAN_POINT('Ctrl Pts',(44.7025506741671,-2.23079868462847,65.));
#2271=CARTESIAN_POINT('Ctrl Pts',(44.4591857070973,-3.10155999401797,65.));
#2272=CARTESIAN_POINT('Ctrl Pts',(44.1044460505325,-4.00605628259186,65.));
#2273=CARTESIAN_POINT('Ctrl Pts',(43.6345374731714,-4.87951620301523,65.));
#2274=CARTESIAN_POINT('Ctrl Pts',(43.0554307989713,-5.6831091418096,65.));
#2275=CARTESIAN_POINT('Ctrl Pts',(42.3798025758991,-6.39929851460507,65.));
#2276=CARTESIAN_POINT('Ctrl Pts',(41.6233890649258,-7.02405335249698,65.));
#2277=CARTESIAN_POINT('Ctrl Pts',(40.8018232440347,-7.5608310620032,65.));
#2278=CARTESIAN_POINT('Ctrl Pts',(39.9268255042674,-8.01314170551534,65.));
#2279=CARTESIAN_POINT('Ctrl Pts',(39.0062458236085,-8.38353187353722,65.));
#2280=CARTESIAN_POINT('Ctrl Pts',(38.0449950821666,-8.67395419582513,65.));
#2281=CARTESIAN_POINT('Ctrl Pts',(37.2455277611432,-8.84333870841539,65.));
#2282=CARTESIAN_POINT('Ctrl Pts',(36.6292414009516,-8.93529012874699,65.));
#2283=CARTESIAN_POINT('Ctrl Pts',(36.2109809355439,-8.98102453573585,65.));
#2284=CARTESIAN_POINT('Ctrl Pts',(36.,-9.00000013411045,65.));
#2285=CARTESIAN_POINT('',(53.1715316345616,-9.00000013411045,63.));
#2286=CARTESIAN_POINT('Origin',(36.,-9.00000013411045,63.));
#2287=CARTESIAN_POINT('',(36.,-9.00000013411045,63.));
#2288=CARTESIAN_POINT('',(36.,-9.00000013411045,65.));
#2289=CARTESIAN_POINT('Origin',(44.5857658172808,-4.95387601352539,65.));
#2290=CARTESIAN_POINT('Origin',(44.5857658172808,-4.95387601352539,63.));
#2291=CARTESIAN_POINT('Ctrl Pts',(36.8284683654384,9.00000013411045,63.));
#2292=CARTESIAN_POINT('Ctrl Pts',(36.8284683654384,9.00000013411045,65.));
#2293=CARTESIAN_POINT('Ctrl Pts',(36.9368634570521,8.98286209052236,63.));
#2294=CARTESIAN_POINT('Ctrl Pts',(36.9368634570521,8.98286209052236,65.));
#2295=CARTESIAN_POINT('Ctrl Pts',(37.2495253183409,8.93026584753365,63.));
#2296=CARTESIAN_POINT('Ctrl Pts',(37.2495253183409,8.93026584753365,65.));
#2297=CARTESIAN_POINT('Ctrl Pts',(37.7976648762473,8.82250694231083,63.));
#2298=CARTESIAN_POINT('Ctrl Pts',(37.7976648762473,8.82250694231083,65.));
#2299=CARTESIAN_POINT('Ctrl Pts',(38.6133208471151,8.61873921429907,63.));
#2300=CARTESIAN_POINT('Ctrl Pts',(38.6133208471151,8.61873921429907,65.));
#2301=CARTESIAN_POINT('Ctrl Pts',(39.6892592086459,8.24491714817718,63.));
#2302=CARTESIAN_POINT('Ctrl Pts',(39.6892592086459,8.24491714817718,65.));
#2303=CARTESIAN_POINT('Ctrl Pts',(40.8328668405309,7.67449365538176,63.));
#2304=CARTESIAN_POINT('Ctrl Pts',(40.8328668405309,7.67449365538176,65.));
#2305=CARTESIAN_POINT('Ctrl Pts',(41.8793576386631,6.9338086644983,63.));
#2306=CARTESIAN_POINT('Ctrl Pts',(41.8793576386631,6.9338086644983,65.));
#2307=CARTESIAN_POINT('Ctrl Pts',(42.7861676443715,6.02914576390959,63.));
#2308=CARTESIAN_POINT('Ctrl Pts',(42.7861676443715,6.02914576390959,65.));
#2309=CARTESIAN_POINT('Ctrl Pts',(43.5275746908051,4.99085583170602,63.));
#2310=CARTESIAN_POINT('Ctrl Pts',(43.5275746908051,4.99085583170602,65.));
#2311=CARTESIAN_POINT('Ctrl Pts',(44.0946320376755,3.87866120232534,63.));
#2312=CARTESIAN_POINT('Ctrl Pts',(44.0946320376755,3.87866120232534,65.));
#2313=CARTESIAN_POINT('Ctrl Pts',(44.4960682975631,2.79296844111742,63.));
#2314=CARTESIAN_POINT('Ctrl Pts',(44.4960682975631,2.79296844111742,65.));
#2315=CARTESIAN_POINT('Ctrl Pts',(44.7556680257347,1.85935353928644,63.));
#2316=CARTESIAN_POINT('Ctrl Pts',(44.7556680257347,1.85935353928644,65.));
#2317=CARTESIAN_POINT('Ctrl Pts',(44.9079160056867,1.19991869094922,63.));
#2318=CARTESIAN_POINT('Ctrl Pts',(44.9079160056867,1.19991869094922,65.));
#2319=CARTESIAN_POINT('Ctrl Pts',(44.9943110674139,0.907751892940323,63.));
#2320=CARTESIAN_POINT('Ctrl Pts',(44.9943110674139,0.907751892940323,65.));
#2321=CARTESIAN_POINT('Ctrl Pts',(45.0594557365683,1.0221159675339,63.));
#2322=CARTESIAN_POINT('Ctrl Pts',(45.0594557365683,1.0221159675339,65.));
#2323=CARTESIAN_POINT('Ctrl Pts',(45.1473719866267,1.49706332344469,63.));
#2324=CARTESIAN_POINT('Ctrl Pts',(45.1473719866267,1.49706332344469,65.));
#2325=CARTESIAN_POINT('Ctrl Pts',(45.2974493258328,2.23079868462847,63.));
#2326=CARTESIAN_POINT('Ctrl Pts',(45.2974493258328,2.23079868462847,65.));
#2327=CARTESIAN_POINT('Ctrl Pts',(45.5408142929027,3.10155999401797,63.));
#2328=CARTESIAN_POINT('Ctrl Pts',(45.5408142929027,3.10155999401797,65.));
#2329=CARTESIAN_POINT('Ctrl Pts',(45.8955539494675,4.00605628259186,63.));
#2330=CARTESIAN_POINT('Ctrl Pts',(45.8955539494675,4.00605628259186,65.));
#2331=CARTESIAN_POINT('Ctrl Pts',(46.3654625268286,4.87951620301523,63.));
#2332=CARTESIAN_POINT('Ctrl Pts',(46.3654625268286,4.87951620301523,65.));
#2333=CARTESIAN_POINT('Ctrl Pts',(46.9445692010287,5.6831091418096,63.));
#2334=CARTESIAN_POINT('Ctrl Pts',(46.9445692010287,5.6831091418096,65.));
#2335=CARTESIAN_POINT('Ctrl Pts',(47.6201974241008,6.39929851460507,63.));
#2336=CARTESIAN_POINT('Ctrl Pts',(47.6201974241008,6.39929851460507,65.));
#2337=CARTESIAN_POINT('Ctrl Pts',(48.3766109350742,7.02405335249698,63.));
#2338=CARTESIAN_POINT('Ctrl Pts',(48.3766109350742,7.02405335249698,65.));
#2339=CARTESIAN_POINT('Ctrl Pts',(49.1981767559652,7.5608310620032,63.));
#2340=CARTESIAN_POINT('Ctrl Pts',(49.1981767559652,7.5608310620032,65.));
#2341=CARTESIAN_POINT('Ctrl Pts',(50.0731744957326,8.01314170551534,63.));
#2342=CARTESIAN_POINT('Ctrl Pts',(50.0731744957326,8.01314170551534,65.));
#2343=CARTESIAN_POINT('Ctrl Pts',(50.9937541763915,8.38353187353722,63.));
#2344=CARTESIAN_POINT('Ctrl Pts',(50.9937541763915,8.38353187353722,65.));
#2345=CARTESIAN_POINT('Ctrl Pts',(51.9550049178333,8.67395419582513,63.));
#2346=CARTESIAN_POINT('Ctrl Pts',(51.9550049178333,8.67395419582513,65.));
#2347=CARTESIAN_POINT('Ctrl Pts',(52.7544722388567,8.84333870841539,63.));
#2348=CARTESIAN_POINT('Ctrl Pts',(52.7544722388567,8.84333870841539,65.));
#2349=CARTESIAN_POINT('Ctrl Pts',(53.3707585990483,8.93529012874699,63.));
#2350=CARTESIAN_POINT('Ctrl Pts',(53.3707585990483,8.93529012874699,65.));
#2351=CARTESIAN_POINT('Ctrl Pts',(53.7890190644561,8.98102453573585,63.));
#2352=CARTESIAN_POINT('Ctrl Pts',(53.7890190644561,8.98102453573585,65.));
#2353=CARTESIAN_POINT('Ctrl Pts',(54.,9.00000013411045,63.));
#2354=CARTESIAN_POINT('Ctrl Pts',(54.,9.00000013411045,65.));
#2355=CARTESIAN_POINT('',(54.,9.00000013411045,63.));
#2356=CARTESIAN_POINT('',(36.8284683654383,9.00000013411045,63.));
#2357=CARTESIAN_POINT('Ctrl Pts',(54.,9.00000013411045,63.));
#2358=CARTESIAN_POINT('Ctrl Pts',(53.7890190644561,8.98102453573585,63.));
#2359=CARTESIAN_POINT('Ctrl Pts',(53.3707585990483,8.93529012874699,63.));
#2360=CARTESIAN_POINT('Ctrl Pts',(52.7544722388567,8.84333870841539,63.));
#2361=CARTESIAN_POINT('Ctrl Pts',(51.9550049178333,8.67395419582513,63.));
#2362=CARTESIAN_POINT('Ctrl Pts',(50.9937541763915,8.38353187353722,63.));
#2363=CARTESIAN_POINT('Ctrl Pts',(50.0731744957326,8.01314170551534,63.));
#2364=CARTESIAN_POINT('Ctrl Pts',(49.1981767559652,7.5608310620032,63.));
#2365=CARTESIAN_POINT('Ctrl Pts',(48.3766109350742,7.02405335249698,63.));
#2366=CARTESIAN_POINT('Ctrl Pts',(47.6201974241008,6.39929851460507,63.));
#2367=CARTESIAN_POINT('Ctrl Pts',(46.9445692010287,5.6831091418096,63.));
#2368=CARTESIAN_POINT('Ctrl Pts',(46.3654625268286,4.87951620301523,63.));
#2369=CARTESIAN_POINT('Ctrl Pts',(45.8955539494675,4.00605628259186,63.));
#2370=CARTESIAN_POINT('Ctrl Pts',(45.5408142929027,3.10155999401797,63.));
#2371=CARTESIAN_POINT('Ctrl Pts',(45.2974493258328,2.23079868462847,63.));
#2372=CARTESIAN_POINT('Ctrl Pts',(45.1473719866267,1.49706332344469,63.));
#2373=CARTESIAN_POINT('Ctrl Pts',(45.0594557365683,1.0221159675339,63.));
#2374=CARTESIAN_POINT('Ctrl Pts',(44.9943110674139,0.907751892940323,63.));
#2375=CARTESIAN_POINT('Ctrl Pts',(44.9079160056867,1.19991869094922,63.));
#2376=CARTESIAN_POINT('Ctrl Pts',(44.7556680257347,1.85935353928644,63.));
#2377=CARTESIAN_POINT('Ctrl Pts',(44.4960682975631,2.79296844111742,63.));
#2378=CARTESIAN_POINT('Ctrl Pts',(44.0946320376755,3.87866120232534,63.));
#2379=CARTESIAN_POINT('Ctrl Pts',(43.5275746908051,4.99085583170602,63.));
#2380=CARTESIAN_POINT('Ctrl Pts',(42.7861676443715,6.02914576390959,63.));
#2381=CARTESIAN_POINT('Ctrl Pts',(41.8793576386631,6.9338086644983,63.));
#2382=CARTESIAN_POINT('Ctrl Pts',(40.8328668405309,7.67449365538176,63.));
#2383=CARTESIAN_POINT('Ctrl Pts',(39.6892592086459,8.24491714817718,63.));
#2384=CARTESIAN_POINT('Ctrl Pts',(38.6133208471151,8.61873921429907,63.));
#2385=CARTESIAN_POINT('Ctrl Pts',(37.7976648762472,8.82250694231083,63.));
#2386=CARTESIAN_POINT('Ctrl Pts',(37.2495253183409,8.93026584753366,63.));
#2387=CARTESIAN_POINT('Ctrl Pts',(36.9368634570521,8.98286209052236,63.));
#2388=CARTESIAN_POINT('Ctrl Pts',(36.8284683654383,9.00000013411045,63.));
#2389=CARTESIAN_POINT('',(54.,9.00000013411045,65.));
#2390=CARTESIAN_POINT('',(54.,9.00000013411045,63.));
#2391=CARTESIAN_POINT('',(36.8284683654383,9.00000013411045,65.));
#2392=CARTESIAN_POINT('Ctrl Pts',(36.8284683654384,9.00000013411045,65.));
#2393=CARTESIAN_POINT('Ctrl Pts',(36.9368634570521,8.98286209052236,65.));
#2394=CARTESIAN_POINT('Ctrl Pts',(37.2495253183409,8.93026584753365,65.));
#2395=CARTESIAN_POINT('Ctrl Pts',(37.7976648762473,8.82250694231083,65.));
#2396=CARTESIAN_POINT('Ctrl Pts',(38.6133208471151,8.61873921429907,65.));
#2397=CARTESIAN_POINT('Ctrl Pts',(39.6892592086459,8.24491714817718,65.));
#2398=CARTESIAN_POINT('Ctrl Pts',(40.8328668405309,7.67449365538176,65.));
#2399=CARTESIAN_POINT('Ctrl Pts',(41.8793576386631,6.9338086644983,65.));
#2400=CARTESIAN_POINT('Ctrl Pts',(42.7861676443715,6.02914576390959,65.));
#2401=CARTESIAN_POINT('Ctrl Pts',(43.5275746908051,4.99085583170602,65.));
#2402=CARTESIAN_POINT('Ctrl Pts',(44.0946320376755,3.87866120232534,65.));
#2403=CARTESIAN_POINT('Ctrl Pts',(44.4960682975631,2.79296844111742,65.));
#2404=CARTESIAN_POINT('Ctrl Pts',(44.7556680257347,1.85935353928644,65.));
#2405=CARTESIAN_POINT('Ctrl Pts',(44.9079160056867,1.19991869094922,65.));
#2406=CARTESIAN_POINT('Ctrl Pts',(44.9943110674139,0.907751892940323,65.));
#2407=CARTESIAN_POINT('Ctrl Pts',(45.0594557365683,1.0221159675339,65.));
#2408=CARTESIAN_POINT('Ctrl Pts',(45.1473719866267,1.49706332344469,65.));
#2409=CARTESIAN_POINT('Ctrl Pts',(45.2974493258328,2.23079868462847,65.));
#2410=CARTESIAN_POINT('Ctrl Pts',(45.5408142929027,3.10155999401797,65.));
#2411=CARTESIAN_POINT('Ctrl Pts',(45.8955539494675,4.00605628259186,65.));
#2412=CARTESIAN_POINT('Ctrl Pts',(46.3654625268286,4.87951620301523,65.));
#2413=CARTESIAN_POINT('Ctrl Pts',(46.9445692010287,5.6831091418096,65.));
#2414=CARTESIAN_POINT('Ctrl Pts',(47.6201974241008,6.39929851460507,65.));
#2415=CARTESIAN_POINT('Ctrl Pts',(48.3766109350742,7.02405335249698,65.));
#2416=CARTESIAN_POINT('Ctrl Pts',(49.1981767559652,7.5608310620032,65.));
#2417=CARTESIAN_POINT('Ctrl Pts',(50.0731744957326,8.01314170551534,65.));
#2418=CARTESIAN_POINT('Ctrl Pts',(50.9937541763915,8.38353187353722,65.));
#2419=CARTESIAN_POINT('Ctrl Pts',(51.9550049178333,8.67395419582513,65.));
#2420=CARTESIAN_POINT('Ctrl Pts',(52.7544722388567,8.84333870841539,65.));
#2421=CARTESIAN_POINT('Ctrl Pts',(53.3707585990483,8.93529012874699,65.));
#2422=CARTESIAN_POINT('Ctrl Pts',(53.7890190644561,8.98102453573585,65.));
#2423=CARTESIAN_POINT('Ctrl Pts',(54.,9.00000013411045,65.));
#2424=CARTESIAN_POINT('',(36.8284683654383,9.00000013411045,63.));
#2425=CARTESIAN_POINT('Origin',(54.,9.00000013411045,63.));
#2426=CARTESIAN_POINT('',(54.,9.00000013411045,63.));
#2427=CARTESIAN_POINT('',(54.,9.00000013411045,65.));
#2428=CARTESIAN_POINT('Origin',(45.4142341827192,4.95387601352539,65.));
#2429=CARTESIAN_POINT('Origin',(45.4142341827192,4.95387601352539,63.));
#2430=CARTESIAN_POINT('Ctrl Pts',(36.8284683654384,9.00000013411045,1.00000000000001));
#2431=CARTESIAN_POINT('Ctrl Pts',(36.8284683654384,9.00000013411045,3.00000000000001));
#2432=CARTESIAN_POINT('Ctrl Pts',(36.9368634570521,8.98286209052236,1.00000000000001));
#2433=CARTESIAN_POINT('Ctrl Pts',(36.9368634570521,8.98286209052236,3.00000000000001));
#2434=CARTESIAN_POINT('Ctrl Pts',(37.2495253183409,8.93026584753365,1.00000000000001));
#2435=CARTESIAN_POINT('Ctrl Pts',(37.2495253183409,8.93026584753365,3.00000000000001));
#2436=CARTESIAN_POINT('Ctrl Pts',(37.7976648762473,8.82250694231083,1.00000000000001));
#2437=CARTESIAN_POINT('Ctrl Pts',(37.7976648762473,8.82250694231083,3.00000000000001));
#2438=CARTESIAN_POINT('Ctrl Pts',(38.6133208471151,8.61873921429907,1.00000000000001));
#2439=CARTESIAN_POINT('Ctrl Pts',(38.6133208471151,8.61873921429907,3.00000000000001));
#2440=CARTESIAN_POINT('Ctrl Pts',(39.6892592086459,8.24491714817718,1.00000000000001));
#2441=CARTESIAN_POINT('Ctrl Pts',(39.6892592086459,8.24491714817718,3.00000000000001));
#2442=CARTESIAN_POINT('Ctrl Pts',(40.8328668405309,7.67449365538176,1.00000000000001));
#2443=CARTESIAN_POINT('Ctrl Pts',(40.8328668405309,7.67449365538176,3.00000000000001));
#2444=CARTESIAN_POINT('Ctrl Pts',(41.8793576386631,6.9338086644983,1.00000000000001));
#2445=CARTESIAN_POINT('Ctrl Pts',(41.8793576386631,6.9338086644983,3.00000000000001));
#2446=CARTESIAN_POINT('Ctrl Pts',(42.7861676443715,6.02914576390959,1.00000000000001));
#2447=CARTESIAN_POINT('Ctrl Pts',(42.7861676443715,6.02914576390959,3.00000000000001));
#2448=CARTESIAN_POINT('Ctrl Pts',(43.5275746908051,4.99085583170602,1.00000000000001));
#2449=CARTESIAN_POINT('Ctrl Pts',(43.5275746908051,4.99085583170602,3.00000000000001));
#2450=CARTESIAN_POINT('Ctrl Pts',(44.0946320376755,3.87866120232534,1.00000000000001));
#2451=CARTESIAN_POINT('Ctrl Pts',(44.0946320376755,3.87866120232534,3.00000000000001));
#2452=CARTESIAN_POINT('Ctrl Pts',(44.4960682975631,2.79296844111742,1.00000000000001));
#2453=CARTESIAN_POINT('Ctrl Pts',(44.4960682975631,2.79296844111742,3.00000000000001));
#2454=CARTESIAN_POINT('Ctrl Pts',(44.7556680257347,1.85935353928644,1.00000000000001));
#2455=CARTESIAN_POINT('Ctrl Pts',(44.7556680257347,1.85935353928644,3.00000000000001));
#2456=CARTESIAN_POINT('Ctrl Pts',(44.9079160056867,1.19991869094922,1.00000000000001));
#2457=CARTESIAN_POINT('Ctrl Pts',(44.9079160056867,1.19991869094922,3.00000000000001));
#2458=CARTESIAN_POINT('Ctrl Pts',(44.9943110674139,0.907751892940323,1.00000000000001));
#2459=CARTESIAN_POINT('Ctrl Pts',(44.9943110674139,0.907751892940323,3.00000000000001));
#2460=CARTESIAN_POINT('Ctrl Pts',(45.0594557365683,1.0221159675339,1.00000000000001));
#2461=CARTESIAN_POINT('Ctrl Pts',(45.0594557365683,1.0221159675339,3.00000000000001));
#2462=CARTESIAN_POINT('Ctrl Pts',(45.1473719866267,1.49706332344469,1.00000000000001));
#2463=CARTESIAN_POINT('Ctrl Pts',(45.1473719866267,1.49706332344469,3.00000000000001));
#2464=CARTESIAN_POINT('Ctrl Pts',(45.2974493258328,2.23079868462847,1.00000000000001));
#2465=CARTESIAN_POINT('Ctrl Pts',(45.2974493258328,2.23079868462847,3.00000000000001));
#2466=CARTESIAN_POINT('Ctrl Pts',(45.5408142929027,3.10155999401797,1.00000000000001));
#2467=CARTESIAN_POINT('Ctrl Pts',(45.5408142929027,3.10155999401797,3.00000000000001));
#2468=CARTESIAN_POINT('Ctrl Pts',(45.8955539494675,4.00605628259186,1.00000000000001));
#2469=CARTESIAN_POINT('Ctrl Pts',(45.8955539494675,4.00605628259186,3.00000000000001));
#2470=CARTESIAN_POINT('Ctrl Pts',(46.3654625268286,4.87951620301523,1.00000000000001));
#2471=CARTESIAN_POINT('Ctrl Pts',(46.3654625268286,4.87951620301523,3.00000000000001));
#2472=CARTESIAN_POINT('Ctrl Pts',(46.9445692010287,5.6831091418096,1.00000000000001));
#2473=CARTESIAN_POINT('Ctrl Pts',(46.9445692010287,5.6831091418096,3.00000000000001));
#2474=CARTESIAN_POINT('Ctrl Pts',(47.6201974241008,6.39929851460507,1.00000000000001));
#2475=CARTESIAN_POINT('Ctrl Pts',(47.6201974241008,6.39929851460507,3.00000000000001));
#2476=CARTESIAN_POINT('Ctrl Pts',(48.3766109350742,7.02405335249698,1.00000000000001));
#2477=CARTESIAN_POINT('Ctrl Pts',(48.3766109350742,7.02405335249698,3.00000000000001));
#2478=CARTESIAN_POINT('Ctrl Pts',(49.1981767559652,7.5608310620032,1.00000000000001));
#2479=CARTESIAN_POINT('Ctrl Pts',(49.1981767559652,7.5608310620032,3.00000000000001));
#2480=CARTESIAN_POINT('Ctrl Pts',(50.0731744957326,8.01314170551534,1.00000000000001));
#2481=CARTESIAN_POINT('Ctrl Pts',(50.0731744957326,8.01314170551534,3.00000000000001));
#2482=CARTESIAN_POINT('Ctrl Pts',(50.9937541763915,8.38353187353722,1.00000000000001));
#2483=CARTESIAN_POINT('Ctrl Pts',(50.9937541763915,8.38353187353722,3.00000000000001));
#2484=CARTESIAN_POINT('Ctrl Pts',(51.9550049178333,8.67395419582513,1.00000000000001));
#2485=CARTESIAN_POINT('Ctrl Pts',(51.9550049178333,8.67395419582513,3.00000000000001));
#2486=CARTESIAN_POINT('Ctrl Pts',(52.7544722388567,8.84333870841539,1.00000000000001));
#2487=CARTESIAN_POINT('Ctrl Pts',(52.7544722388567,8.84333870841539,3.00000000000001));
#2488=CARTESIAN_POINT('Ctrl Pts',(53.3707585990483,8.93529012874699,1.00000000000001));
#2489=CARTESIAN_POINT('Ctrl Pts',(53.3707585990483,8.93529012874699,3.00000000000001));
#2490=CARTESIAN_POINT('Ctrl Pts',(53.7890190644561,8.98102453573585,1.00000000000001));
#2491=CARTESIAN_POINT('Ctrl Pts',(53.7890190644561,8.98102453573585,3.00000000000001));
#2492=CARTESIAN_POINT('Ctrl Pts',(54.,9.00000013411045,1.00000000000001));
#2493=CARTESIAN_POINT('Ctrl Pts',(54.,9.00000013411045,3.00000000000001));
#2494=CARTESIAN_POINT('',(54.,9.00000013411045,1.00000000000001));
#2495=CARTESIAN_POINT('',(36.8284683654383,9.00000013411045,1.00000000000001));
#2496=CARTESIAN_POINT('Ctrl Pts',(54.,9.00000013411045,1.00000000000001));
#2497=CARTESIAN_POINT('Ctrl Pts',(53.7890190644561,8.98102453573585,1.00000000000001));
#2498=CARTESIAN_POINT('Ctrl Pts',(53.3707585990483,8.93529012874699,1.00000000000001));
#2499=CARTESIAN_POINT('Ctrl Pts',(52.7544722388567,8.84333870841539,1.00000000000001));
#2500=CARTESIAN_POINT('Ctrl Pts',(51.9550049178333,8.67395419582513,1.00000000000001));
#2501=CARTESIAN_POINT('Ctrl Pts',(50.9937541763915,8.38353187353722,1.00000000000001));
#2502=CARTESIAN_POINT('Ctrl Pts',(50.0731744957326,8.01314170551534,1.00000000000001));
#2503=CARTESIAN_POINT('Ctrl Pts',(49.1981767559652,7.5608310620032,1.00000000000001));
#2504=CARTESIAN_POINT('Ctrl Pts',(48.3766109350742,7.02405335249698,1.00000000000001));
#2505=CARTESIAN_POINT('Ctrl Pts',(47.6201974241008,6.39929851460507,1.00000000000001));
#2506=CARTESIAN_POINT('Ctrl Pts',(46.9445692010287,5.6831091418096,1.00000000000001));
#2507=CARTESIAN_POINT('Ctrl Pts',(46.3654625268286,4.87951620301523,1.00000000000001));
#2508=CARTESIAN_POINT('Ctrl Pts',(45.8955539494675,4.00605628259186,1.00000000000001));
#2509=CARTESIAN_POINT('Ctrl Pts',(45.5408142929027,3.10155999401797,1.00000000000001));
#2510=CARTESIAN_POINT('Ctrl Pts',(45.2974493258328,2.23079868462847,1.00000000000001));
#2511=CARTESIAN_POINT('Ctrl Pts',(45.1473719866267,1.49706332344469,1.00000000000001));
#2512=CARTESIAN_POINT('Ctrl Pts',(45.0594557365683,1.0221159675339,1.00000000000001));
#2513=CARTESIAN_POINT('Ctrl Pts',(44.9943110674139,0.907751892940323,1.00000000000001));
#2514=CARTESIAN_POINT('Ctrl Pts',(44.9079160056867,1.19991869094922,1.00000000000001));
#2515=CARTESIAN_POINT('Ctrl Pts',(44.7556680257347,1.85935353928644,1.00000000000001));
#2516=CARTESIAN_POINT('Ctrl Pts',(44.4960682975631,2.79296844111742,1.00000000000001));
#2517=CARTESIAN_POINT('Ctrl Pts',(44.0946320376755,3.87866120232534,1.00000000000001));
#2518=CARTESIAN_POINT('Ctrl Pts',(43.5275746908051,4.99085583170602,1.00000000000001));
#2519=CARTESIAN_POINT('Ctrl Pts',(42.7861676443715,6.02914576390959,1.00000000000001));
#2520=CARTESIAN_POINT('Ctrl Pts',(41.8793576386631,6.9338086644983,1.00000000000001));
#2521=CARTESIAN_POINT('Ctrl Pts',(40.8328668405309,7.67449365538176,1.00000000000001));
#2522=CARTESIAN_POINT('Ctrl Pts',(39.6892592086459,8.24491714817718,1.00000000000001));
#2523=CARTESIAN_POINT('Ctrl Pts',(38.6133208471151,8.61873921429907,1.00000000000001));
#2524=CARTESIAN_POINT('Ctrl Pts',(37.7976648762472,8.82250694231083,1.00000000000001));
#2525=CARTESIAN_POINT('Ctrl Pts',(37.2495253183409,8.93026584753366,1.00000000000001));
#2526=CARTESIAN_POINT('Ctrl Pts',(36.9368634570521,8.98286209052236,1.00000000000001));
#2527=CARTESIAN_POINT('Ctrl Pts',(36.8284683654383,9.00000013411045,1.00000000000001));
#2528=CARTESIAN_POINT('',(54.,9.00000013411045,3.00000000000001));
#2529=CARTESIAN_POINT('',(54.,9.00000013411045,1.00000000000001));
#2530=CARTESIAN_POINT('',(36.8284683654383,9.00000013411045,3.00000000000001));
#2531=CARTESIAN_POINT('Ctrl Pts',(36.8284683654384,9.00000013411045,3.00000000000001));
#2532=CARTESIAN_POINT('Ctrl Pts',(36.9368634570521,8.98286209052236,3.00000000000001));
#2533=CARTESIAN_POINT('Ctrl Pts',(37.2495253183409,8.93026584753365,3.00000000000001));
#2534=CARTESIAN_POINT('Ctrl Pts',(37.7976648762473,8.82250694231083,3.00000000000001));
#2535=CARTESIAN_POINT('Ctrl Pts',(38.6133208471151,8.61873921429907,3.00000000000001));
#2536=CARTESIAN_POINT('Ctrl Pts',(39.6892592086459,8.24491714817718,3.00000000000001));
#2537=CARTESIAN_POINT('Ctrl Pts',(40.8328668405309,7.67449365538176,3.00000000000001));
#2538=CARTESIAN_POINT('Ctrl Pts',(41.8793576386631,6.9338086644983,3.00000000000001));
#2539=CARTESIAN_POINT('Ctrl Pts',(42.7861676443715,6.02914576390959,3.00000000000001));
#2540=CARTESIAN_POINT('Ctrl Pts',(43.5275746908051,4.99085583170602,3.00000000000001));
#2541=CARTESIAN_POINT('Ctrl Pts',(44.0946320376755,3.87866120232534,3.00000000000001));
#2542=CARTESIAN_POINT('Ctrl Pts',(44.4960682975631,2.79296844111742,3.00000000000001));
#2543=CARTESIAN_POINT('Ctrl Pts',(44.7556680257347,1.85935353928644,3.00000000000001));
#2544=CARTESIAN_POINT('Ctrl Pts',(44.9079160056867,1.19991869094922,3.00000000000001));
#2545=CARTESIAN_POINT('Ctrl Pts',(44.9943110674139,0.907751892940323,3.00000000000001));
#2546=CARTESIAN_POINT('Ctrl Pts',(45.0594557365683,1.0221159675339,3.00000000000001));
#2547=CARTESIAN_POINT('Ctrl Pts',(45.1473719866267,1.49706332344469,3.00000000000001));
#2548=CARTESIAN_POINT('Ctrl Pts',(45.2974493258328,2.23079868462847,3.00000000000001));
#2549=CARTESIAN_POINT('Ctrl Pts',(45.5408142929027,3.10155999401797,3.00000000000001));
#2550=CARTESIAN_POINT('Ctrl Pts',(45.8955539494675,4.00605628259186,3.00000000000001));
#2551=CARTESIAN_POINT('Ctrl Pts',(46.3654625268286,4.87951620301523,3.00000000000001));
#2552=CARTESIAN_POINT('Ctrl Pts',(46.9445692010287,5.6831091418096,3.00000000000001));
#2553=CARTESIAN_POINT('Ctrl Pts',(47.6201974241008,6.39929851460507,3.00000000000001));
#2554=CARTESIAN_POINT('Ctrl Pts',(48.3766109350742,7.02405335249698,3.00000000000001));
#2555=CARTESIAN_POINT('Ctrl Pts',(49.1981767559652,7.5608310620032,3.00000000000001));
#2556=CARTESIAN_POINT('Ctrl Pts',(50.0731744957326,8.01314170551534,3.00000000000001));
#2557=CARTESIAN_POINT('Ctrl Pts',(50.9937541763915,8.38353187353722,3.00000000000001));
#2558=CARTESIAN_POINT('Ctrl Pts',(51.9550049178333,8.67395419582513,3.00000000000001));
#2559=CARTESIAN_POINT('Ctrl Pts',(52.7544722388567,8.84333870841539,3.00000000000001));
#2560=CARTESIAN_POINT('Ctrl Pts',(53.3707585990483,8.93529012874699,3.00000000000001));
#2561=CARTESIAN_POINT('Ctrl Pts',(53.7890190644561,8.98102453573585,3.00000000000001));
#2562=CARTESIAN_POINT('Ctrl Pts',(54.,9.00000013411045,3.00000000000001));
#2563=CARTESIAN_POINT('',(36.8284683654383,9.00000013411045,1.00000000000001));
#2564=CARTESIAN_POINT('Origin',(54.,9.00000013411045,1.00000000000001));
#2565=CARTESIAN_POINT('',(54.,9.00000013411045,1.00000000000001));
#2566=CARTESIAN_POINT('',(54.,9.00000013411045,3.00000000000001));
#2567=CARTESIAN_POINT('Origin',(45.4142341827192,4.95387601352539,3.00000000000001));
#2568=CARTESIAN_POINT('Origin',(45.4142341827192,4.95387601352539,1.00000000000001));
#2569=CARTESIAN_POINT('Ctrl Pts',(18.8284683654384,9.00000013411045,63.));
#2570=CARTESIAN_POINT('Ctrl Pts',(18.8284683654384,9.00000013411045,65.));
#2571=CARTESIAN_POINT('Ctrl Pts',(18.9368634570521,8.98286209052236,63.));
#2572=CARTESIAN_POINT('Ctrl Pts',(18.9368634570521,8.98286209052236,65.));
#2573=CARTESIAN_POINT('Ctrl Pts',(19.2495253183409,8.93026584753365,63.));
#2574=CARTESIAN_POINT('Ctrl Pts',(19.2495253183409,8.93026584753365,65.));
#2575=CARTESIAN_POINT('Ctrl Pts',(19.7976648762473,8.82250694231083,63.));
#2576=CARTESIAN_POINT('Ctrl Pts',(19.7976648762473,8.82250694231083,65.));
#2577=CARTESIAN_POINT('Ctrl Pts',(20.6133208471151,8.61873921429907,63.));
#2578=CARTESIAN_POINT('Ctrl Pts',(20.6133208471151,8.61873921429907,65.));
#2579=CARTESIAN_POINT('Ctrl Pts',(21.6892592086459,8.24491714817718,63.));
#2580=CARTESIAN_POINT('Ctrl Pts',(21.6892592086459,8.24491714817718,65.));
#2581=CARTESIAN_POINT('Ctrl Pts',(22.8328668405309,7.67449365538176,63.));
#2582=CARTESIAN_POINT('Ctrl Pts',(22.8328668405309,7.67449365538176,65.));
#2583=CARTESIAN_POINT('Ctrl Pts',(23.8793576386631,6.9338086644983,63.));
#2584=CARTESIAN_POINT('Ctrl Pts',(23.8793576386631,6.9338086644983,65.));
#2585=CARTESIAN_POINT('Ctrl Pts',(24.7861676443715,6.02914576390959,63.));
#2586=CARTESIAN_POINT('Ctrl Pts',(24.7861676443715,6.02914576390959,65.));
#2587=CARTESIAN_POINT('Ctrl Pts',(25.5275746908051,4.99085583170602,63.));
#2588=CARTESIAN_POINT('Ctrl Pts',(25.5275746908051,4.99085583170602,65.));
#2589=CARTESIAN_POINT('Ctrl Pts',(26.0946320376755,3.87866120232534,63.));
#2590=CARTESIAN_POINT('Ctrl Pts',(26.0946320376755,3.87866120232534,65.));
#2591=CARTESIAN_POINT('Ctrl Pts',(26.4960682975631,2.79296844111742,63.));
#2592=CARTESIAN_POINT('Ctrl Pts',(26.4960682975631,2.79296844111742,65.));
#2593=CARTESIAN_POINT('Ctrl Pts',(26.7556680257347,1.85935353928644,63.));
#2594=CARTESIAN_POINT('Ctrl Pts',(26.7556680257347,1.85935353928644,65.));
#2595=CARTESIAN_POINT('Ctrl Pts',(26.9079160056867,1.19991869094922,63.));
#2596=CARTESIAN_POINT('Ctrl Pts',(26.9079160056867,1.19991869094922,65.));
#2597=CARTESIAN_POINT('Ctrl Pts',(26.9943110674139,0.907751892940323,63.));
#2598=CARTESIAN_POINT('Ctrl Pts',(26.9943110674139,0.907751892940323,65.));
#2599=CARTESIAN_POINT('Ctrl Pts',(27.0594557365683,1.0221159675339,63.));
#2600=CARTESIAN_POINT('Ctrl Pts',(27.0594557365683,1.0221159675339,65.));
#2601=CARTESIAN_POINT('Ctrl Pts',(27.1473719866267,1.49706332344469,63.));
#2602=CARTESIAN_POINT('Ctrl Pts',(27.1473719866267,1.49706332344469,65.));
#2603=CARTESIAN_POINT('Ctrl Pts',(27.2974493258328,2.23079868462847,63.));
#2604=CARTESIAN_POINT('Ctrl Pts',(27.2974493258328,2.23079868462847,65.));
#2605=CARTESIAN_POINT('Ctrl Pts',(27.5408142929027,3.10155999401797,63.));
#2606=CARTESIAN_POINT('Ctrl Pts',(27.5408142929027,3.10155999401797,65.));
#2607=CARTESIAN_POINT('Ctrl Pts',(27.8955539494675,4.00605628259186,63.));
#2608=CARTESIAN_POINT('Ctrl Pts',(27.8955539494675,4.00605628259186,65.));
#2609=CARTESIAN_POINT('Ctrl Pts',(28.3654625268286,4.87951620301523,63.));
#2610=CARTESIAN_POINT('Ctrl Pts',(28.3654625268286,4.87951620301523,65.));
#2611=CARTESIAN_POINT('Ctrl Pts',(28.9445692010287,5.6831091418096,63.));
#2612=CARTESIAN_POINT('Ctrl Pts',(28.9445692010287,5.6831091418096,65.));
#2613=CARTESIAN_POINT('Ctrl Pts',(29.6201974241008,6.39929851460507,63.));
#2614=CARTESIAN_POINT('Ctrl Pts',(29.6201974241008,6.39929851460507,65.));
#2615=CARTESIAN_POINT('Ctrl Pts',(30.3766109350742,7.02405335249698,63.));
#2616=CARTESIAN_POINT('Ctrl Pts',(30.3766109350742,7.02405335249698,65.));
#2617=CARTESIAN_POINT('Ctrl Pts',(31.1981767559652,7.5608310620032,63.));
#2618=CARTESIAN_POINT('Ctrl Pts',(31.1981767559652,7.5608310620032,65.));
#2619=CARTESIAN_POINT('Ctrl Pts',(32.0731744957326,8.01314170551534,63.));
#2620=CARTESIAN_POINT('Ctrl Pts',(32.0731744957326,8.01314170551534,65.));
#2621=CARTESIAN_POINT('Ctrl Pts',(32.9937541763915,8.38353187353722,63.));
#2622=CARTESIAN_POINT('Ctrl Pts',(32.9937541763915,8.38353187353722,65.));
#2623=CARTESIAN_POINT('Ctrl Pts',(33.9550049178333,8.67395419582513,63.));
#2624=CARTESIAN_POINT('Ctrl Pts',(33.9550049178333,8.67395419582513,65.));
#2625=CARTESIAN_POINT('Ctrl Pts',(34.7544722388567,8.84333870841539,63.));
#2626=CARTESIAN_POINT('Ctrl Pts',(34.7544722388567,8.84333870841539,65.));
#2627=CARTESIAN_POINT('Ctrl Pts',(35.3707585990483,8.93529012874699,63.));
#2628=CARTESIAN_POINT('Ctrl Pts',(35.3707585990483,8.93529012874699,65.));
#2629=CARTESIAN_POINT('Ctrl Pts',(35.7890190644561,8.98102453573585,63.));
#2630=CARTESIAN_POINT('Ctrl Pts',(35.7890190644561,8.98102453573585,65.));
#2631=CARTESIAN_POINT('Ctrl Pts',(36.,9.00000013411045,63.));
#2632=CARTESIAN_POINT('Ctrl Pts',(36.,9.00000013411045,65.));
#2633=CARTESIAN_POINT('',(36.,9.00000013411045,63.));
#2634=CARTESIAN_POINT('',(18.8284683654383,9.00000013411045,63.));
#2635=CARTESIAN_POINT('Ctrl Pts',(36.,9.00000013411045,63.));
#2636=CARTESIAN_POINT('Ctrl Pts',(35.7890190644561,8.98102453573585,63.));
#2637=CARTESIAN_POINT('Ctrl Pts',(35.3707585990483,8.93529012874699,63.));
#2638=CARTESIAN_POINT('Ctrl Pts',(34.7544722388567,8.84333870841539,63.));
#2639=CARTESIAN_POINT('Ctrl Pts',(33.9550049178333,8.67395419582513,63.));
#2640=CARTESIAN_POINT('Ctrl Pts',(32.9937541763915,8.38353187353722,63.));
#2641=CARTESIAN_POINT('Ctrl Pts',(32.0731744957326,8.01314170551534,63.));
#2642=CARTESIAN_POINT('Ctrl Pts',(31.1981767559652,7.5608310620032,63.));
#2643=CARTESIAN_POINT('Ctrl Pts',(30.3766109350742,7.02405335249698,63.));
#2644=CARTESIAN_POINT('Ctrl Pts',(29.6201974241008,6.39929851460507,63.));
#2645=CARTESIAN_POINT('Ctrl Pts',(28.9445692010287,5.6831091418096,63.));
#2646=CARTESIAN_POINT('Ctrl Pts',(28.3654625268286,4.87951620301523,63.));
#2647=CARTESIAN_POINT('Ctrl Pts',(27.8955539494675,4.00605628259186,63.));
#2648=CARTESIAN_POINT('Ctrl Pts',(27.5408142929027,3.10155999401797,63.));
#2649=CARTESIAN_POINT('Ctrl Pts',(27.2974493258328,2.23079868462847,63.));
#2650=CARTESIAN_POINT('Ctrl Pts',(27.1473719866267,1.49706332344469,63.));
#2651=CARTESIAN_POINT('Ctrl Pts',(27.0594557365683,1.0221159675339,63.));
#2652=CARTESIAN_POINT('Ctrl Pts',(26.9943110674139,0.907751892940323,63.));
#2653=CARTESIAN_POINT('Ctrl Pts',(26.9079160056867,1.19991869094922,63.));
#2654=CARTESIAN_POINT('Ctrl Pts',(26.7556680257347,1.85935353928644,63.));
#2655=CARTESIAN_POINT('Ctrl Pts',(26.4960682975631,2.79296844111742,63.));
#2656=CARTESIAN_POINT('Ctrl Pts',(26.0946320376755,3.87866120232534,63.));
#2657=CARTESIAN_POINT('Ctrl Pts',(25.5275746908051,4.99085583170602,63.));
#2658=CARTESIAN_POINT('Ctrl Pts',(24.7861676443715,6.02914576390959,63.));
#2659=CARTESIAN_POINT('Ctrl Pts',(23.8793576386631,6.9338086644983,63.));
#2660=CARTESIAN_POINT('Ctrl Pts',(22.8328668405309,7.67449365538176,63.));
#2661=CARTESIAN_POINT('Ctrl Pts',(21.6892592086459,8.24491714817718,63.));
#2662=CARTESIAN_POINT('Ctrl Pts',(20.6133208471151,8.61873921429907,63.));
#2663=CARTESIAN_POINT('Ctrl Pts',(19.7976648762472,8.82250694231083,63.));
#2664=CARTESIAN_POINT('Ctrl Pts',(19.2495253183409,8.93026584753366,63.));
#2665=CARTESIAN_POINT('Ctrl Pts',(18.9368634570521,8.98286209052236,63.));
#2666=CARTESIAN_POINT('Ctrl Pts',(18.8284683654383,9.00000013411045,63.));
#2667=CARTESIAN_POINT('',(36.,9.00000013411045,65.));
#2668=CARTESIAN_POINT('',(36.,9.00000013411045,63.));
#2669=CARTESIAN_POINT('',(18.8284683654383,9.00000013411045,65.));
#2670=CARTESIAN_POINT('Ctrl Pts',(18.8284683654384,9.00000013411045,65.));
#2671=CARTESIAN_POINT('Ctrl Pts',(18.9368634570521,8.98286209052236,65.));
#2672=CARTESIAN_POINT('Ctrl Pts',(19.2495253183409,8.93026584753365,65.));
#2673=CARTESIAN_POINT('Ctrl Pts',(19.7976648762473,8.82250694231083,65.));
#2674=CARTESIAN_POINT('Ctrl Pts',(20.6133208471151,8.61873921429907,65.));
#2675=CARTESIAN_POINT('Ctrl Pts',(21.6892592086459,8.24491714817718,65.));
#2676=CARTESIAN_POINT('Ctrl Pts',(22.8328668405309,7.67449365538176,65.));
#2677=CARTESIAN_POINT('Ctrl Pts',(23.8793576386631,6.9338086644983,65.));
#2678=CARTESIAN_POINT('Ctrl Pts',(24.7861676443715,6.02914576390959,65.));
#2679=CARTESIAN_POINT('Ctrl Pts',(25.5275746908051,4.99085583170602,65.));
#2680=CARTESIAN_POINT('Ctrl Pts',(26.0946320376755,3.87866120232534,65.));
#2681=CARTESIAN_POINT('Ctrl Pts',(26.4960682975631,2.79296844111742,65.));
#2682=CARTESIAN_POINT('Ctrl Pts',(26.7556680257347,1.85935353928644,65.));
#2683=CARTESIAN_POINT('Ctrl Pts',(26.9079160056867,1.19991869094922,65.));
#2684=CARTESIAN_POINT('Ctrl Pts',(26.9943110674139,0.907751892940323,65.));
#2685=CARTESIAN_POINT('Ctrl Pts',(27.0594557365683,1.0221159675339,65.));
#2686=CARTESIAN_POINT('Ctrl Pts',(27.1473719866267,1.49706332344469,65.));
#2687=CARTESIAN_POINT('Ctrl Pts',(27.2974493258328,2.23079868462847,65.));
#2688=CARTESIAN_POINT('Ctrl Pts',(27.5408142929027,3.10155999401797,65.));
#2689=CARTESIAN_POINT('Ctrl Pts',(27.8955539494675,4.00605628259186,65.));
#2690=CARTESIAN_POINT('Ctrl Pts',(28.3654625268286,4.87951620301523,65.));
#2691=CARTESIAN_POINT('Ctrl Pts',(28.9445692010287,5.6831091418096,65.));
#2692=CARTESIAN_POINT('Ctrl Pts',(29.6201974241008,6.39929851460507,65.));
#2693=CARTESIAN_POINT('Ctrl Pts',(30.3766109350742,7.02405335249698,65.));
#2694=CARTESIAN_POINT('Ctrl Pts',(31.1981767559652,7.5608310620032,65.));
#2695=CARTESIAN_POINT('Ctrl Pts',(32.0731744957326,8.01314170551534,65.));
#2696=CARTESIAN_POINT('Ctrl Pts',(32.9937541763915,8.38353187353722,65.));
#2697=CARTESIAN_POINT('Ctrl Pts',(33.9550049178333,8.67395419582513,65.));
#2698=CARTESIAN_POINT('Ctrl Pts',(34.7544722388567,8.84333870841539,65.));
#2699=CARTESIAN_POINT('Ctrl Pts',(35.3707585990483,8.93529012874699,65.));
#2700=CARTESIAN_POINT('Ctrl Pts',(35.7890190644561,8.98102453573585,65.));
#2701=CARTESIAN_POINT('Ctrl Pts',(36.,9.00000013411045,65.));
#2702=CARTESIAN_POINT('',(18.8284683654383,9.00000013411045,63.));
#2703=CARTESIAN_POINT('Origin',(36.,9.00000013411045,63.));
#2704=CARTESIAN_POINT('',(36.,9.00000013411045,63.));
#2705=CARTESIAN_POINT('',(36.,9.00000013411045,65.));
#2706=CARTESIAN_POINT('Origin',(27.4142341827192,4.95387601352539,65.));
#2707=CARTESIAN_POINT('Origin',(27.4142341827192,4.95387601352539,63.));
#2708=CARTESIAN_POINT('Ctrl Pts',(18.8284683654384,9.00000013411045,1.00000000000001));
#2709=CARTESIAN_POINT('Ctrl Pts',(18.8284683654384,9.00000013411045,3.00000000000001));
#2710=CARTESIAN_POINT('Ctrl Pts',(18.9368634570521,8.98286209052236,1.00000000000001));
#2711=CARTESIAN_POINT('Ctrl Pts',(18.9368634570521,8.98286209052236,3.00000000000001));
#2712=CARTESIAN_POINT('Ctrl Pts',(19.2495253183409,8.93026584753365,1.00000000000001));
#2713=CARTESIAN_POINT('Ctrl Pts',(19.2495253183409,8.93026584753365,3.00000000000001));
#2714=CARTESIAN_POINT('Ctrl Pts',(19.7976648762473,8.82250694231083,1.00000000000001));
#2715=CARTESIAN_POINT('Ctrl Pts',(19.7976648762473,8.82250694231083,3.00000000000001));
#2716=CARTESIAN_POINT('Ctrl Pts',(20.6133208471151,8.61873921429907,1.00000000000001));
#2717=CARTESIAN_POINT('Ctrl Pts',(20.6133208471151,8.61873921429907,3.00000000000001));
#2718=CARTESIAN_POINT('Ctrl Pts',(21.6892592086459,8.24491714817718,1.00000000000001));
#2719=CARTESIAN_POINT('Ctrl Pts',(21.6892592086459,8.24491714817718,3.00000000000001));
#2720=CARTESIAN_POINT('Ctrl Pts',(22.8328668405309,7.67449365538176,1.00000000000001));
#2721=CARTESIAN_POINT('Ctrl Pts',(22.8328668405309,7.67449365538176,3.00000000000001));
#2722=CARTESIAN_POINT('Ctrl Pts',(23.8793576386631,6.9338086644983,1.00000000000001));
#2723=CARTESIAN_POINT('Ctrl Pts',(23.8793576386631,6.9338086644983,3.00000000000001));
#2724=CARTESIAN_POINT('Ctrl Pts',(24.7861676443715,6.02914576390959,1.00000000000001));
#2725=CARTESIAN_POINT('Ctrl Pts',(24.7861676443715,6.02914576390959,3.00000000000001));
#2726=CARTESIAN_POINT('Ctrl Pts',(25.5275746908051,4.99085583170602,1.00000000000001));
#2727=CARTESIAN_POINT('Ctrl Pts',(25.5275746908051,4.99085583170602,3.00000000000001));
#2728=CARTESIAN_POINT('Ctrl Pts',(26.0946320376755,3.87866120232534,1.00000000000001));
#2729=CARTESIAN_POINT('Ctrl Pts',(26.0946320376755,3.87866120232534,3.00000000000001));
#2730=CARTESIAN_POINT('Ctrl Pts',(26.4960682975631,2.79296844111742,1.00000000000001));
#2731=CARTESIAN_POINT('Ctrl Pts',(26.4960682975631,2.79296844111742,3.00000000000001));
#2732=CARTESIAN_POINT('Ctrl Pts',(26.7556680257347,1.85935353928644,1.00000000000001));
#2733=CARTESIAN_POINT('Ctrl Pts',(26.7556680257347,1.85935353928644,3.00000000000001));
#2734=CARTESIAN_POINT('Ctrl Pts',(26.9079160056867,1.19991869094922,1.00000000000001));
#2735=CARTESIAN_POINT('Ctrl Pts',(26.9079160056867,1.19991869094922,3.00000000000001));
#2736=CARTESIAN_POINT('Ctrl Pts',(26.9943110674139,0.907751892940323,1.00000000000001));
#2737=CARTESIAN_POINT('Ctrl Pts',(26.9943110674139,0.907751892940323,3.00000000000001));
#2738=CARTESIAN_POINT('Ctrl Pts',(27.0594557365683,1.0221159675339,1.00000000000001));
#2739=CARTESIAN_POINT('Ctrl Pts',(27.0594557365683,1.0221159675339,3.00000000000001));
#2740=CARTESIAN_POINT('Ctrl Pts',(27.1473719866267,1.49706332344469,1.00000000000001));
#2741=CARTESIAN_POINT('Ctrl Pts',(27.1473719866267,1.49706332344469,3.00000000000001));
#2742=CARTESIAN_POINT('Ctrl Pts',(27.2974493258328,2.23079868462847,1.00000000000001));
#2743=CARTESIAN_POINT('Ctrl Pts',(27.2974493258328,2.23079868462847,3.00000000000001));
#2744=CARTESIAN_POINT('Ctrl Pts',(27.5408142929027,3.10155999401797,1.00000000000001));
#2745=CARTESIAN_POINT('Ctrl Pts',(27.5408142929027,3.10155999401797,3.00000000000001));
#2746=CARTESIAN_POINT('Ctrl Pts',(27.8955539494675,4.00605628259186,1.00000000000001));
#2747=CARTESIAN_POINT('Ctrl Pts',(27.8955539494675,4.00605628259186,3.00000000000001));
#2748=CARTESIAN_POINT('Ctrl Pts',(28.3654625268286,4.87951620301523,1.00000000000001));
#2749=CARTESIAN_POINT('Ctrl Pts',(28.3654625268286,4.87951620301523,3.00000000000001));
#2750=CARTESIAN_POINT('Ctrl Pts',(28.9445692010287,5.6831091418096,1.00000000000001));
#2751=CARTESIAN_POINT('Ctrl Pts',(28.9445692010287,5.6831091418096,3.00000000000001));
#2752=CARTESIAN_POINT('Ctrl Pts',(29.6201974241008,6.39929851460507,1.00000000000001));
#2753=CARTESIAN_POINT('Ctrl Pts',(29.6201974241008,6.39929851460507,3.00000000000001));
#2754=CARTESIAN_POINT('Ctrl Pts',(30.3766109350742,7.02405335249698,1.00000000000001));
#2755=CARTESIAN_POINT('Ctrl Pts',(30.3766109350742,7.02405335249698,3.00000000000001));
#2756=CARTESIAN_POINT('Ctrl Pts',(31.1981767559652,7.5608310620032,1.00000000000001));
#2757=CARTESIAN_POINT('Ctrl Pts',(31.1981767559652,7.5608310620032,3.00000000000001));
#2758=CARTESIAN_POINT('Ctrl Pts',(32.0731744957326,8.01314170551534,1.00000000000001));
#2759=CARTESIAN_POINT('Ctrl Pts',(32.0731744957326,8.01314170551534,3.00000000000001));
#2760=CARTESIAN_POINT('Ctrl Pts',(32.9937541763915,8.38353187353722,1.00000000000001));
#2761=CARTESIAN_POINT('Ctrl Pts',(32.9937541763915,8.38353187353722,3.00000000000001));
#2762=CARTESIAN_POINT('Ctrl Pts',(33.9550049178333,8.67395419582513,1.00000000000001));
#2763=CARTESIAN_POINT('Ctrl Pts',(33.9550049178333,8.67395419582513,3.00000000000001));
#2764=CARTESIAN_POINT('Ctrl Pts',(34.7544722388567,8.84333870841539,1.00000000000001));
#2765=CARTESIAN_POINT('Ctrl Pts',(34.7544722388567,8.84333870841539,3.00000000000001));
#2766=CARTESIAN_POINT('Ctrl Pts',(35.3707585990483,8.93529012874699,1.00000000000001));
#2767=CARTESIAN_POINT('Ctrl Pts',(35.3707585990483,8.93529012874699,3.00000000000001));
#2768=CARTESIAN_POINT('Ctrl Pts',(35.7890190644561,8.98102453573585,1.00000000000001));
#2769=CARTESIAN_POINT('Ctrl Pts',(35.7890190644561,8.98102453573585,3.00000000000001));
#2770=CARTESIAN_POINT('Ctrl Pts',(36.,9.00000013411045,1.00000000000001));
#2771=CARTESIAN_POINT('Ctrl Pts',(36.,9.00000013411045,3.00000000000001));
#2772=CARTESIAN_POINT('',(36.,9.00000013411045,1.00000000000001));
#2773=CARTESIAN_POINT('',(18.8284683654383,9.00000013411045,1.00000000000001));
#2774=CARTESIAN_POINT('Ctrl Pts',(36.,9.00000013411045,1.00000000000001));
#2775=CARTESIAN_POINT('Ctrl Pts',(35.7890190644561,8.98102453573585,1.00000000000001));
#2776=CARTESIAN_POINT('Ctrl Pts',(35.3707585990483,8.93529012874699,1.00000000000001));
#2777=CARTESIAN_POINT('Ctrl Pts',(34.7544722388567,8.84333870841539,1.00000000000001));
#2778=CARTESIAN_POINT('Ctrl Pts',(33.9550049178333,8.67395419582513,1.00000000000001));
#2779=CARTESIAN_POINT('Ctrl Pts',(32.9937541763915,8.38353187353722,1.00000000000001));
#2780=CARTESIAN_POINT('Ctrl Pts',(32.0731744957326,8.01314170551534,1.00000000000001));
#2781=CARTESIAN_POINT('Ctrl Pts',(31.1981767559652,7.5608310620032,1.00000000000001));
#2782=CARTESIAN_POINT('Ctrl Pts',(30.3766109350742,7.02405335249698,1.00000000000001));
#2783=CARTESIAN_POINT('Ctrl Pts',(29.6201974241008,6.39929851460507,1.00000000000001));
#2784=CARTESIAN_POINT('Ctrl Pts',(28.9445692010287,5.6831091418096,1.00000000000001));
#2785=CARTESIAN_POINT('Ctrl Pts',(28.3654625268286,4.87951620301523,1.00000000000001));
#2786=CARTESIAN_POINT('Ctrl Pts',(27.8955539494675,4.00605628259186,1.00000000000001));
#2787=CARTESIAN_POINT('Ctrl Pts',(27.5408142929027,3.10155999401797,1.00000000000001));
#2788=CARTESIAN_POINT('Ctrl Pts',(27.2974493258328,2.23079868462847,1.00000000000001));
#2789=CARTESIAN_POINT('Ctrl Pts',(27.1473719866267,1.49706332344469,1.00000000000001));
#2790=CARTESIAN_POINT('Ctrl Pts',(27.0594557365683,1.0221159675339,1.00000000000001));
#2791=CARTESIAN_POINT('Ctrl Pts',(26.9943110674139,0.907751892940323,1.00000000000001));
#2792=CARTESIAN_POINT('Ctrl Pts',(26.9079160056867,1.19991869094922,1.00000000000001));
#2793=CARTESIAN_POINT('Ctrl Pts',(26.7556680257347,1.85935353928644,1.00000000000001));
#2794=CARTESIAN_POINT('Ctrl Pts',(26.4960682975631,2.79296844111742,1.00000000000001));
#2795=CARTESIAN_POINT('Ctrl Pts',(26.0946320376755,3.87866120232534,1.00000000000001));
#2796=CARTESIAN_POINT('Ctrl Pts',(25.5275746908051,4.99085583170602,1.00000000000001));
#2797=CARTESIAN_POINT('Ctrl Pts',(24.7861676443715,6.02914576390959,1.00000000000001));
#2798=CARTESIAN_POINT('Ctrl Pts',(23.8793576386631,6.9338086644983,1.00000000000001));
#2799=CARTESIAN_POINT('Ctrl Pts',(22.8328668405309,7.67449365538176,1.00000000000001));
#2800=CARTESIAN_POINT('Ctrl Pts',(21.6892592086459,8.24491714817718,1.00000000000001));
#2801=CARTESIAN_POINT('Ctrl Pts',(20.6133208471151,8.61873921429907,1.00000000000001));
#2802=CARTESIAN_POINT('Ctrl Pts',(19.7976648762472,8.82250694231083,1.00000000000001));
#2803=CARTESIAN_POINT('Ctrl Pts',(19.2495253183409,8.93026584753366,1.00000000000001));
#2804=CARTESIAN_POINT('Ctrl Pts',(18.9368634570521,8.98286209052236,1.00000000000001));
#2805=CARTESIAN_POINT('Ctrl Pts',(18.8284683654383,9.00000013411045,1.00000000000001));
#2806=CARTESIAN_POINT('',(36.,9.00000013411045,3.00000000000001));
#2807=CARTESIAN_POINT('',(36.,9.00000013411045,1.00000000000001));
#2808=CARTESIAN_POINT('',(18.8284683654383,9.00000013411045,3.00000000000001));
#2809=CARTESIAN_POINT('Ctrl Pts',(18.8284683654384,9.00000013411045,3.00000000000001));
#2810=CARTESIAN_POINT('Ctrl Pts',(18.9368634570521,8.98286209052236,3.00000000000001));
#2811=CARTESIAN_POINT('Ctrl Pts',(19.2495253183409,8.93026584753365,3.00000000000001));
#2812=CARTESIAN_POINT('Ctrl Pts',(19.7976648762473,8.82250694231083,3.00000000000001));
#2813=CARTESIAN_POINT('Ctrl Pts',(20.6133208471151,8.61873921429907,3.00000000000001));
#2814=CARTESIAN_POINT('Ctrl Pts',(21.6892592086459,8.24491714817718,3.00000000000001));
#2815=CARTESIAN_POINT('Ctrl Pts',(22.8328668405309,7.67449365538176,3.00000000000001));
#2816=CARTESIAN_POINT('Ctrl Pts',(23.8793576386631,6.9338086644983,3.00000000000001));
#2817=CARTESIAN_POINT('Ctrl Pts',(24.7861676443715,6.02914576390959,3.00000000000001));
#2818=CARTESIAN_POINT('Ctrl Pts',(25.5275746908051,4.99085583170602,3.00000000000001));
#2819=CARTESIAN_POINT('Ctrl Pts',(26.0946320376755,3.87866120232534,3.00000000000001));
#2820=CARTESIAN_POINT('Ctrl Pts',(26.4960682975631,2.79296844111742,3.00000000000001));
#2821=CARTESIAN_POINT('Ctrl Pts',(26.7556680257347,1.85935353928644,3.00000000000001));
#2822=CARTESIAN_POINT('Ctrl Pts',(26.9079160056867,1.19991869094922,3.00000000000001));
#2823=CARTESIAN_POINT('Ctrl Pts',(26.9943110674139,0.907751892940323,3.00000000000001));
#2824=CARTESIAN_POINT('Ctrl Pts',(27.0594557365683,1.0221159675339,3.00000000000001));
#2825=CARTESIAN_POINT('Ctrl Pts',(27.1473719866267,1.49706332344469,3.00000000000001));
#2826=CARTESIAN_POINT('Ctrl Pts',(27.2974493258328,2.23079868462847,3.00000000000001));
#2827=CARTESIAN_POINT('Ctrl Pts',(27.5408142929027,3.10155999401797,3.00000000000001));
#2828=CARTESIAN_POINT('Ctrl Pts',(27.8955539494675,4.00605628259186,3.00000000000001));
#2829=CARTESIAN_POINT('Ctrl Pts',(28.3654625268286,4.87951620301523,3.00000000000001));
#2830=CARTESIAN_POINT('Ctrl Pts',(28.9445692010287,5.6831091418096,3.00000000000001));
#2831=CARTESIAN_POINT('Ctrl Pts',(29.6201974241008,6.39929851460507,3.00000000000001));
#2832=CARTESIAN_POINT('Ctrl Pts',(30.3766109350742,7.02405335249698,3.00000000000001));
#2833=CARTESIAN_POINT('Ctrl Pts',(31.1981767559652,7.5608310620032,3.00000000000001));
#2834=CARTESIAN_POINT('Ctrl Pts',(32.0731744957326,8.01314170551534,3.00000000000001));
#2835=CARTESIAN_POINT('Ctrl Pts',(32.9937541763915,8.38353187353722,3.00000000000001));
#2836=CARTESIAN_POINT('Ctrl Pts',(33.9550049178333,8.67395419582513,3.00000000000001));
#2837=CARTESIAN_POINT('Ctrl Pts',(34.7544722388567,8.84333870841539,3.00000000000001));
#2838=CARTESIAN_POINT('Ctrl Pts',(35.3707585990483,8.93529012874699,3.00000000000001));
#2839=CARTESIAN_POINT('Ctrl Pts',(35.7890190644561,8.98102453573585,3.00000000000001));
#2840=CARTESIAN_POINT('Ctrl Pts',(36.,9.00000013411045,3.00000000000001));
#2841=CARTESIAN_POINT('',(18.8284683654383,9.00000013411045,1.00000000000001));
#2842=CARTESIAN_POINT('Origin',(36.,9.00000013411045,1.00000000000001));
#2843=CARTESIAN_POINT('',(36.,9.00000013411045,1.00000000000001));
#2844=CARTESIAN_POINT('',(36.,9.00000013411045,3.00000000000001));
#2845=CARTESIAN_POINT('Origin',(27.4142341827192,4.95387601352539,3.00000000000001));
#2846=CARTESIAN_POINT('Origin',(27.4142341827192,4.95387601352539,1.00000000000001));
#2847=CARTESIAN_POINT('Ctrl Pts',(0.828468365438356,9.00000013411045,63.));
#2848=CARTESIAN_POINT('Ctrl Pts',(0.828468365438356,9.00000013411045,65.));
#2849=CARTESIAN_POINT('Ctrl Pts',(0.936863457052143,8.98286209052236,63.));
#2850=CARTESIAN_POINT('Ctrl Pts',(0.936863457052143,8.98286209052236,65.));
#2851=CARTESIAN_POINT('Ctrl Pts',(1.24952531834087,8.93026584753365,63.));
#2852=CARTESIAN_POINT('Ctrl Pts',(1.24952531834087,8.93026584753365,65.));
#2853=CARTESIAN_POINT('Ctrl Pts',(1.79766487624725,8.82250694231083,63.));
#2854=CARTESIAN_POINT('Ctrl Pts',(1.79766487624725,8.82250694231083,65.));
#2855=CARTESIAN_POINT('Ctrl Pts',(2.61332084711509,8.61873921429907,63.));
#2856=CARTESIAN_POINT('Ctrl Pts',(2.61332084711509,8.61873921429907,65.));
#2857=CARTESIAN_POINT('Ctrl Pts',(3.68925920864594,8.24491714817718,63.));
#2858=CARTESIAN_POINT('Ctrl Pts',(3.68925920864594,8.24491714817718,65.));
#2859=CARTESIAN_POINT('Ctrl Pts',(4.83286684053086,7.67449365538176,63.));
#2860=CARTESIAN_POINT('Ctrl Pts',(4.83286684053086,7.67449365538176,65.));
#2861=CARTESIAN_POINT('Ctrl Pts',(5.87935763866309,6.9338086644983,63.));
#2862=CARTESIAN_POINT('Ctrl Pts',(5.87935763866309,6.9338086644983,65.));
#2863=CARTESIAN_POINT('Ctrl Pts',(6.7861676443715,6.02914576390959,63.));
#2864=CARTESIAN_POINT('Ctrl Pts',(6.7861676443715,6.02914576390959,65.));
#2865=CARTESIAN_POINT('Ctrl Pts',(7.52757469080507,4.99085583170602,63.));
#2866=CARTESIAN_POINT('Ctrl Pts',(7.52757469080507,4.99085583170602,65.));
#2867=CARTESIAN_POINT('Ctrl Pts',(8.09463203767553,3.87866120232534,63.));
#2868=CARTESIAN_POINT('Ctrl Pts',(8.09463203767553,3.87866120232534,65.));
#2869=CARTESIAN_POINT('Ctrl Pts',(8.49606829756308,2.79296844111742,63.));
#2870=CARTESIAN_POINT('Ctrl Pts',(8.49606829756308,2.79296844111742,65.));
#2871=CARTESIAN_POINT('Ctrl Pts',(8.75566802573475,1.85935353928644,63.));
#2872=CARTESIAN_POINT('Ctrl Pts',(8.75566802573475,1.85935353928644,65.));
#2873=CARTESIAN_POINT('Ctrl Pts',(8.90791600568674,1.19991869094922,63.));
#2874=CARTESIAN_POINT('Ctrl Pts',(8.90791600568674,1.19991869094922,65.));
#2875=CARTESIAN_POINT('Ctrl Pts',(8.99431106741394,0.907751892940323,63.));
#2876=CARTESIAN_POINT('Ctrl Pts',(8.99431106741394,0.907751892940323,65.));
#2877=CARTESIAN_POINT('Ctrl Pts',(9.05945573656829,1.0221159675339,63.));
#2878=CARTESIAN_POINT('Ctrl Pts',(9.05945573656829,1.0221159675339,65.));
#2879=CARTESIAN_POINT('Ctrl Pts',(9.14737198662674,1.49706332344469,63.));
#2880=CARTESIAN_POINT('Ctrl Pts',(9.14737198662674,1.49706332344469,65.));
#2881=CARTESIAN_POINT('Ctrl Pts',(9.29744932583284,2.23079868462847,63.));
#2882=CARTESIAN_POINT('Ctrl Pts',(9.29744932583284,2.23079868462847,65.));
#2883=CARTESIAN_POINT('Ctrl Pts',(9.54081429290268,3.10155999401797,63.));
#2884=CARTESIAN_POINT('Ctrl Pts',(9.54081429290268,3.10155999401797,65.));
#2885=CARTESIAN_POINT('Ctrl Pts',(9.89555394946752,4.00605628259186,63.));
#2886=CARTESIAN_POINT('Ctrl Pts',(9.89555394946752,4.00605628259186,65.));
#2887=CARTESIAN_POINT('Ctrl Pts',(10.3654625268286,4.87951620301523,63.));
#2888=CARTESIAN_POINT('Ctrl Pts',(10.3654625268286,4.87951620301523,65.));
#2889=CARTESIAN_POINT('Ctrl Pts',(10.9445692010287,5.6831091418096,63.));
#2890=CARTESIAN_POINT('Ctrl Pts',(10.9445692010287,5.6831091418096,65.));
#2891=CARTESIAN_POINT('Ctrl Pts',(11.6201974241008,6.39929851460507,63.));
#2892=CARTESIAN_POINT('Ctrl Pts',(11.6201974241008,6.39929851460507,65.));
#2893=CARTESIAN_POINT('Ctrl Pts',(12.3766109350742,7.02405335249698,63.));
#2894=CARTESIAN_POINT('Ctrl Pts',(12.3766109350742,7.02405335249698,65.));
#2895=CARTESIAN_POINT('Ctrl Pts',(13.1981767559652,7.5608310620032,63.));
#2896=CARTESIAN_POINT('Ctrl Pts',(13.1981767559652,7.5608310620032,65.));
#2897=CARTESIAN_POINT('Ctrl Pts',(14.0731744957326,8.01314170551534,63.));
#2898=CARTESIAN_POINT('Ctrl Pts',(14.0731744957326,8.01314170551534,65.));
#2899=CARTESIAN_POINT('Ctrl Pts',(14.9937541763915,8.38353187353722,63.));
#2900=CARTESIAN_POINT('Ctrl Pts',(14.9937541763915,8.38353187353722,65.));
#2901=CARTESIAN_POINT('Ctrl Pts',(15.9550049178333,8.67395419582513,63.));
#2902=CARTESIAN_POINT('Ctrl Pts',(15.9550049178333,8.67395419582513,65.));
#2903=CARTESIAN_POINT('Ctrl Pts',(16.7544722388567,8.84333870841539,63.));
#2904=CARTESIAN_POINT('Ctrl Pts',(16.7544722388567,8.84333870841539,65.));
#2905=CARTESIAN_POINT('Ctrl Pts',(17.3707585990483,8.93529012874699,63.));
#2906=CARTESIAN_POINT('Ctrl Pts',(17.3707585990483,8.93529012874699,65.));
#2907=CARTESIAN_POINT('Ctrl Pts',(17.7890190644561,8.98102453573585,63.));
#2908=CARTESIAN_POINT('Ctrl Pts',(17.7890190644561,8.98102453573585,65.));
#2909=CARTESIAN_POINT('Ctrl Pts',(18.,9.00000013411045,63.));
#2910=CARTESIAN_POINT('Ctrl Pts',(18.,9.00000013411045,65.));
#2911=CARTESIAN_POINT('',(18.,9.00000013411045,63.));
#2912=CARTESIAN_POINT('',(0.828468365438346,9.00000013411045,63.));
#2913=CARTESIAN_POINT('Ctrl Pts',(18.,9.00000013411045,63.));
#2914=CARTESIAN_POINT('Ctrl Pts',(17.7890190644561,8.98102453573585,63.));
#2915=CARTESIAN_POINT('Ctrl Pts',(17.3707585990483,8.93529012874699,63.));
#2916=CARTESIAN_POINT('Ctrl Pts',(16.7544722388567,8.84333870841539,63.));
#2917=CARTESIAN_POINT('Ctrl Pts',(15.9550049178333,8.67395419582513,63.));
#2918=CARTESIAN_POINT('Ctrl Pts',(14.9937541763915,8.38353187353722,63.));
#2919=CARTESIAN_POINT('Ctrl Pts',(14.0731744957326,8.01314170551534,63.));
#2920=CARTESIAN_POINT('Ctrl Pts',(13.1981767559652,7.5608310620032,63.));
#2921=CARTESIAN_POINT('Ctrl Pts',(12.3766109350742,7.02405335249698,63.));
#2922=CARTESIAN_POINT('Ctrl Pts',(11.6201974241008,6.39929851460507,63.));
#2923=CARTESIAN_POINT('Ctrl Pts',(10.9445692010287,5.6831091418096,63.));
#2924=CARTESIAN_POINT('Ctrl Pts',(10.3654625268286,4.87951620301523,63.));
#2925=CARTESIAN_POINT('Ctrl Pts',(9.89555394946752,4.00605628259186,63.));
#2926=CARTESIAN_POINT('Ctrl Pts',(9.54081429290268,3.10155999401797,63.));
#2927=CARTESIAN_POINT('Ctrl Pts',(9.29744932583284,2.23079868462847,63.));
#2928=CARTESIAN_POINT('Ctrl Pts',(9.14737198662674,1.49706332344469,63.));
#2929=CARTESIAN_POINT('Ctrl Pts',(9.05945573656829,1.0221159675339,63.));
#2930=CARTESIAN_POINT('Ctrl Pts',(8.99431106741394,0.907751892940323,63.));
#2931=CARTESIAN_POINT('Ctrl Pts',(8.90791600568674,1.19991869094922,63.));
#2932=CARTESIAN_POINT('Ctrl Pts',(8.75566802573475,1.85935353928644,63.));
#2933=CARTESIAN_POINT('Ctrl Pts',(8.49606829756308,2.79296844111742,63.));
#2934=CARTESIAN_POINT('Ctrl Pts',(8.09463203767553,3.87866120232534,63.));
#2935=CARTESIAN_POINT('Ctrl Pts',(7.52757469080507,4.99085583170602,63.));
#2936=CARTESIAN_POINT('Ctrl Pts',(6.7861676443715,6.02914576390959,63.));
#2937=CARTESIAN_POINT('Ctrl Pts',(5.87935763866309,6.9338086644983,63.));
#2938=CARTESIAN_POINT('Ctrl Pts',(4.83286684053086,7.67449365538176,63.));
#2939=CARTESIAN_POINT('Ctrl Pts',(3.68925920864594,8.24491714817718,63.));
#2940=CARTESIAN_POINT('Ctrl Pts',(2.61332084711509,8.61873921429907,63.));
#2941=CARTESIAN_POINT('Ctrl Pts',(1.79766487624725,8.82250694231083,63.));
#2942=CARTESIAN_POINT('Ctrl Pts',(1.24952531834086,8.93026584753366,63.));
#2943=CARTESIAN_POINT('Ctrl Pts',(0.936863457052132,8.98286209052236,63.));
#2944=CARTESIAN_POINT('Ctrl Pts',(0.828468365438343,9.00000013411045,63.));
#2945=CARTESIAN_POINT('',(18.,9.00000013411045,65.));
#2946=CARTESIAN_POINT('',(18.,9.00000013411045,63.));
#2947=CARTESIAN_POINT('',(0.828468365438346,9.00000013411045,65.));
#2948=CARTESIAN_POINT('Ctrl Pts',(0.828468365438356,9.00000013411045,65.));
#2949=CARTESIAN_POINT('Ctrl Pts',(0.936863457052143,8.98286209052236,65.));
#2950=CARTESIAN_POINT('Ctrl Pts',(1.24952531834087,8.93026584753365,65.));
#2951=CARTESIAN_POINT('Ctrl Pts',(1.79766487624725,8.82250694231083,65.));
#2952=CARTESIAN_POINT('Ctrl Pts',(2.61332084711509,8.61873921429907,65.));
#2953=CARTESIAN_POINT('Ctrl Pts',(3.68925920864594,8.24491714817718,65.));
#2954=CARTESIAN_POINT('Ctrl Pts',(4.83286684053086,7.67449365538176,65.));
#2955=CARTESIAN_POINT('Ctrl Pts',(5.87935763866309,6.9338086644983,65.));
#2956=CARTESIAN_POINT('Ctrl Pts',(6.7861676443715,6.02914576390959,65.));
#2957=CARTESIAN_POINT('Ctrl Pts',(7.52757469080507,4.99085583170602,65.));
#2958=CARTESIAN_POINT('Ctrl Pts',(8.09463203767553,3.87866120232534,65.));
#2959=CARTESIAN_POINT('Ctrl Pts',(8.49606829756308,2.79296844111742,65.));
#2960=CARTESIAN_POINT('Ctrl Pts',(8.75566802573475,1.85935353928644,65.));
#2961=CARTESIAN_POINT('Ctrl Pts',(8.90791600568674,1.19991869094922,65.));
#2962=CARTESIAN_POINT('Ctrl Pts',(8.99431106741394,0.907751892940323,65.));
#2963=CARTESIAN_POINT('Ctrl Pts',(9.05945573656829,1.0221159675339,65.));
#2964=CARTESIAN_POINT('Ctrl Pts',(9.14737198662674,1.49706332344469,65.));
#2965=CARTESIAN_POINT('Ctrl Pts',(9.29744932583284,2.23079868462847,65.));
#2966=CARTESIAN_POINT('Ctrl Pts',(9.54081429290268,3.10155999401797,65.));
#2967=CARTESIAN_POINT('Ctrl Pts',(9.89555394946752,4.00605628259186,65.));
#2968=CARTESIAN_POINT('Ctrl Pts',(10.3654625268286,4.87951620301523,65.));
#2969=CARTESIAN_POINT('Ctrl Pts',(10.9445692010287,5.6831091418096,65.));
#2970=CARTESIAN_POINT('Ctrl Pts',(11.6201974241008,6.39929851460507,65.));
#2971=CARTESIAN_POINT('Ctrl Pts',(12.3766109350742,7.02405335249698,65.));
#2972=CARTESIAN_POINT('Ctrl Pts',(13.1981767559652,7.5608310620032,65.));
#2973=CARTESIAN_POINT('Ctrl Pts',(14.0731744957326,8.01314170551534,65.));
#2974=CARTESIAN_POINT('Ctrl Pts',(14.9937541763915,8.38353187353722,65.));
#2975=CARTESIAN_POINT('Ctrl Pts',(15.9550049178333,8.67395419582513,65.));
#2976=CARTESIAN_POINT('Ctrl Pts',(16.7544722388567,8.84333870841539,65.));
#2977=CARTESIAN_POINT('Ctrl Pts',(17.3707585990483,8.93529012874699,65.));
#2978=CARTESIAN_POINT('Ctrl Pts',(17.7890190644561,8.98102453573585,65.));
#2979=CARTESIAN_POINT('Ctrl Pts',(18.,9.00000013411045,65.));
#2980=CARTESIAN_POINT('',(0.828468365438346,9.00000013411045,63.));
#2981=CARTESIAN_POINT('Origin',(18.,9.00000013411045,63.));
#2982=CARTESIAN_POINT('',(18.,9.00000013411045,63.));
#2983=CARTESIAN_POINT('',(18.,9.00000013411045,65.));
#2984=CARTESIAN_POINT('Origin',(9.41423418271916,4.95387601352539,65.));
#2985=CARTESIAN_POINT('Origin',(9.41423418271916,4.95387601352539,63.));
#2986=CARTESIAN_POINT('Ctrl Pts',(0.828468365438356,9.00000013411045,1.00000000000001));
#2987=CARTESIAN_POINT('Ctrl Pts',(0.828468365438356,9.00000013411045,3.00000000000001));
#2988=CARTESIAN_POINT('Ctrl Pts',(0.936863457052143,8.98286209052236,1.00000000000001));
#2989=CARTESIAN_POINT('Ctrl Pts',(0.936863457052143,8.98286209052236,3.00000000000001));
#2990=CARTESIAN_POINT('Ctrl Pts',(1.24952531834087,8.93026584753365,1.00000000000001));
#2991=CARTESIAN_POINT('Ctrl Pts',(1.24952531834087,8.93026584753365,3.00000000000001));
#2992=CARTESIAN_POINT('Ctrl Pts',(1.79766487624725,8.82250694231083,1.00000000000001));
#2993=CARTESIAN_POINT('Ctrl Pts',(1.79766487624725,8.82250694231083,3.00000000000001));
#2994=CARTESIAN_POINT('Ctrl Pts',(2.61332084711509,8.61873921429907,1.00000000000001));
#2995=CARTESIAN_POINT('Ctrl Pts',(2.61332084711509,8.61873921429907,3.00000000000001));
#2996=CARTESIAN_POINT('Ctrl Pts',(3.68925920864594,8.24491714817718,1.00000000000001));
#2997=CARTESIAN_POINT('Ctrl Pts',(3.68925920864594,8.24491714817718,3.00000000000001));
#2998=CARTESIAN_POINT('Ctrl Pts',(4.83286684053086,7.67449365538176,1.00000000000001));
#2999=CARTESIAN_POINT('Ctrl Pts',(4.83286684053086,7.67449365538176,3.00000000000001));
#3000=CARTESIAN_POINT('Ctrl Pts',(5.87935763866309,6.9338086644983,1.00000000000001));
#3001=CARTESIAN_POINT('Ctrl Pts',(5.87935763866309,6.9338086644983,3.00000000000001));
#3002=CARTESIAN_POINT('Ctrl Pts',(6.7861676443715,6.02914576390959,1.00000000000001));
#3003=CARTESIAN_POINT('Ctrl Pts',(6.7861676443715,6.02914576390959,3.00000000000001));
#3004=CARTESIAN_POINT('Ctrl Pts',(7.52757469080507,4.99085583170602,1.00000000000001));
#3005=CARTESIAN_POINT('Ctrl Pts',(7.52757469080507,4.99085583170602,3.00000000000001));
#3006=CARTESIAN_POINT('Ctrl Pts',(8.09463203767553,3.87866120232534,1.00000000000001));
#3007=CARTESIAN_POINT('Ctrl Pts',(8.09463203767553,3.87866120232534,3.00000000000001));
#3008=CARTESIAN_POINT('Ctrl Pts',(8.49606829756308,2.79296844111742,1.00000000000001));
#3009=CARTESIAN_POINT('Ctrl Pts',(8.49606829756308,2.79296844111742,3.00000000000001));
#3010=CARTESIAN_POINT('Ctrl Pts',(8.75566802573475,1.85935353928644,1.00000000000001));
#3011=CARTESIAN_POINT('Ctrl Pts',(8.75566802573475,1.85935353928644,3.00000000000001));
#3012=CARTESIAN_POINT('Ctrl Pts',(8.90791600568674,1.19991869094922,1.00000000000001));
#3013=CARTESIAN_POINT('Ctrl Pts',(8.90791600568674,1.19991869094922,3.00000000000001));
#3014=CARTESIAN_POINT('Ctrl Pts',(8.99431106741394,0.907751892940323,1.00000000000001));
#3015=CARTESIAN_POINT('Ctrl Pts',(8.99431106741394,0.907751892940323,3.00000000000001));
#3016=CARTESIAN_POINT('Ctrl Pts',(9.05945573656829,1.0221159675339,1.00000000000001));
#3017=CARTESIAN_POINT('Ctrl Pts',(9.05945573656829,1.0221159675339,3.00000000000001));
#3018=CARTESIAN_POINT('Ctrl Pts',(9.14737198662674,1.49706332344469,1.00000000000001));
#3019=CARTESIAN_POINT('Ctrl Pts',(9.14737198662674,1.49706332344469,3.00000000000001));
#3020=CARTESIAN_POINT('Ctrl Pts',(9.29744932583284,2.23079868462847,1.00000000000001));
#3021=CARTESIAN_POINT('Ctrl Pts',(9.29744932583284,2.23079868462847,3.00000000000001));
#3022=CARTESIAN_POINT('Ctrl Pts',(9.54081429290268,3.10155999401797,1.00000000000001));
#3023=CARTESIAN_POINT('Ctrl Pts',(9.54081429290268,3.10155999401797,3.00000000000001));
#3024=CARTESIAN_POINT('Ctrl Pts',(9.89555394946752,4.00605628259186,1.00000000000001));
#3025=CARTESIAN_POINT('Ctrl Pts',(9.89555394946752,4.00605628259186,3.00000000000001));
#3026=CARTESIAN_POINT('Ctrl Pts',(10.3654625268286,4.87951620301523,1.00000000000001));
#3027=CARTESIAN_POINT('Ctrl Pts',(10.3654625268286,4.87951620301523,3.00000000000001));
#3028=CARTESIAN_POINT('Ctrl Pts',(10.9445692010287,5.6831091418096,1.00000000000001));
#3029=CARTESIAN_POINT('Ctrl Pts',(10.9445692010287,5.6831091418096,3.00000000000001));
#3030=CARTESIAN_POINT('Ctrl Pts',(11.6201974241008,6.39929851460507,1.00000000000001));
#3031=CARTESIAN_POINT('Ctrl Pts',(11.6201974241008,6.39929851460507,3.00000000000001));
#3032=CARTESIAN_POINT('Ctrl Pts',(12.3766109350742,7.02405335249698,1.00000000000001));
#3033=CARTESIAN_POINT('Ctrl Pts',(12.3766109350742,7.02405335249698,3.00000000000001));
#3034=CARTESIAN_POINT('Ctrl Pts',(13.1981767559652,7.5608310620032,1.00000000000001));
#3035=CARTESIAN_POINT('Ctrl Pts',(13.1981767559652,7.5608310620032,3.00000000000001));
#3036=CARTESIAN_POINT('Ctrl Pts',(14.0731744957326,8.01314170551534,1.00000000000001));
#3037=CARTESIAN_POINT('Ctrl Pts',(14.0731744957326,8.01314170551534,3.00000000000001));
#3038=CARTESIAN_POINT('Ctrl Pts',(14.9937541763915,8.38353187353722,1.00000000000001));
#3039=CARTESIAN_POINT('Ctrl Pts',(14.9937541763915,8.38353187353722,3.00000000000001));
#3040=CARTESIAN_POINT('Ctrl Pts',(15.9550049178333,8.67395419582513,1.00000000000001));
#3041=CARTESIAN_POINT('Ctrl Pts',(15.9550049178333,8.67395419582513,3.00000000000001));
#3042=CARTESIAN_POINT('Ctrl Pts',(16.7544722388567,8.84333870841539,1.00000000000001));
#3043=CARTESIAN_POINT('Ctrl Pts',(16.7544722388567,8.84333870841539,3.00000000000001));
#3044=CARTESIAN_POINT('Ctrl Pts',(17.3707585990483,8.93529012874699,1.00000000000001));
#3045=CARTESIAN_POINT('Ctrl Pts',(17.3707585990483,8.93529012874699,3.00000000000001));
#3046=CARTESIAN_POINT('Ctrl Pts',(17.7890190644561,8.98102453573585,1.00000000000001));
#3047=CARTESIAN_POINT('Ctrl Pts',(17.7890190644561,8.98102453573585,3.00000000000001));
#3048=CARTESIAN_POINT('Ctrl Pts',(18.,9.00000013411045,1.00000000000001));
#3049=CARTESIAN_POINT('Ctrl Pts',(18.,9.00000013411045,3.00000000000001));
#3050=CARTESIAN_POINT('',(18.,9.00000013411045,1.00000000000001));
#3051=CARTESIAN_POINT('',(0.828468365438346,9.00000013411045,1.00000000000001));
#3052=CARTESIAN_POINT('Ctrl Pts',(18.,9.00000013411045,1.00000000000001));
#3053=CARTESIAN_POINT('Ctrl Pts',(17.7890190644561,8.98102453573585,1.00000000000001));
#3054=CARTESIAN_POINT('Ctrl Pts',(17.3707585990483,8.93529012874699,1.00000000000001));
#3055=CARTESIAN_POINT('Ctrl Pts',(16.7544722388567,8.84333870841539,1.00000000000001));
#3056=CARTESIAN_POINT('Ctrl Pts',(15.9550049178333,8.67395419582513,1.00000000000001));
#3057=CARTESIAN_POINT('Ctrl Pts',(14.9937541763915,8.38353187353722,1.00000000000001));
#3058=CARTESIAN_POINT('Ctrl Pts',(14.0731744957326,8.01314170551534,1.00000000000001));
#3059=CARTESIAN_POINT('Ctrl Pts',(13.1981767559652,7.5608310620032,1.00000000000001));
#3060=CARTESIAN_POINT('Ctrl Pts',(12.3766109350742,7.02405335249698,1.00000000000001));
#3061=CARTESIAN_POINT('Ctrl Pts',(11.6201974241008,6.39929851460507,1.00000000000001));
#3062=CARTESIAN_POINT('Ctrl Pts',(10.9445692010287,5.6831091418096,1.00000000000001));
#3063=CARTESIAN_POINT('Ctrl Pts',(10.3654625268286,4.87951620301523,1.00000000000001));
#3064=CARTESIAN_POINT('Ctrl Pts',(9.89555394946752,4.00605628259186,1.00000000000001));
#3065=CARTESIAN_POINT('Ctrl Pts',(9.54081429290268,3.10155999401797,1.00000000000001));
#3066=CARTESIAN_POINT('Ctrl Pts',(9.29744932583284,2.23079868462847,1.00000000000001));
#3067=CARTESIAN_POINT('Ctrl Pts',(9.14737198662674,1.49706332344469,1.00000000000001));
#3068=CARTESIAN_POINT('Ctrl Pts',(9.05945573656829,1.0221159675339,1.00000000000001));
#3069=CARTESIAN_POINT('Ctrl Pts',(8.99431106741394,0.907751892940323,1.00000000000001));
#3070=CARTESIAN_POINT('Ctrl Pts',(8.90791600568674,1.19991869094922,1.00000000000001));
#3071=CARTESIAN_POINT('Ctrl Pts',(8.75566802573475,1.85935353928644,1.00000000000001));
#3072=CARTESIAN_POINT('Ctrl Pts',(8.49606829756308,2.79296844111742,1.00000000000001));
#3073=CARTESIAN_POINT('Ctrl Pts',(8.09463203767553,3.87866120232534,1.00000000000001));
#3074=CARTESIAN_POINT('Ctrl Pts',(7.52757469080507,4.99085583170602,1.00000000000001));
#3075=CARTESIAN_POINT('Ctrl Pts',(6.7861676443715,6.02914576390959,1.00000000000001));
#3076=CARTESIAN_POINT('Ctrl Pts',(5.87935763866309,6.9338086644983,1.00000000000001));
#3077=CARTESIAN_POINT('Ctrl Pts',(4.83286684053086,7.67449365538176,1.00000000000001));
#3078=CARTESIAN_POINT('Ctrl Pts',(3.68925920864594,8.24491714817718,1.00000000000001));
#3079=CARTESIAN_POINT('Ctrl Pts',(2.61332084711509,8.61873921429907,1.00000000000001));
#3080=CARTESIAN_POINT('Ctrl Pts',(1.79766487624725,8.82250694231083,1.00000000000001));
#3081=CARTESIAN_POINT('Ctrl Pts',(1.24952531834086,8.93026584753366,1.00000000000001));
#3082=CARTESIAN_POINT('Ctrl Pts',(0.936863457052132,8.98286209052236,1.00000000000001));
#3083=CARTESIAN_POINT('Ctrl Pts',(0.828468365438343,9.00000013411045,1.00000000000001));
#3084=CARTESIAN_POINT('',(18.,9.00000013411045,3.00000000000001));
#3085=CARTESIAN_POINT('',(18.,9.00000013411045,1.00000000000001));
#3086=CARTESIAN_POINT('',(0.828468365438346,9.00000013411045,3.00000000000001));
#3087=CARTESIAN_POINT('Ctrl Pts',(0.828468365438356,9.00000013411045,3.00000000000001));
#3088=CARTESIAN_POINT('Ctrl Pts',(0.936863457052143,8.98286209052236,3.00000000000001));
#3089=CARTESIAN_POINT('Ctrl Pts',(1.24952531834087,8.93026584753365,3.00000000000001));
#3090=CARTESIAN_POINT('Ctrl Pts',(1.79766487624725,8.82250694231083,3.00000000000001));
#3091=CARTESIAN_POINT('Ctrl Pts',(2.61332084711509,8.61873921429907,3.00000000000001));
#3092=CARTESIAN_POINT('Ctrl Pts',(3.68925920864594,8.24491714817718,3.00000000000001));
#3093=CARTESIAN_POINT('Ctrl Pts',(4.83286684053086,7.67449365538176,3.00000000000001));
#3094=CARTESIAN_POINT('Ctrl Pts',(5.87935763866309,6.9338086644983,3.00000000000001));
#3095=CARTESIAN_POINT('Ctrl Pts',(6.7861676443715,6.02914576390959,3.00000000000001));
#3096=CARTESIAN_POINT('Ctrl Pts',(7.52757469080507,4.99085583170602,3.00000000000001));
#3097=CARTESIAN_POINT('Ctrl Pts',(8.09463203767553,3.87866120232534,3.00000000000001));
#3098=CARTESIAN_POINT('Ctrl Pts',(8.49606829756308,2.79296844111742,3.00000000000001));
#3099=CARTESIAN_POINT('Ctrl Pts',(8.75566802573475,1.85935353928644,3.00000000000001));
#3100=CARTESIAN_POINT('Ctrl Pts',(8.90791600568674,1.19991869094922,3.00000000000001));
#3101=CARTESIAN_POINT('Ctrl Pts',(8.99431106741394,0.907751892940323,3.00000000000001));
#3102=CARTESIAN_POINT('Ctrl Pts',(9.05945573656829,1.0221159675339,3.00000000000001));
#3103=CARTESIAN_POINT('Ctrl Pts',(9.14737198662674,1.49706332344469,3.00000000000001));
#3104=CARTESIAN_POINT('Ctrl Pts',(9.29744932583284,2.23079868462847,3.00000000000001));
#3105=CARTESIAN_POINT('Ctrl Pts',(9.54081429290268,3.10155999401797,3.00000000000001));
#3106=CARTESIAN_POINT('Ctrl Pts',(9.89555394946752,4.00605628259186,3.00000000000001));
#3107=CARTESIAN_POINT('Ctrl Pts',(10.3654625268286,4.87951620301523,3.00000000000001));
#3108=CARTESIAN_POINT('Ctrl Pts',(10.9445692010287,5.6831091418096,3.00000000000001));
#3109=CARTESIAN_POINT('Ctrl Pts',(11.6201974241008,6.39929851460507,3.00000000000001));
#3110=CARTESIAN_POINT('Ctrl Pts',(12.3766109350742,7.02405335249698,3.00000000000001));
#3111=CARTESIAN_POINT('Ctrl Pts',(13.1981767559652,7.5608310620032,3.00000000000001));
#3112=CARTESIAN_POINT('Ctrl Pts',(14.0731744957326,8.01314170551534,3.00000000000001));
#3113=CARTESIAN_POINT('Ctrl Pts',(14.9937541763915,8.38353187353722,3.00000000000001));
#3114=CARTESIAN_POINT('Ctrl Pts',(15.9550049178333,8.67395419582513,3.00000000000001));
#3115=CARTESIAN_POINT('Ctrl Pts',(16.7544722388567,8.84333870841539,3.00000000000001));
#3116=CARTESIAN_POINT('Ctrl Pts',(17.3707585990483,8.93529012874699,3.00000000000001));
#3117=CARTESIAN_POINT('Ctrl Pts',(17.7890190644561,8.98102453573585,3.00000000000001));
#3118=CARTESIAN_POINT('Ctrl Pts',(18.,9.00000013411045,3.00000000000001));
#3119=CARTESIAN_POINT('',(0.828468365438346,9.00000013411045,1.00000000000001));
#3120=CARTESIAN_POINT('Origin',(18.,9.00000013411045,1.00000000000001));
#3121=CARTESIAN_POINT('',(18.,9.00000013411045,1.00000000000001));
#3122=CARTESIAN_POINT('',(18.,9.00000013411045,3.00000000000001));
#3123=CARTESIAN_POINT('Origin',(9.41423418271916,4.95387601352539,3.00000000000001));
#3124=CARTESIAN_POINT('Origin',(9.41423418271916,4.95387601352539,1.00000000000001));
#3125=UNCERTAINTY_MEASURE_WITH_UNIT(LENGTH_MEASURE(0.01),#3129,
'DISTANCE_ACCURACY_VALUE',
'Maximum model space distance between geometric entities at asserted c
onnectivities');
#3126=UNCERTAINTY_MEASURE_WITH_UNIT(LENGTH_MEASURE(0.01),#3129,
'DISTANCE_ACCURACY_VALUE',
'Maximum model space distance between geometric entities at asserted c
onnectivities');
#3127=(
GEOMETRIC_REPRESENTATION_CONTEXT(3)
GLOBAL_UNCERTAINTY_ASSIGNED_CONTEXT((#3125))
GLOBAL_UNIT_ASSIGNED_CONTEXT((#3129,#3130,#3131))
REPRESENTATION_CONTEXT('','3D')
);
#3128=(
GEOMETRIC_REPRESENTATION_CONTEXT(3)
GLOBAL_UNCERTAINTY_ASSIGNED_CONTEXT((#3126))
GLOBAL_UNIT_ASSIGNED_CONTEXT((#3129,#3130,#3131))
REPRESENTATION_CONTEXT('','3D')
);
#3129=(
LENGTH_UNIT()
NAMED_UNIT(*)
SI_UNIT(.MILLI.,.METRE.)
);
#3130=(
NAMED_UNIT(*)
PLANE_ANGLE_UNIT()
SI_UNIT($,.RADIAN.)
);
#3131=(
NAMED_UNIT(*)
SI_UNIT($,.STERADIAN.)
SOLID_ANGLE_UNIT()
);
#3132=SHAPE_DEFINITION_REPRESENTATION(#3133,#3134);
#3133=PRODUCT_DEFINITION_SHAPE('',$,#3136);
#3134=SHAPE_REPRESENTATION('',(#1041),#3127);
#3135=PRODUCT_DEFINITION_CONTEXT('part definition',#3140,'design');
#3136=PRODUCT_DEFINITION('findmycharger casing',
'findmycharger casing v3',#3137,#3135);
#3137=PRODUCT_DEFINITION_FORMATION('',$,#3142);
#3138=PRODUCT_RELATED_PRODUCT_CATEGORY('findmycharger casing v3',
'findmycharger casing v3',(#3142));
#3139=APPLICATION_PROTOCOL_DEFINITION('international standard',
'automotive_design',2009,#3140);
#3140=APPLICATION_CONTEXT(
'Core Data for Automotive Mechanical Design Process');
#3141=PRODUCT_CONTEXT('part definition',#3140,'mechanical');
#3142=PRODUCT('findmycharger casing','findmycharger casing v3',$,(#3141));
#3143=PRESENTATION_STYLE_ASSIGNMENT((#3144));
#3144=SURFACE_STYLE_USAGE(.BOTH.,#3145);
#3145=SURFACE_SIDE_STYLE('',(#3146));
#3146=SURFACE_STYLE_FILL_AREA(#3147);
#3147=FILL_AREA_STYLE('Steel - Satin',(#3148));
#3148=FILL_AREA_STYLE_COLOUR('Steel - Satin',#3149);
#3149=COLOUR_RGB('Steel - Satin',0.627450980392157,0.627450980392157,0.627450980392157);
ENDSEC;
END-ISO-10303-21;
