ISO-10303-21;
HEADER;
/* Generated by software containing ST-Developer
 * from STEP Tools, Inc. (www.steptools.com) 
 */

FILE_DESCRIPTION(
/* description */ (''),
/* implementation_level */ '2;1');

FILE_NAME(
/* name */ 'FindMyCharger 2 Casing.step',
/* time_stamp */ '2026-06-27T03:09:17+07:00',
/* author */ (''),
/* organization */ (''),
/* preprocessor_version */ 'ST-DEVELOPER v20.1',
/* originating_system */ 'Autodesk Translation Framework v15.8.0.0',
/* authorisation */ '');

FILE_SCHEMA (('AUTOMOTIVE_DESIGN { 1 0 10303 214 3 1 1 }'));
ENDSEC;

DATA;
#10=MECHANICAL_DESIGN_GEOMETRIC_PRESENTATION_REPRESENTATION('',(#13,#14,
#15,#16,#17,#18,#19,#20,#21),#4995);
#11=SHAPE_REPRESENTATION_RELATIONSHIP('SRR','None',#5001,#12);
#12=ADVANCED_BREP_SHAPE_REPRESENTATION('',(#22,#23,#24,#25,#26,#27,#28,
#29,#30),#4994);
#13=STYLED_ITEM('',(#5011),#22);
#14=STYLED_ITEM('',(#5011),#23);
#15=STYLED_ITEM('',(#5011),#24);
#16=STYLED_ITEM('',(#5011),#25);
#17=STYLED_ITEM('',(#5011),#26);
#18=STYLED_ITEM('',(#5012),#27);
#19=STYLED_ITEM('',(#5012),#28);
#20=STYLED_ITEM('',(#5012),#29);
#21=STYLED_ITEM('',(#5012),#30);
#22=MANIFOLD_SOLID_BREP('Bottom',#2981);
#23=MANIFOLD_SOLID_BREP('Battery to PCB',#2982);
#24=MANIFOLD_SOLID_BREP('Side-ish',#2983);
#25=MANIFOLD_SOLID_BREP('Top (1)',#2984);
#26=MANIFOLD_SOLID_BREP('Side++',#2985);
#27=MANIFOLD_SOLID_BREP('Body13',#2986);
#28=MANIFOLD_SOLID_BREP('Body14',#2987);
#29=MANIFOLD_SOLID_BREP('Body15',#2988);
#30=MANIFOLD_SOLID_BREP('Body16',#2989);
#31=FACE_BOUND('',#331,.T.);
#32=FACE_BOUND('',#333,.T.);
#33=FACE_BOUND('',#341,.T.);
#34=FACE_BOUND('',#343,.T.);
#35=FACE_BOUND('',#350,.T.);
#36=FACE_BOUND('',#352,.T.);
#37=FACE_BOUND('',#369,.T.);
#38=FACE_BOUND('',#389,.T.);
#39=FACE_BOUND('',#423,.T.);
#40=FACE_BOUND('',#426,.T.);
#41=FACE_BOUND('',#432,.T.);
#42=FACE_BOUND('',#448,.T.);
#43=FACE_BOUND('',#449,.T.);
#44=FACE_BOUND('',#450,.T.);
#45=FACE_BOUND('',#451,.T.);
#46=FACE_BOUND('',#452,.T.);
#47=FACE_BOUND('',#453,.T.);
#48=FACE_BOUND('',#454,.T.);
#49=FACE_BOUND('',#455,.T.);
#50=FACE_BOUND('',#457,.T.);
#51=FACE_BOUND('',#458,.T.);
#52=FACE_BOUND('',#459,.T.);
#53=FACE_BOUND('',#460,.T.);
#54=FACE_BOUND('',#461,.T.);
#55=FACE_BOUND('',#471,.T.);
#56=FACE_BOUND('',#472,.T.);
#57=FACE_BOUND('',#473,.T.);
#58=FACE_BOUND('',#474,.T.);
#59=FACE_BOUND('',#496,.T.);
#60=PLANE('',#3001);
#61=PLANE('',#3010);
#62=PLANE('',#3011);
#63=PLANE('',#3012);
#64=PLANE('',#3013);
#65=PLANE('',#3014);
#66=PLANE('',#3015);
#67=PLANE('',#3016);
#68=PLANE('',#3020);
#69=PLANE('',#3021);
#70=PLANE('',#3022);
#71=PLANE('',#3023);
#72=PLANE('',#3024);
#73=PLANE('',#3025);
#74=PLANE('',#3026);
#75=PLANE('',#3030);
#76=PLANE('',#3031);
#77=PLANE('',#3032);
#78=PLANE('',#3033);
#79=PLANE('',#3034);
#80=PLANE('',#3035);
#81=PLANE('',#3036);
#82=PLANE('',#3037);
#83=PLANE('',#3038);
#84=PLANE('',#3039);
#85=PLANE('',#3040);
#86=PLANE('',#3041);
#87=PLANE('',#3042);
#88=PLANE('',#3046);
#89=PLANE('',#3050);
#90=PLANE('',#3054);
#91=PLANE('',#3058);
#92=PLANE('',#3063);
#93=PLANE('',#3064);
#94=PLANE('',#3066);
#95=PLANE('',#3069);
#96=PLANE('',#3072);
#97=PLANE('',#3075);
#98=PLANE('',#3078);
#99=PLANE('',#3079);
#100=PLANE('',#3080);
#101=PLANE('',#3082);
#102=PLANE('',#3083);
#103=PLANE('',#3084);
#104=PLANE('',#3085);
#105=PLANE('',#3086);
#106=PLANE('',#3087);
#107=PLANE('',#3088);
#108=PLANE('',#3090);
#109=PLANE('',#3093);
#110=PLANE('',#3094);
#111=PLANE('',#3098);
#112=PLANE('',#3102);
#113=PLANE('',#3103);
#114=PLANE('',#3107);
#115=PLANE('',#3111);
#116=PLANE('',#3116);
#117=PLANE('',#3121);
#118=PLANE('',#3126);
#119=PLANE('',#3129);
#120=PLANE('',#3132);
#121=PLANE('',#3133);
#122=PLANE('',#3134);
#123=PLANE('',#3138);
#124=PLANE('',#3142);
#125=PLANE('',#3146);
#126=PLANE('',#3150);
#127=PLANE('',#3155);
#128=PLANE('',#3156);
#129=PLANE('',#3157);
#130=PLANE('',#3159);
#131=PLANE('',#3161);
#132=PLANE('',#3176);
#133=PLANE('',#3180);
#134=PLANE('',#3184);
#135=PLANE('',#3188);
#136=PLANE('',#3192);
#137=PLANE('',#3197);
#138=PLANE('',#3206);
#139=PLANE('',#3207);
#140=PLANE('',#3208);
#141=PLANE('',#3209);
#142=PLANE('',#3210);
#143=PLANE('',#3223);
#144=PLANE('',#3224);
#145=PLANE('',#3225);
#146=PLANE('',#3236);
#147=PLANE('',#3237);
#148=PLANE('',#3238);
#149=PLANE('',#3239);
#150=PLANE('',#3242);
#151=PLANE('',#3245);
#152=PLANE('',#3248);
#153=PLANE('',#3251);
#154=PLANE('',#3252);
#155=PLANE('',#3256);
#156=PLANE('',#3257);
#157=PLANE('',#3261);
#158=PLANE('',#3262);
#159=PLANE('',#3266);
#160=PLANE('',#3267);
#161=PLANE('',#3271);
#162=FACE_OUTER_BOUND('',#321,.T.);
#163=FACE_OUTER_BOUND('',#322,.T.);
#164=FACE_OUTER_BOUND('',#323,.T.);
#165=FACE_OUTER_BOUND('',#324,.T.);
#166=FACE_OUTER_BOUND('',#325,.T.);
#167=FACE_OUTER_BOUND('',#326,.T.);
#168=FACE_OUTER_BOUND('',#327,.T.);
#169=FACE_OUTER_BOUND('',#328,.T.);
#170=FACE_OUTER_BOUND('',#329,.T.);
#171=FACE_OUTER_BOUND('',#330,.T.);
#172=FACE_OUTER_BOUND('',#332,.T.);
#173=FACE_OUTER_BOUND('',#334,.T.);
#174=FACE_OUTER_BOUND('',#335,.T.);
#175=FACE_OUTER_BOUND('',#336,.T.);
#176=FACE_OUTER_BOUND('',#337,.T.);
#177=FACE_OUTER_BOUND('',#338,.T.);
#178=FACE_OUTER_BOUND('',#339,.T.);
#179=FACE_OUTER_BOUND('',#340,.T.);
#180=FACE_OUTER_BOUND('',#342,.T.);
#181=FACE_OUTER_BOUND('',#344,.T.);
#182=FACE_OUTER_BOUND('',#345,.T.);
#183=FACE_OUTER_BOUND('',#346,.T.);
#184=FACE_OUTER_BOUND('',#347,.T.);
#185=FACE_OUTER_BOUND('',#348,.T.);
#186=FACE_OUTER_BOUND('',#349,.T.);
#187=FACE_OUTER_BOUND('',#351,.T.);
#188=FACE_OUTER_BOUND('',#353,.T.);
#189=FACE_OUTER_BOUND('',#354,.T.);
#190=FACE_OUTER_BOUND('',#355,.T.);
#191=FACE_OUTER_BOUND('',#356,.T.);
#192=FACE_OUTER_BOUND('',#357,.T.);
#193=FACE_OUTER_BOUND('',#358,.T.);
#194=FACE_OUTER_BOUND('',#359,.T.);
#195=FACE_OUTER_BOUND('',#360,.T.);
#196=FACE_OUTER_BOUND('',#361,.T.);
#197=FACE_OUTER_BOUND('',#362,.T.);
#198=FACE_OUTER_BOUND('',#363,.T.);
#199=FACE_OUTER_BOUND('',#364,.T.);
#200=FACE_OUTER_BOUND('',#365,.T.);
#201=FACE_OUTER_BOUND('',#366,.T.);
#202=FACE_OUTER_BOUND('',#367,.T.);
#203=FACE_OUTER_BOUND('',#368,.T.);
#204=FACE_OUTER_BOUND('',#370,.T.);
#205=FACE_OUTER_BOUND('',#371,.T.);
#206=FACE_OUTER_BOUND('',#372,.T.);
#207=FACE_OUTER_BOUND('',#373,.T.);
#208=FACE_OUTER_BOUND('',#374,.T.);
#209=FACE_OUTER_BOUND('',#375,.T.);
#210=FACE_OUTER_BOUND('',#376,.T.);
#211=FACE_OUTER_BOUND('',#377,.T.);
#212=FACE_OUTER_BOUND('',#378,.T.);
#213=FACE_OUTER_BOUND('',#379,.T.);
#214=FACE_OUTER_BOUND('',#380,.T.);
#215=FACE_OUTER_BOUND('',#381,.T.);
#216=FACE_OUTER_BOUND('',#382,.T.);
#217=FACE_OUTER_BOUND('',#383,.T.);
#218=FACE_OUTER_BOUND('',#384,.T.);
#219=FACE_OUTER_BOUND('',#385,.T.);
#220=FACE_OUTER_BOUND('',#386,.T.);
#221=FACE_OUTER_BOUND('',#387,.T.);
#222=FACE_OUTER_BOUND('',#388,.T.);
#223=FACE_OUTER_BOUND('',#390,.T.);
#224=FACE_OUTER_BOUND('',#391,.T.);
#225=FACE_OUTER_BOUND('',#392,.T.);
#226=FACE_OUTER_BOUND('',#393,.T.);
#227=FACE_OUTER_BOUND('',#394,.T.);
#228=FACE_OUTER_BOUND('',#395,.T.);
#229=FACE_OUTER_BOUND('',#396,.T.);
#230=FACE_OUTER_BOUND('',#397,.T.);
#231=FACE_OUTER_BOUND('',#398,.T.);
#232=FACE_OUTER_BOUND('',#399,.T.);
#233=FACE_OUTER_BOUND('',#400,.T.);
#234=FACE_OUTER_BOUND('',#401,.T.);
#235=FACE_OUTER_BOUND('',#402,.T.);
#236=FACE_OUTER_BOUND('',#403,.T.);
#237=FACE_OUTER_BOUND('',#404,.T.);
#238=FACE_OUTER_BOUND('',#405,.T.);
#239=FACE_OUTER_BOUND('',#406,.T.);
#240=FACE_OUTER_BOUND('',#407,.T.);
#241=FACE_OUTER_BOUND('',#408,.T.);
#242=FACE_OUTER_BOUND('',#409,.T.);
#243=FACE_OUTER_BOUND('',#410,.T.);
#244=FACE_OUTER_BOUND('',#411,.T.);
#245=FACE_OUTER_BOUND('',#412,.T.);
#246=FACE_OUTER_BOUND('',#413,.T.);
#247=FACE_OUTER_BOUND('',#414,.T.);
#248=FACE_OUTER_BOUND('',#415,.T.);
#249=FACE_OUTER_BOUND('',#416,.T.);
#250=FACE_OUTER_BOUND('',#417,.T.);
#251=FACE_OUTER_BOUND('',#418,.T.);
#252=FACE_OUTER_BOUND('',#419,.T.);
#253=FACE_OUTER_BOUND('',#420,.T.);
#254=FACE_OUTER_BOUND('',#421,.T.);
#255=FACE_OUTER_BOUND('',#422,.T.);
#256=FACE_OUTER_BOUND('',#424,.T.);
#257=FACE_OUTER_BOUND('',#425,.T.);
#258=FACE_OUTER_BOUND('',#427,.T.);
#259=FACE_OUTER_BOUND('',#428,.T.);
#260=FACE_OUTER_BOUND('',#429,.T.);
#261=FACE_OUTER_BOUND('',#430,.T.);
#262=FACE_OUTER_BOUND('',#431,.T.);
#263=FACE_OUTER_BOUND('',#433,.T.);
#264=FACE_OUTER_BOUND('',#434,.T.);
#265=FACE_OUTER_BOUND('',#435,.T.);
#266=FACE_OUTER_BOUND('',#436,.T.);
#267=FACE_OUTER_BOUND('',#437,.T.);
#268=FACE_OUTER_BOUND('',#438,.T.);
#269=FACE_OUTER_BOUND('',#439,.T.);
#270=FACE_OUTER_BOUND('',#440,.T.);
#271=FACE_OUTER_BOUND('',#441,.T.);
#272=FACE_OUTER_BOUND('',#442,.T.);
#273=FACE_OUTER_BOUND('',#443,.T.);
#274=FACE_OUTER_BOUND('',#444,.T.);
#275=FACE_OUTER_BOUND('',#445,.T.);
#276=FACE_OUTER_BOUND('',#446,.T.);
#277=FACE_OUTER_BOUND('',#447,.T.);
#278=FACE_OUTER_BOUND('',#456,.T.);
#279=FACE_OUTER_BOUND('',#462,.T.);
#280=FACE_OUTER_BOUND('',#463,.T.);
#281=FACE_OUTER_BOUND('',#464,.T.);
#282=FACE_OUTER_BOUND('',#465,.T.);
#283=FACE_OUTER_BOUND('',#466,.T.);
#284=FACE_OUTER_BOUND('',#467,.T.);
#285=FACE_OUTER_BOUND('',#468,.T.);
#286=FACE_OUTER_BOUND('',#469,.T.);
#287=FACE_OUTER_BOUND('',#470,.T.);
#288=FACE_OUTER_BOUND('',#475,.T.);
#289=FACE_OUTER_BOUND('',#476,.T.);
#290=FACE_OUTER_BOUND('',#477,.T.);
#291=FACE_OUTER_BOUND('',#478,.T.);
#292=FACE_OUTER_BOUND('',#479,.T.);
#293=FACE_OUTER_BOUND('',#480,.T.);
#294=FACE_OUTER_BOUND('',#481,.T.);
#295=FACE_OUTER_BOUND('',#482,.T.);
#296=FACE_OUTER_BOUND('',#483,.T.);
#297=FACE_OUTER_BOUND('',#484,.T.);
#298=FACE_OUTER_BOUND('',#485,.T.);
#299=FACE_OUTER_BOUND('',#486,.T.);
#300=FACE_OUTER_BOUND('',#487,.T.);
#301=FACE_OUTER_BOUND('',#488,.T.);
#302=FACE_OUTER_BOUND('',#489,.T.);
#303=FACE_OUTER_BOUND('',#490,.T.);
#304=FACE_OUTER_BOUND('',#491,.T.);
#305=FACE_OUTER_BOUND('',#492,.T.);
#306=FACE_OUTER_BOUND('',#493,.T.);
#307=FACE_OUTER_BOUND('',#494,.T.);
#308=FACE_OUTER_BOUND('',#495,.T.);
#309=FACE_OUTER_BOUND('',#497,.T.);
#310=FACE_OUTER_BOUND('',#498,.T.);
#311=FACE_OUTER_BOUND('',#499,.T.);
#312=FACE_OUTER_BOUND('',#500,.T.);
#313=FACE_OUTER_BOUND('',#501,.T.);
#314=FACE_OUTER_BOUND('',#502,.T.);
#315=FACE_OUTER_BOUND('',#503,.T.);
#316=FACE_OUTER_BOUND('',#504,.T.);
#317=FACE_OUTER_BOUND('',#505,.T.);
#318=FACE_OUTER_BOUND('',#506,.T.);
#319=FACE_OUTER_BOUND('',#507,.T.);
#320=FACE_OUTER_BOUND('',#508,.T.);
#321=EDGE_LOOP('',(#1925,#1926,#1927,#1928,#1929,#1930));
#322=EDGE_LOOP('',(#1931,#1932,#1933,#1934,#1935,#1936));
#323=EDGE_LOOP('',(#1937,#1938,#1939,#1940,#1941,#1942,#1943,#1944,#1945,
#1946,#1947,#1948,#1949,#1950,#1951,#1952));
#324=EDGE_LOOP('',(#1953,#1954,#1955,#1956,#1957,#1958));
#325=EDGE_LOOP('',(#1959,#1960,#1961,#1962));
#326=EDGE_LOOP('',(#1963,#1964,#1965,#1966));
#327=EDGE_LOOP('',(#1967,#1968,#1969,#1970));
#328=EDGE_LOOP('',(#1971,#1972,#1973,#1974));
#329=EDGE_LOOP('',(#1975,#1976,#1977,#1978));
#330=EDGE_LOOP('',(#1979,#1980,#1981,#1982));
#331=EDGE_LOOP('',(#1983));
#332=EDGE_LOOP('',(#1984,#1985,#1986,#1987));
#333=EDGE_LOOP('',(#1988));
#334=EDGE_LOOP('',(#1989,#1990,#1991,#1992,#1993,#1994));
#335=EDGE_LOOP('',(#1995,#1996,#1997,#1998));
#336=EDGE_LOOP('',(#1999,#2000,#2001,#2002));
#337=EDGE_LOOP('',(#2003,#2004,#2005,#2006));
#338=EDGE_LOOP('',(#2007,#2008,#2009,#2010));
#339=EDGE_LOOP('',(#2011,#2012,#2013,#2014));
#340=EDGE_LOOP('',(#2015,#2016,#2017,#2018));
#341=EDGE_LOOP('',(#2019));
#342=EDGE_LOOP('',(#2020,#2021,#2022,#2023));
#343=EDGE_LOOP('',(#2024));
#344=EDGE_LOOP('',(#2025,#2026,#2027,#2028,#2029,#2030));
#345=EDGE_LOOP('',(#2031,#2032,#2033,#2034));
#346=EDGE_LOOP('',(#2035,#2036,#2037,#2038));
#347=EDGE_LOOP('',(#2039,#2040,#2041,#2042));
#348=EDGE_LOOP('',(#2043,#2044,#2045,#2046));
#349=EDGE_LOOP('',(#2047,#2048,#2049,#2050));
#350=EDGE_LOOP('',(#2051));
#351=EDGE_LOOP('',(#2052,#2053,#2054,#2055));
#352=EDGE_LOOP('',(#2056));
#353=EDGE_LOOP('',(#2057,#2058,#2059,#2060,#2061));
#354=EDGE_LOOP('',(#2062,#2063,#2064,#2065,#2066));
#355=EDGE_LOOP('',(#2067,#2068,#2069,#2070));
#356=EDGE_LOOP('',(#2071,#2072,#2073,#2074,#2075,#2076,#2077,#2078,#2079,
#2080,#2081,#2082,#2083,#2084,#2085,#2086));
#357=EDGE_LOOP('',(#2087,#2088,#2089,#2090));
#358=EDGE_LOOP('',(#2091,#2092,#2093,#2094));
#359=EDGE_LOOP('',(#2095,#2096,#2097,#2098));
#360=EDGE_LOOP('',(#2099,#2100,#2101));
#361=EDGE_LOOP('',(#2102,#2103,#2104,#2105));
#362=EDGE_LOOP('',(#2106,#2107,#2108));
#363=EDGE_LOOP('',(#2109,#2110,#2111,#2112));
#364=EDGE_LOOP('',(#2113,#2114,#2115));
#365=EDGE_LOOP('',(#2116,#2117,#2118,#2119));
#366=EDGE_LOOP('',(#2120,#2121,#2122));
#367=EDGE_LOOP('',(#2123,#2124,#2125,#2126));
#368=EDGE_LOOP('',(#2127,#2128,#2129,#2130,#2131,#2132,#2133,#2134));
#369=EDGE_LOOP('',(#2135,#2136,#2137,#2138,#2139,#2140,#2141,#2142));
#370=EDGE_LOOP('',(#2143,#2144,#2145,#2146,#2147,#2148,#2149,#2150));
#371=EDGE_LOOP('',(#2151,#2152,#2153,#2154,#2155,#2156,#2157,#2158,#2159));
#372=EDGE_LOOP('',(#2160,#2161,#2162,#2163));
#373=EDGE_LOOP('',(#2164,#2165,#2166,#2167));
#374=EDGE_LOOP('',(#2168,#2169,#2170,#2171));
#375=EDGE_LOOP('',(#2172,#2173,#2174,#2175));
#376=EDGE_LOOP('',(#2176,#2177,#2178,#2179));
#377=EDGE_LOOP('',(#2180,#2181,#2182,#2183));
#378=EDGE_LOOP('',(#2184,#2185,#2186,#2187));
#379=EDGE_LOOP('',(#2188,#2189,#2190,#2191));
#380=EDGE_LOOP('',(#2192,#2193,#2194,#2195,#2196,#2197));
#381=EDGE_LOOP('',(#2198,#2199,#2200,#2201,#2202,#2203,#2204,#2205));
#382=EDGE_LOOP('',(#2206,#2207,#2208,#2209,#2210,#2211,#2212));
#383=EDGE_LOOP('',(#2213,#2214,#2215,#2216));
#384=EDGE_LOOP('',(#2217,#2218,#2219,#2220));
#385=EDGE_LOOP('',(#2221,#2222,#2223,#2224,#2225,#2226,#2227,#2228));
#386=EDGE_LOOP('',(#2229,#2230,#2231,#2232));
#387=EDGE_LOOP('',(#2233,#2234,#2235,#2236));
#388=EDGE_LOOP('',(#2237,#2238,#2239,#2240));
#389=EDGE_LOOP('',(#2241,#2242,#2243,#2244,#2245,#2246,#2247,#2248));
#390=EDGE_LOOP('',(#2249,#2250,#2251,#2252));
#391=EDGE_LOOP('',(#2253,#2254,#2255,#2256,#2257,#2258));
#392=EDGE_LOOP('',(#2259,#2260,#2261,#2262,#2263,#2264,#2265,#2266));
#393=EDGE_LOOP('',(#2267,#2268,#2269,#2270,#2271,#2272,#2273,#2274,#2275,
#2276,#2277,#2278,#2279,#2280));
#394=EDGE_LOOP('',(#2281,#2282,#2283,#2284));
#395=EDGE_LOOP('',(#2285,#2286,#2287,#2288));
#396=EDGE_LOOP('',(#2289,#2290,#2291));
#397=EDGE_LOOP('',(#2292,#2293,#2294,#2295));
#398=EDGE_LOOP('',(#2296,#2297,#2298));
#399=EDGE_LOOP('',(#2299,#2300,#2301));
#400=EDGE_LOOP('',(#2302,#2303,#2304,#2305));
#401=EDGE_LOOP('',(#2306,#2307,#2308));
#402=EDGE_LOOP('',(#2309,#2310,#2311,#2312));
#403=EDGE_LOOP('',(#2313,#2314,#2315,#2316,#2317,#2318,#2319,#2320,#2321,
#2322,#2323,#2324,#2325,#2326,#2327,#2328));
#404=EDGE_LOOP('',(#2329,#2330,#2331,#2332,#2333,#2334,#2335,#2336,#2337,
#2338,#2339,#2340,#2341,#2342,#2343,#2344,#2345,#2346,#2347,#2348));
#405=EDGE_LOOP('',(#2349,#2350,#2351,#2352,#2353,#2354,#2355,#2356));
#406=EDGE_LOOP('',(#2357,#2358,#2359,#2360));
#407=EDGE_LOOP('',(#2361,#2362,#2363,#2364));
#408=EDGE_LOOP('',(#2365,#2366,#2367,#2368));
#409=EDGE_LOOP('',(#2369,#2370,#2371,#2372));
#410=EDGE_LOOP('',(#2373,#2374,#2375,#2376));
#411=EDGE_LOOP('',(#2377,#2378,#2379,#2380));
#412=EDGE_LOOP('',(#2381,#2382,#2383,#2384));
#413=EDGE_LOOP('',(#2385,#2386,#2387,#2388,#2389,#2390,#2391,#2392,#2393,
#2394,#2395,#2396));
#414=EDGE_LOOP('',(#2397,#2398,#2399,#2400));
#415=EDGE_LOOP('',(#2401,#2402,#2403,#2404));
#416=EDGE_LOOP('',(#2405,#2406,#2407,#2408));
#417=EDGE_LOOP('',(#2409,#2410,#2411,#2412));
#418=EDGE_LOOP('',(#2413,#2414,#2415,#2416));
#419=EDGE_LOOP('',(#2417,#2418,#2419,#2420));
#420=EDGE_LOOP('',(#2421,#2422,#2423,#2424));
#421=EDGE_LOOP('',(#2425,#2426,#2427,#2428));
#422=EDGE_LOOP('',(#2429,#2430,#2431,#2432,#2433,#2434,#2435,#2436));
#423=EDGE_LOOP('',(#2437,#2438,#2439,#2440));
#424=EDGE_LOOP('',(#2441,#2442,#2443,#2444,#2445,#2446,#2447,#2448));
#425=EDGE_LOOP('',(#2449,#2450,#2451,#2452,#2453,#2454,#2455,#2456));
#426=EDGE_LOOP('',(#2457,#2458,#2459,#2460,#2461,#2462,#2463,#2464));
#427=EDGE_LOOP('',(#2465,#2466,#2467,#2468));
#428=EDGE_LOOP('',(#2469,#2470,#2471,#2472));
#429=EDGE_LOOP('',(#2473,#2474,#2475,#2476));
#430=EDGE_LOOP('',(#2477,#2478,#2479,#2480));
#431=EDGE_LOOP('',(#2481,#2482,#2483,#2484));
#432=EDGE_LOOP('',(#2485,#2486,#2487,#2488,#2489,#2490,#2491,#2492));
#433=EDGE_LOOP('',(#2493,#2494,#2495,#2496));
#434=EDGE_LOOP('',(#2497,#2498,#2499,#2500));
#435=EDGE_LOOP('',(#2501,#2502,#2503,#2504));
#436=EDGE_LOOP('',(#2505,#2506,#2507,#2508));
#437=EDGE_LOOP('',(#2509,#2510,#2511,#2512));
#438=EDGE_LOOP('',(#2513,#2514,#2515,#2516));
#439=EDGE_LOOP('',(#2517,#2518,#2519,#2520));
#440=EDGE_LOOP('',(#2521,#2522,#2523,#2524));
#441=EDGE_LOOP('',(#2525,#2526,#2527,#2528));
#442=EDGE_LOOP('',(#2529,#2530,#2531,#2532));
#443=EDGE_LOOP('',(#2533,#2534,#2535,#2536));
#444=EDGE_LOOP('',(#2537,#2538,#2539,#2540));
#445=EDGE_LOOP('',(#2541,#2542,#2543,#2544));
#446=EDGE_LOOP('',(#2545,#2546,#2547,#2548));
#447=EDGE_LOOP('',(#2549,#2550,#2551,#2552,#2553,#2554,#2555,#2556));
#448=EDGE_LOOP('',(#2557));
#449=EDGE_LOOP('',(#2558));
#450=EDGE_LOOP('',(#2559));
#451=EDGE_LOOP('',(#2560));
#452=EDGE_LOOP('',(#2561));
#453=EDGE_LOOP('',(#2562));
#454=EDGE_LOOP('',(#2563));
#455=EDGE_LOOP('',(#2564));
#456=EDGE_LOOP('',(#2565,#2566,#2567,#2568,#2569,#2570,#2571,#2572));
#457=EDGE_LOOP('',(#2573,#2574,#2575,#2576));
#458=EDGE_LOOP('',(#2577));
#459=EDGE_LOOP('',(#2578));
#460=EDGE_LOOP('',(#2579));
#461=EDGE_LOOP('',(#2580));
#462=EDGE_LOOP('',(#2581,#2582,#2583,#2584));
#463=EDGE_LOOP('',(#2585,#2586,#2587,#2588));
#464=EDGE_LOOP('',(#2589,#2590,#2591,#2592));
#465=EDGE_LOOP('',(#2593,#2594,#2595,#2596));
#466=EDGE_LOOP('',(#2597,#2598,#2599,#2600));
#467=EDGE_LOOP('',(#2601,#2602,#2603,#2604));
#468=EDGE_LOOP('',(#2605,#2606,#2607,#2608));
#469=EDGE_LOOP('',(#2609,#2610,#2611,#2612));
#470=EDGE_LOOP('',(#2613,#2614,#2615,#2616));
#471=EDGE_LOOP('',(#2617));
#472=EDGE_LOOP('',(#2618));
#473=EDGE_LOOP('',(#2619));
#474=EDGE_LOOP('',(#2620));
#475=EDGE_LOOP('',(#2621,#2622,#2623,#2624));
#476=EDGE_LOOP('',(#2625,#2626,#2627,#2628));
#477=EDGE_LOOP('',(#2629,#2630,#2631,#2632));
#478=EDGE_LOOP('',(#2633,#2634,#2635,#2636));
#479=EDGE_LOOP('',(#2637,#2638,#2639,#2640));
#480=EDGE_LOOP('',(#2641,#2642,#2643,#2644));
#481=EDGE_LOOP('',(#2645,#2646,#2647,#2648,#2649,#2650,#2651,#2652,#2653,
#2654,#2655,#2656,#2657,#2658,#2659,#2660,#2661,#2662,#2663,#2664));
#482=EDGE_LOOP('',(#2665,#2666,#2667,#2668));
#483=EDGE_LOOP('',(#2669,#2670,#2671,#2672));
#484=EDGE_LOOP('',(#2673,#2674,#2675,#2676,#2677,#2678,#2679,#2680));
#485=EDGE_LOOP('',(#2681,#2682,#2683,#2684));
#486=EDGE_LOOP('',(#2685,#2686,#2687,#2688));
#487=EDGE_LOOP('',(#2689,#2690,#2691,#2692));
#488=EDGE_LOOP('',(#2693,#2694,#2695,#2696));
#489=EDGE_LOOP('',(#2697,#2698,#2699,#2700));
#490=EDGE_LOOP('',(#2701,#2702,#2703,#2704));
#491=EDGE_LOOP('',(#2705,#2706,#2707,#2708));
#492=EDGE_LOOP('',(#2709,#2710,#2711,#2712));
#493=EDGE_LOOP('',(#2713,#2714,#2715,#2716,#2717,#2718,#2719,#2720));
#494=EDGE_LOOP('',(#2721,#2722,#2723,#2724));
#495=EDGE_LOOP('',(#2725,#2726,#2727,#2728,#2729,#2730,#2731,#2732));
#496=EDGE_LOOP('',(#2733,#2734,#2735,#2736,#2737,#2738,#2739,#2740));
#497=EDGE_LOOP('',(#2741));
#498=EDGE_LOOP('',(#2742,#2743,#2744,#2745));
#499=EDGE_LOOP('',(#2746));
#500=EDGE_LOOP('',(#2747));
#501=EDGE_LOOP('',(#2748,#2749,#2750,#2751));
#502=EDGE_LOOP('',(#2752));
#503=EDGE_LOOP('',(#2753));
#504=EDGE_LOOP('',(#2754,#2755,#2756,#2757));
#505=EDGE_LOOP('',(#2758));
#506=EDGE_LOOP('',(#2759));
#507=EDGE_LOOP('',(#2760,#2761,#2762,#2763));
#508=EDGE_LOOP('',(#2764));
#509=LINE('',#4140,#807);
#510=LINE('',#4146,#808);
#511=LINE('',#4153,#809);
#512=LINE('',#4159,#810);
#513=LINE('',#4164,#811);
#514=LINE('',#4166,#812);
#515=LINE('',#4168,#813);
#516=LINE('',#4170,#814);
#517=LINE('',#4172,#815);
#518=LINE('',#4174,#816);
#519=LINE('',#4176,#817);
#520=LINE('',#4178,#818);
#521=LINE('',#4180,#819);
#522=LINE('',#4182,#820);
#523=LINE('',#4184,#821);
#524=LINE('',#4186,#822);
#525=LINE('',#4188,#823);
#526=LINE('',#4190,#824);
#527=LINE('',#4192,#825);
#528=LINE('',#4193,#826);
#529=LINE('',#4199,#827);
#530=LINE('',#4205,#828);
#531=LINE('',#4211,#829);
#532=LINE('',#4215,#830);
#533=LINE('',#4217,#831);
#534=LINE('',#4218,#832);
#535=LINE('',#4221,#833);
#536=LINE('',#4222,#834);
#537=LINE('',#4225,#835);
#538=LINE('',#4226,#836);
#539=LINE('',#4228,#837);
#540=LINE('',#4229,#838);
#541=LINE('',#4231,#839);
#542=LINE('',#4233,#840);
#543=LINE('',#4235,#841);
#544=LINE('',#4237,#842);
#545=LINE('',#4238,#843);
#546=LINE('',#4243,#844);
#547=LINE('',#4247,#845);
#548=LINE('',#4249,#846);
#549=LINE('',#4250,#847);
#550=LINE('',#4253,#848);
#551=LINE('',#4254,#849);
#552=LINE('',#4257,#850);
#553=LINE('',#4258,#851);
#554=LINE('',#4260,#852);
#555=LINE('',#4261,#853);
#556=LINE('',#4263,#854);
#557=LINE('',#4265,#855);
#558=LINE('',#4267,#856);
#559=LINE('',#4272,#857);
#560=LINE('',#4276,#858);
#561=LINE('',#4278,#859);
#562=LINE('',#4279,#860);
#563=LINE('',#4281,#861);
#564=LINE('',#4283,#862);
#565=LINE('',#4284,#863);
#566=LINE('',#4287,#864);
#567=LINE('',#4290,#865);
#568=LINE('',#4291,#866);
#569=LINE('',#4294,#867);
#570=LINE('',#4296,#868);
#571=LINE('',#4297,#869);
#572=LINE('',#4300,#870);
#573=LINE('',#4301,#871);
#574=LINE('',#4303,#872);
#575=LINE('',#4305,#873);
#576=LINE('',#4306,#874);
#577=LINE('',#4308,#875);
#578=LINE('',#4314,#876);
#579=LINE('',#4317,#877);
#580=LINE('',#4320,#878);
#581=LINE('',#4323,#879);
#582=LINE('',#4327,#880);
#583=LINE('',#4330,#881);
#584=LINE('',#4333,#882);
#585=LINE('',#4336,#883);
#586=LINE('',#4340,#884);
#587=LINE('',#4343,#885);
#588=LINE('',#4346,#886);
#589=LINE('',#4349,#887);
#590=LINE('',#4353,#888);
#591=LINE('',#4356,#889);
#592=LINE('',#4359,#890);
#593=LINE('',#4362,#891);
#594=LINE('',#4364,#892);
#595=LINE('',#4366,#893);
#596=LINE('',#4368,#894);
#597=LINE('',#4369,#895);
#598=LINE('',#4372,#896);
#599=LINE('',#4376,#897);
#600=LINE('',#4380,#898);
#601=LINE('',#4384,#899);
#602=LINE('',#4387,#900);
#603=LINE('',#4389,#901);
#604=LINE('',#4391,#902);
#605=LINE('',#4392,#903);
#606=LINE('',#4395,#904);
#607=LINE('',#4397,#905);
#608=LINE('',#4399,#906);
#609=LINE('',#4401,#907);
#610=LINE('',#4404,#908);
#611=LINE('',#4407,#909);
#612=LINE('',#4409,#910);
#613=LINE('',#4410,#911);
#614=LINE('',#4414,#912);
#615=LINE('',#4417,#913);
#616=LINE('',#4418,#914);
#617=LINE('',#4422,#915);
#618=LINE('',#4425,#916);
#619=LINE('',#4426,#917);
#620=LINE('',#4430,#918);
#621=LINE('',#4433,#919);
#622=LINE('',#4434,#920);
#623=LINE('',#4439,#921);
#624=LINE('',#4440,#922);
#625=LINE('',#4443,#923);
#626=LINE('',#4445,#924);
#627=LINE('',#4447,#925);
#628=LINE('',#4449,#926);
#629=LINE('',#4450,#927);
#630=LINE('',#4453,#928);
#631=LINE('',#4456,#929);
#632=LINE('',#4459,#930);
#633=LINE('',#4460,#931);
#634=LINE('',#4463,#932);
#635=LINE('',#4465,#933);
#636=LINE('',#4466,#934);
#637=LINE('',#4469,#935);
#638=LINE('',#4471,#936);
#639=LINE('',#4473,#937);
#640=LINE('',#4475,#938);
#641=LINE('',#4477,#939);
#642=LINE('',#4478,#940);
#643=LINE('',#4480,#941);
#644=LINE('',#4482,#942);
#645=LINE('',#4483,#943);
#646=LINE('',#4485,#944);
#647=LINE('',#4489,#945);
#648=LINE('',#4491,#946);
#649=LINE('',#4495,#947);
#650=LINE('',#4497,#948);
#651=LINE('',#4502,#949);
#652=LINE('',#4506,#950);
#653=LINE('',#4510,#951);
#654=LINE('',#4511,#952);
#655=LINE('',#4515,#953);
#656=LINE('',#4519,#954);
#657=LINE('',#4523,#955);
#658=LINE('',#4524,#956);
#659=LINE('',#4528,#957);
#660=LINE('',#4531,#958);
#661=LINE('',#4534,#959);
#662=LINE('',#4537,#960);
#663=LINE('',#4541,#961);
#664=LINE('',#4544,#962);
#665=LINE('',#4547,#963);
#666=LINE('',#4550,#964);
#667=LINE('',#4553,#965);
#668=LINE('',#4557,#966);
#669=LINE('',#4561,#967);
#670=LINE('',#4565,#968);
#671=LINE('',#4568,#969);
#672=LINE('',#4570,#970);
#673=LINE('',#4572,#971);
#674=LINE('',#4573,#972);
#675=LINE('',#4575,#973);
#676=LINE('',#4576,#974);
#677=LINE('',#4577,#975);
#678=LINE('',#4579,#976);
#679=LINE('',#4581,#977);
#680=LINE('',#4585,#978);
#681=LINE('',#4589,#979);
#682=LINE('',#4593,#980);
#683=LINE('',#4597,#981);
#684=LINE('',#4598,#982);
#685=LINE('',#4601,#983);
#686=LINE('',#4603,#984);
#687=LINE('',#4604,#985);
#688=LINE('',#4607,#986);
#689=LINE('',#4612,#987);
#690=LINE('',#4615,#988);
#691=LINE('',#4616,#989);
#692=LINE('',#4620,#990);
#693=LINE('',#4623,#991);
#694=LINE('',#4624,#992);
#695=LINE('',#4628,#993);
#696=LINE('',#4630,#994);
#697=LINE('',#4633,#995);
#698=LINE('',#4635,#996);
#699=LINE('',#4636,#997);
#700=LINE('',#4640,#998);
#701=LINE('',#4642,#999);
#702=LINE('',#4644,#1000);
#703=LINE('',#4645,#1001);
#704=LINE('',#4651,#1002);
#705=LINE('',#4654,#1003);
#706=LINE('',#4656,#1004);
#707=LINE('',#4657,#1005);
#708=LINE('',#4663,#1006);
#709=LINE('',#4666,#1007);
#710=LINE('',#4668,#1008);
#711=LINE('',#4669,#1009);
#712=LINE('',#4674,#1010);
#713=LINE('',#4678,#1011);
#714=LINE('',#4680,#1012);
#715=LINE('',#4681,#1013);
#716=LINE('',#4689,#1014);
#717=LINE('',#4693,#1015);
#718=LINE('',#4697,#1016);
#719=LINE('',#4699,#1017);
#720=LINE('',#4700,#1018);
#721=LINE('',#4704,#1019);
#722=LINE('',#4705,#1020);
#723=LINE('',#4707,#1021);
#724=LINE('',#4709,#1022);
#725=LINE('',#4711,#1023);
#726=LINE('',#4713,#1024);
#727=LINE('',#4720,#1025);
#728=LINE('',#4726,#1026);
#729=LINE('',#4732,#1027);
#730=LINE('',#4738,#1028);
#731=LINE('',#4743,#1029);
#732=LINE('',#4745,#1030);
#733=LINE('',#4747,#1031);
#734=LINE('',#4748,#1032);
#735=LINE('',#4754,#1033);
#736=LINE('',#4757,#1034);
#737=LINE('',#4759,#1035);
#738=LINE('',#4760,#1036);
#739=LINE('',#4766,#1037);
#740=LINE('',#4769,#1038);
#741=LINE('',#4771,#1039);
#742=LINE('',#4772,#1040);
#743=LINE('',#4778,#1041);
#744=LINE('',#4781,#1042);
#745=LINE('',#4783,#1043);
#746=LINE('',#4784,#1044);
#747=LINE('',#4800,#1045);
#748=LINE('',#4802,#1046);
#749=LINE('',#4804,#1047);
#750=LINE('',#4805,#1048);
#751=LINE('',#4809,#1049);
#752=LINE('',#4813,#1050);
#753=LINE('',#4817,#1051);
#754=LINE('',#4821,#1052);
#755=LINE('',#4824,#1053);
#756=LINE('',#4826,#1054);
#757=LINE('',#4827,#1055);
#758=LINE('',#4830,#1056);
#759=LINE('',#4831,#1057);
#760=LINE('',#4834,#1058);
#761=LINE('',#4835,#1059);
#762=LINE('',#4837,#1060);
#763=LINE('',#4842,#1061);
#764=LINE('',#4846,#1062);
#765=LINE('',#4853,#1063);
#766=LINE('',#4856,#1064);
#767=LINE('',#4860,#1065);
#768=LINE('',#4864,#1066);
#769=LINE('',#4871,#1067);
#770=LINE('',#4874,#1068);
#771=LINE('',#4876,#1069);
#772=LINE('',#4877,#1070);
#773=LINE('',#4879,#1071);
#774=LINE('',#4880,#1072);
#775=LINE('',#4883,#1073);
#776=LINE('',#4885,#1074);
#777=LINE('',#4887,#1075);
#778=LINE('',#4891,#1076);
#779=LINE('',#4895,#1077);
#780=LINE('',#4899,#1078);
#781=LINE('',#4903,#1079);
#782=LINE('',#4905,#1080);
#783=LINE('',#4906,#1081);
#784=LINE('',#4907,#1082);
#785=LINE('',#4912,#1083);
#786=LINE('',#4918,#1084);
#787=LINE('',#4921,#1085);
#788=LINE('',#4922,#1086);
#789=LINE('',#4924,#1087);
#790=LINE('',#4926,#1088);
#791=LINE('',#4929,#1089);
#792=LINE('',#4931,#1090);
#793=LINE('',#4932,#1091);
#794=LINE('',#4936,#1092);
#795=LINE('',#4939,#1093);
#796=LINE('',#4940,#1094);
#797=LINE('',#4944,#1095);
#798=LINE('',#4947,#1096);
#799=LINE('',#4948,#1097);
#800=LINE('',#4952,#1098);
#801=LINE('',#4955,#1099);
#802=LINE('',#4956,#1100);
#803=LINE('',#4966,#1101);
#804=LINE('',#4974,#1102);
#805=LINE('',#4982,#1103);
#806=LINE('',#4990,#1104);
#807=VECTOR('',#3278,10.);
#808=VECTOR('',#3283,10.);
#809=VECTOR('',#3290,10.);
#810=VECTOR('',#3295,10.);
#811=VECTOR('',#3300,10.);
#812=VECTOR('',#3301,10.);
#813=VECTOR('',#3302,10.);
#814=VECTOR('',#3303,10.);
#815=VECTOR('',#3304,10.);
#816=VECTOR('',#3305,10.);
#817=VECTOR('',#3306,10.);
#818=VECTOR('',#3307,10.);
#819=VECTOR('',#3308,10.);
#820=VECTOR('',#3309,10.);
#821=VECTOR('',#3310,10.);
#822=VECTOR('',#3311,10.);
#823=VECTOR('',#3312,10.);
#824=VECTOR('',#3313,10.);
#825=VECTOR('',#3314,10.);
#826=VECTOR('',#3315,10.);
#827=VECTOR('',#3320,10.);
#828=VECTOR('',#3325,10.);
#829=VECTOR('',#3332,1.86);
#830=VECTOR('',#3337,10.);
#831=VECTOR('',#3338,10.);
#832=VECTOR('',#3339,10.);
#833=VECTOR('',#3342,10.);
#834=VECTOR('',#3343,10.);
#835=VECTOR('',#3346,10.);
#836=VECTOR('',#3347,10.);
#837=VECTOR('',#3350,10.);
#838=VECTOR('',#3351,10.);
#839=VECTOR('',#3354,10.);
#840=VECTOR('',#3357,10.);
#841=VECTOR('',#3360,10.);
#842=VECTOR('',#3361,10.);
#843=VECTOR('',#3362,10.);
#844=VECTOR('',#3367,1.86);
#845=VECTOR('',#3372,10.);
#846=VECTOR('',#3373,10.);
#847=VECTOR('',#3374,10.);
#848=VECTOR('',#3377,10.);
#849=VECTOR('',#3378,10.);
#850=VECTOR('',#3381,10.);
#851=VECTOR('',#3382,10.);
#852=VECTOR('',#3385,10.);
#853=VECTOR('',#3386,10.);
#854=VECTOR('',#3389,10.);
#855=VECTOR('',#3392,10.);
#856=VECTOR('',#3395,10.);
#857=VECTOR('',#3400,1.86);
#858=VECTOR('',#3405,10.);
#859=VECTOR('',#3406,10.);
#860=VECTOR('',#3407,10.);
#861=VECTOR('',#3410,10.);
#862=VECTOR('',#3413,10.);
#863=VECTOR('',#3414,10.);
#864=VECTOR('',#3419,10.);
#865=VECTOR('',#3422,10.);
#866=VECTOR('',#3423,10.);
#867=VECTOR('',#3426,10.);
#868=VECTOR('',#3427,10.);
#869=VECTOR('',#3428,10.);
#870=VECTOR('',#3431,10.);
#871=VECTOR('',#3432,10.);
#872=VECTOR('',#3435,10.);
#873=VECTOR('',#3436,10.);
#874=VECTOR('',#3437,10.);
#875=VECTOR('',#3440,10.);
#876=VECTOR('',#3447,10.);
#877=VECTOR('',#3450,10.);
#878=VECTOR('',#3453,10.);
#879=VECTOR('',#3456,10.);
#880=VECTOR('',#3459,10.);
#881=VECTOR('',#3462,10.);
#882=VECTOR('',#3465,10.);
#883=VECTOR('',#3468,10.);
#884=VECTOR('',#3471,10.);
#885=VECTOR('',#3474,10.);
#886=VECTOR('',#3477,10.);
#887=VECTOR('',#3480,10.);
#888=VECTOR('',#3483,10.);
#889=VECTOR('',#3486,10.);
#890=VECTOR('',#3489,10.);
#891=VECTOR('',#3492,10.);
#892=VECTOR('',#3495,10.);
#893=VECTOR('',#3496,10.);
#894=VECTOR('',#3497,10.);
#895=VECTOR('',#3498,10.);
#896=VECTOR('',#3499,10.);
#897=VECTOR('',#3502,10.);
#898=VECTOR('',#3505,10.);
#899=VECTOR('',#3508,10.);
#900=VECTOR('',#3513,10.);
#901=VECTOR('',#3514,10.);
#902=VECTOR('',#3515,10.);
#903=VECTOR('',#3516,10.);
#904=VECTOR('',#3519,10.);
#905=VECTOR('',#3520,10.);
#906=VECTOR('',#3521,10.);
#907=VECTOR('',#3522,10.);
#908=VECTOR('',#3525,10.);
#909=VECTOR('',#3528,10.);
#910=VECTOR('',#3529,10.);
#911=VECTOR('',#3530,10.);
#912=VECTOR('',#3535,10.);
#913=VECTOR('',#3538,10.);
#914=VECTOR('',#3539,10.);
#915=VECTOR('',#3544,10.);
#916=VECTOR('',#3547,10.);
#917=VECTOR('',#3548,10.);
#918=VECTOR('',#3553,10.);
#919=VECTOR('',#3556,10.);
#920=VECTOR('',#3557,10.);
#921=VECTOR('',#3564,10.);
#922=VECTOR('',#3565,10.);
#923=VECTOR('',#3568,10.);
#924=VECTOR('',#3569,10.);
#925=VECTOR('',#3570,10.);
#926=VECTOR('',#3571,10.);
#927=VECTOR('',#3572,10.);
#928=VECTOR('',#3575,10.);
#929=VECTOR('',#3578,10.);
#930=VECTOR('',#3581,10.);
#931=VECTOR('',#3582,10.);
#932=VECTOR('',#3585,10.);
#933=VECTOR('',#3586,10.);
#934=VECTOR('',#3587,10.);
#935=VECTOR('',#3590,10.);
#936=VECTOR('',#3591,10.);
#937=VECTOR('',#3592,10.);
#938=VECTOR('',#3593,10.);
#939=VECTOR('',#3594,10.);
#940=VECTOR('',#3595,10.);
#941=VECTOR('',#3598,10.);
#942=VECTOR('',#3601,10.);
#943=VECTOR('',#3602,10.);
#944=VECTOR('',#3605,10.);
#945=VECTOR('',#3610,10.);
#946=VECTOR('',#3613,10.);
#947=VECTOR('',#3618,10.);
#948=VECTOR('',#3621,10.);
#949=VECTOR('',#3626,10.);
#950=VECTOR('',#3629,10.);
#951=VECTOR('',#3634,10.);
#952=VECTOR('',#3635,10.);
#953=VECTOR('',#3638,10.);
#954=VECTOR('',#3641,10.);
#955=VECTOR('',#3646,10.);
#956=VECTOR('',#3647,10.);
#957=VECTOR('',#3650,10.);
#958=VECTOR('',#3653,10.);
#959=VECTOR('',#3656,10.);
#960=VECTOR('',#3659,10.);
#961=VECTOR('',#3662,10.);
#962=VECTOR('',#3665,10.);
#963=VECTOR('',#3668,10.);
#964=VECTOR('',#3671,10.);
#965=VECTOR('',#3674,10.);
#966=VECTOR('',#3677,10.);
#967=VECTOR('',#3680,10.);
#968=VECTOR('',#3683,10.);
#969=VECTOR('',#3686,10.);
#970=VECTOR('',#3687,10.);
#971=VECTOR('',#3688,10.);
#972=VECTOR('',#3689,10.);
#973=VECTOR('',#3692,10.);
#974=VECTOR('',#3693,10.);
#975=VECTOR('',#3694,10.);
#976=VECTOR('',#3695,10.);
#977=VECTOR('',#3696,10.);
#978=VECTOR('',#3699,10.);
#979=VECTOR('',#3702,10.);
#980=VECTOR('',#3705,10.);
#981=VECTOR('',#3708,10.);
#982=VECTOR('',#3709,10.);
#983=VECTOR('',#3712,10.);
#984=VECTOR('',#3713,10.);
#985=VECTOR('',#3714,10.);
#986=VECTOR('',#3717,10.);
#987=VECTOR('',#3724,10.);
#988=VECTOR('',#3727,10.);
#989=VECTOR('',#3728,10.);
#990=VECTOR('',#3733,10.);
#991=VECTOR('',#3736,10.);
#992=VECTOR('',#3737,10.);
#993=VECTOR('',#3742,10.);
#994=VECTOR('',#3745,10.);
#995=VECTOR('',#3748,10.);
#996=VECTOR('',#3749,10.);
#997=VECTOR('',#3750,10.);
#998=VECTOR('',#3753,10.);
#999=VECTOR('',#3754,10.);
#1000=VECTOR('',#3755,10.);
#1001=VECTOR('',#3756,10.);
#1002=VECTOR('',#3763,10.);
#1003=VECTOR('',#3766,10.);
#1004=VECTOR('',#3767,10.);
#1005=VECTOR('',#3768,10.);
#1006=VECTOR('',#3775,10.);
#1007=VECTOR('',#3778,10.);
#1008=VECTOR('',#3779,10.);
#1009=VECTOR('',#3780,10.);
#1010=VECTOR('',#3785,10.);
#1011=VECTOR('',#3790,10.);
#1012=VECTOR('',#3791,10.);
#1013=VECTOR('',#3792,10.);
#1014=VECTOR('',#3803,10.);
#1015=VECTOR('',#3806,10.);
#1016=VECTOR('',#3809,10.);
#1017=VECTOR('',#3812,10.);
#1018=VECTOR('',#3813,10.);
#1019=VECTOR('',#3820,10.);
#1020=VECTOR('',#3821,10.);
#1021=VECTOR('',#3824,10.);
#1022=VECTOR('',#3827,10.);
#1023=VECTOR('',#3830,10.);
#1024=VECTOR('',#3833,10.);
#1025=VECTOR('',#3842,0.999999999999996);
#1026=VECTOR('',#3849,0.999999999999996);
#1027=VECTOR('',#3856,0.999999999999996);
#1028=VECTOR('',#3863,0.999999999999996);
#1029=VECTOR('',#3868,10.);
#1030=VECTOR('',#3869,10.);
#1031=VECTOR('',#3870,10.);
#1032=VECTOR('',#3871,10.);
#1033=VECTOR('',#3878,10.);
#1034=VECTOR('',#3881,10.);
#1035=VECTOR('',#3882,10.);
#1036=VECTOR('',#3883,10.);
#1037=VECTOR('',#3890,10.);
#1038=VECTOR('',#3893,10.);
#1039=VECTOR('',#3894,10.);
#1040=VECTOR('',#3895,10.);
#1041=VECTOR('',#3902,10.);
#1042=VECTOR('',#3905,10.);
#1043=VECTOR('',#3906,10.);
#1044=VECTOR('',#3907,10.);
#1045=VECTOR('',#3926,10.);
#1046=VECTOR('',#3927,10.);
#1047=VECTOR('',#3928,10.);
#1048=VECTOR('',#3929,10.);
#1049=VECTOR('',#3934,0.223606792751978);
#1050=VECTOR('',#3939,0.223499999999994);
#1051=VECTOR('',#3944,0.223606792751978);
#1052=VECTOR('',#3949,0.223606792751978);
#1053=VECTOR('',#3952,10.);
#1054=VECTOR('',#3953,10.);
#1055=VECTOR('',#3954,10.);
#1056=VECTOR('',#3957,10.);
#1057=VECTOR('',#3958,10.);
#1058=VECTOR('',#3961,10.);
#1059=VECTOR('',#3962,10.);
#1060=VECTOR('',#3965,10.);
#1061=VECTOR('',#3970,10.);
#1062=VECTOR('',#3973,10.);
#1063=VECTOR('',#3980,10.);
#1064=VECTOR('',#3983,10.);
#1065=VECTOR('',#3986,10.);
#1066=VECTOR('',#3989,10.);
#1067=VECTOR('',#3996,10.);
#1068=VECTOR('',#3999,10.);
#1069=VECTOR('',#4002,10.);
#1070=VECTOR('',#4003,10.);
#1071=VECTOR('',#4006,10.);
#1072=VECTOR('',#4007,10.);
#1073=VECTOR('',#4010,10.);
#1074=VECTOR('',#4011,10.);
#1075=VECTOR('',#4012,10.);
#1076=VECTOR('',#4015,10.);
#1077=VECTOR('',#4018,10.);
#1078=VECTOR('',#4021,10.);
#1079=VECTOR('',#4024,10.);
#1080=VECTOR('',#4025,10.);
#1081=VECTOR('',#4026,10.);
#1082=VECTOR('',#4027,10.);
#1083=VECTOR('',#4032,10.);
#1084=VECTOR('',#4039,10.);
#1085=VECTOR('',#4044,10.);
#1086=VECTOR('',#4045,10.);
#1087=VECTOR('',#4048,10.);
#1088=VECTOR('',#4051,10.);
#1089=VECTOR('',#4054,10.);
#1090=VECTOR('',#4055,10.);
#1091=VECTOR('',#4056,10.);
#1092=VECTOR('',#4061,10.);
#1093=VECTOR('',#4064,10.);
#1094=VECTOR('',#4065,10.);
#1095=VECTOR('',#4070,10.);
#1096=VECTOR('',#4073,10.);
#1097=VECTOR('',#4074,10.);
#1098=VECTOR('',#4079,10.);
#1099=VECTOR('',#4082,10.);
#1100=VECTOR('',#4083,10.);
#1101=VECTOR('',#4098,0.223606792751978);
#1102=VECTOR('',#4109,0.223606792751978);
#1103=VECTOR('',#4120,0.223499999999994);
#1104=VECTOR('',#4131,0.223606792751978);
#1105=CIRCLE('',#2992,9.);
#1106=CIRCLE('',#2993,9.);
#1107=CIRCLE('',#2994,9.);
#1108=CIRCLE('',#2995,9.);
#1109=CIRCLE('',#2997,9.);
#1110=CIRCLE('',#2998,9.);
#1111=CIRCLE('',#2999,9.);
#1112=CIRCLE('',#3000,9.);
#1113=CIRCLE('',#3003,9.);
#1114=CIRCLE('',#3004,9.);
#1115=CIRCLE('',#3005,9.);
#1116=CIRCLE('',#3006,9.);
#1117=CIRCLE('',#3008,1.86);
#1118=CIRCLE('',#3009,1.86);
#1119=CIRCLE('',#3018,1.86);
#1120=CIRCLE('',#3019,1.86);
#1121=CIRCLE('',#3028,1.86);
#1122=CIRCLE('',#3029,1.86);
#1123=CIRCLE('',#3043,0.8115);
#1124=CIRCLE('',#3045,0.8115);
#1125=CIRCLE('',#3047,0.8115);
#1126=CIRCLE('',#3049,0.8115);
#1127=CIRCLE('',#3051,0.8115);
#1128=CIRCLE('',#3053,0.8115);
#1129=CIRCLE('',#3055,0.8115);
#1130=CIRCLE('',#3057,0.8115);
#1131=CIRCLE('',#3059,0.500000000000009);
#1132=CIRCLE('',#3060,0.500000000000025);
#1133=CIRCLE('',#3061,0.500000000000025);
#1134=CIRCLE('',#3062,0.500000000000007);
#1135=CIRCLE('',#3065,9.);
#1136=CIRCLE('',#3068,0.500000000000025);
#1137=CIRCLE('',#3071,0.500000000000007);
#1138=CIRCLE('',#3074,0.500000000000009);
#1139=CIRCLE('',#3077,0.500000000000025);
#1140=CIRCLE('',#3081,9.);
#1141=CIRCLE('',#3089,9.);
#1142=CIRCLE('',#3092,9.);
#1143=CIRCLE('',#3096,0.8115);
#1144=CIRCLE('',#3097,0.8115);
#1145=CIRCLE('',#3100,0.8115);
#1146=CIRCLE('',#3101,0.8115);
#1147=CIRCLE('',#3104,0.8115);
#1148=CIRCLE('',#3106,0.8115);
#1149=CIRCLE('',#3108,0.8115);
#1150=CIRCLE('',#3110,0.8115);
#1151=CIRCLE('',#3112,1.5);
#1152=CIRCLE('',#3113,1.);
#1153=CIRCLE('',#3114,1.);
#1154=CIRCLE('',#3115,1.);
#1155=CIRCLE('',#3117,2.00000000000001);
#1156=CIRCLE('',#3118,1.99999999999999);
#1157=CIRCLE('',#3119,1.99999999999999);
#1158=CIRCLE('',#3120,2.00000000000001);
#1159=CIRCLE('',#3123,1.);
#1160=CIRCLE('',#3125,1.5);
#1161=CIRCLE('',#3128,1.);
#1162=CIRCLE('',#3131,1.);
#1163=CIRCLE('',#3136,0.500000000000025);
#1164=CIRCLE('',#3137,0.500000000000025);
#1165=CIRCLE('',#3140,0.500000000000009);
#1166=CIRCLE('',#3141,0.500000000000009);
#1167=CIRCLE('',#3144,0.500000000000025);
#1168=CIRCLE('',#3145,0.500000000000025);
#1169=CIRCLE('',#3148,0.500000000000007);
#1170=CIRCLE('',#3149,0.500000000000007);
#1171=CIRCLE('',#3151,2.00000000000001);
#1172=CIRCLE('',#3152,1.99999999999999);
#1173=CIRCLE('',#3153,1.99999999999999);
#1174=CIRCLE('',#3154,2.00000000000001);
#1175=CIRCLE('',#3165,0.8115);
#1176=CIRCLE('',#3166,0.8115);
#1177=CIRCLE('',#3168,0.8115);
#1178=CIRCLE('',#3169,0.8115);
#1179=CIRCLE('',#3171,0.8115);
#1180=CIRCLE('',#3172,0.8115);
#1181=CIRCLE('',#3174,0.8115);
#1182=CIRCLE('',#3175,0.8115);
#1183=CIRCLE('',#3178,1.99999999999942);
#1184=CIRCLE('',#3179,1.99999999999942);
#1185=CIRCLE('',#3182,1.99999999999999);
#1186=CIRCLE('',#3183,1.99999999999999);
#1187=CIRCLE('',#3186,2.);
#1188=CIRCLE('',#3187,2.);
#1189=CIRCLE('',#3190,2.00000000000001);
#1190=CIRCLE('',#3191,2.00000000000001);
#1191=CIRCLE('',#3193,0.223606792751978);
#1192=CIRCLE('',#3194,0.223606792751978);
#1193=CIRCLE('',#3195,0.223606792751978);
#1194=CIRCLE('',#3196,0.223499999999994);
#1195=CIRCLE('',#3199,0.223606792751978);
#1196=CIRCLE('',#3201,0.223499999999994);
#1197=CIRCLE('',#3203,0.223606792751978);
#1198=CIRCLE('',#3205,0.223606792751978);
#1199=CIRCLE('',#3212,0.8115);
#1200=CIRCLE('',#3213,0.8115);
#1201=CIRCLE('',#3215,0.8115);
#1202=CIRCLE('',#3216,0.8115);
#1203=CIRCLE('',#3218,0.8115);
#1204=CIRCLE('',#3219,0.8115);
#1205=CIRCLE('',#3221,0.8115);
#1206=CIRCLE('',#3222,0.8115);
#1207=CIRCLE('',#3226,2.00000000000001);
#1208=CIRCLE('',#3227,1.99999999999999);
#1209=CIRCLE('',#3228,1.99999999999999);
#1210=CIRCLE('',#3229,2.00000000000001);
#1211=CIRCLE('',#3231,1.5);
#1212=CIRCLE('',#3232,1.5);
#1213=CIRCLE('',#3234,1.);
#1214=CIRCLE('',#3235,1.);
#1215=CIRCLE('',#3241,1.99999999999999);
#1216=CIRCLE('',#3244,1.99999999999999);
#1217=CIRCLE('',#3247,2.00000000000001);
#1218=CIRCLE('',#3250,2.00000000000001);
#1219=CIRCLE('',#3253,0.223606792751978);
#1220=CIRCLE('',#3255,0.223606792751978);
#1221=CIRCLE('',#3258,0.223606792751978);
#1222=CIRCLE('',#3260,0.223606792751978);
#1223=CIRCLE('',#3263,0.223499999999994);
#1224=CIRCLE('',#3265,0.223499999999994);
#1225=CIRCLE('',#3268,0.223606792751978);
#1226=CIRCLE('',#3270,0.223606792751978);
#1227=VERTEX_POINT('',#4136);
#1228=VERTEX_POINT('',#4137);
#1229=VERTEX_POINT('',#4139);
#1230=VERTEX_POINT('',#4141);
#1231=VERTEX_POINT('',#4143);
#1232=VERTEX_POINT('',#4145);
#1233=VERTEX_POINT('',#4149);
#1234=VERTEX_POINT('',#4150);
#1235=VERTEX_POINT('',#4152);
#1236=VERTEX_POINT('',#4154);
#1237=VERTEX_POINT('',#4156);
#1238=VERTEX_POINT('',#4158);
#1239=VERTEX_POINT('',#4162);
#1240=VERTEX_POINT('',#4163);
#1241=VERTEX_POINT('',#4165);
#1242=VERTEX_POINT('',#4167);
#1243=VERTEX_POINT('',#4169);
#1244=VERTEX_POINT('',#4171);
#1245=VERTEX_POINT('',#4173);
#1246=VERTEX_POINT('',#4175);
#1247=VERTEX_POINT('',#4177);
#1248=VERTEX_POINT('',#4179);
#1249=VERTEX_POINT('',#4181);
#1250=VERTEX_POINT('',#4183);
#1251=VERTEX_POINT('',#4185);
#1252=VERTEX_POINT('',#4187);
#1253=VERTEX_POINT('',#4189);
#1254=VERTEX_POINT('',#4191);
#1255=VERTEX_POINT('',#4195);
#1256=VERTEX_POINT('',#4196);
#1257=VERTEX_POINT('',#4198);
#1258=VERTEX_POINT('',#4200);
#1259=VERTEX_POINT('',#4202);
#1260=VERTEX_POINT('',#4204);
#1261=VERTEX_POINT('',#4208);
#1262=VERTEX_POINT('',#4210);
#1263=VERTEX_POINT('',#4214);
#1264=VERTEX_POINT('',#4216);
#1265=VERTEX_POINT('',#4220);
#1266=VERTEX_POINT('',#4224);
#1267=VERTEX_POINT('',#4236);
#1268=VERTEX_POINT('',#4240);
#1269=VERTEX_POINT('',#4242);
#1270=VERTEX_POINT('',#4246);
#1271=VERTEX_POINT('',#4248);
#1272=VERTEX_POINT('',#4252);
#1273=VERTEX_POINT('',#4256);
#1274=VERTEX_POINT('',#4269);
#1275=VERTEX_POINT('',#4271);
#1276=VERTEX_POINT('',#4275);
#1277=VERTEX_POINT('',#4277);
#1278=VERTEX_POINT('',#4289);
#1279=VERTEX_POINT('',#4293);
#1280=VERTEX_POINT('',#4295);
#1281=VERTEX_POINT('',#4299);
#1282=VERTEX_POINT('',#4304);
#1283=VERTEX_POINT('',#4312);
#1284=VERTEX_POINT('',#4313);
#1285=VERTEX_POINT('',#4315);
#1286=VERTEX_POINT('',#4319);
#1287=VERTEX_POINT('',#4321);
#1288=VERTEX_POINT('',#4325);
#1289=VERTEX_POINT('',#4326);
#1290=VERTEX_POINT('',#4328);
#1291=VERTEX_POINT('',#4332);
#1292=VERTEX_POINT('',#4334);
#1293=VERTEX_POINT('',#4338);
#1294=VERTEX_POINT('',#4339);
#1295=VERTEX_POINT('',#4341);
#1296=VERTEX_POINT('',#4345);
#1297=VERTEX_POINT('',#4347);
#1298=VERTEX_POINT('',#4351);
#1299=VERTEX_POINT('',#4352);
#1300=VERTEX_POINT('',#4354);
#1301=VERTEX_POINT('',#4358);
#1302=VERTEX_POINT('',#4360);
#1303=VERTEX_POINT('',#4365);
#1304=VERTEX_POINT('',#4367);
#1305=VERTEX_POINT('',#4370);
#1306=VERTEX_POINT('',#4371);
#1307=VERTEX_POINT('',#4373);
#1308=VERTEX_POINT('',#4375);
#1309=VERTEX_POINT('',#4377);
#1310=VERTEX_POINT('',#4379);
#1311=VERTEX_POINT('',#4381);
#1312=VERTEX_POINT('',#4383);
#1313=VERTEX_POINT('',#4388);
#1314=VERTEX_POINT('',#4390);
#1315=VERTEX_POINT('',#4394);
#1316=VERTEX_POINT('',#4396);
#1317=VERTEX_POINT('',#4398);
#1318=VERTEX_POINT('',#4400);
#1319=VERTEX_POINT('',#4402);
#1320=VERTEX_POINT('',#4406);
#1321=VERTEX_POINT('',#4408);
#1322=VERTEX_POINT('',#4412);
#1323=VERTEX_POINT('',#4416);
#1324=VERTEX_POINT('',#4420);
#1325=VERTEX_POINT('',#4424);
#1326=VERTEX_POINT('',#4428);
#1327=VERTEX_POINT('',#4432);
#1328=VERTEX_POINT('',#4438);
#1329=VERTEX_POINT('',#4442);
#1330=VERTEX_POINT('',#4444);
#1331=VERTEX_POINT('',#4446);
#1332=VERTEX_POINT('',#4448);
#1333=VERTEX_POINT('',#4452);
#1334=VERTEX_POINT('',#4454);
#1335=VERTEX_POINT('',#4458);
#1336=VERTEX_POINT('',#4462);
#1337=VERTEX_POINT('',#4464);
#1338=VERTEX_POINT('',#4468);
#1339=VERTEX_POINT('',#4470);
#1340=VERTEX_POINT('',#4472);
#1341=VERTEX_POINT('',#4474);
#1342=VERTEX_POINT('',#4476);
#1343=VERTEX_POINT('',#4487);
#1344=VERTEX_POINT('',#4493);
#1345=VERTEX_POINT('',#4500);
#1346=VERTEX_POINT('',#4501);
#1347=VERTEX_POINT('',#4503);
#1348=VERTEX_POINT('',#4505);
#1349=VERTEX_POINT('',#4509);
#1350=VERTEX_POINT('',#4513);
#1351=VERTEX_POINT('',#4514);
#1352=VERTEX_POINT('',#4516);
#1353=VERTEX_POINT('',#4518);
#1354=VERTEX_POINT('',#4522);
#1355=VERTEX_POINT('',#4526);
#1356=VERTEX_POINT('',#4527);
#1357=VERTEX_POINT('',#4529);
#1358=VERTEX_POINT('',#4533);
#1359=VERTEX_POINT('',#4535);
#1360=VERTEX_POINT('',#4539);
#1361=VERTEX_POINT('',#4540);
#1362=VERTEX_POINT('',#4542);
#1363=VERTEX_POINT('',#4546);
#1364=VERTEX_POINT('',#4548);
#1365=VERTEX_POINT('',#4552);
#1366=VERTEX_POINT('',#4554);
#1367=VERTEX_POINT('',#4556);
#1368=VERTEX_POINT('',#4558);
#1369=VERTEX_POINT('',#4560);
#1370=VERTEX_POINT('',#4562);
#1371=VERTEX_POINT('',#4564);
#1372=VERTEX_POINT('',#4566);
#1373=VERTEX_POINT('',#4569);
#1374=VERTEX_POINT('',#4571);
#1375=VERTEX_POINT('',#4578);
#1376=VERTEX_POINT('',#4580);
#1377=VERTEX_POINT('',#4582);
#1378=VERTEX_POINT('',#4584);
#1379=VERTEX_POINT('',#4586);
#1380=VERTEX_POINT('',#4588);
#1381=VERTEX_POINT('',#4590);
#1382=VERTEX_POINT('',#4592);
#1383=VERTEX_POINT('',#4594);
#1384=VERTEX_POINT('',#4596);
#1385=VERTEX_POINT('',#4600);
#1386=VERTEX_POINT('',#4602);
#1387=VERTEX_POINT('',#4606);
#1388=VERTEX_POINT('',#4610);
#1389=VERTEX_POINT('',#4614);
#1390=VERTEX_POINT('',#4618);
#1391=VERTEX_POINT('',#4622);
#1392=VERTEX_POINT('',#4626);
#1393=VERTEX_POINT('',#4632);
#1394=VERTEX_POINT('',#4634);
#1395=VERTEX_POINT('',#4638);
#1396=VERTEX_POINT('',#4639);
#1397=VERTEX_POINT('',#4641);
#1398=VERTEX_POINT('',#4643);
#1399=VERTEX_POINT('',#4647);
#1400=VERTEX_POINT('',#4649);
#1401=VERTEX_POINT('',#4653);
#1402=VERTEX_POINT('',#4655);
#1403=VERTEX_POINT('',#4659);
#1404=VERTEX_POINT('',#4661);
#1405=VERTEX_POINT('',#4665);
#1406=VERTEX_POINT('',#4667);
#1407=VERTEX_POINT('',#4671);
#1408=VERTEX_POINT('',#4673);
#1409=VERTEX_POINT('',#4677);
#1410=VERTEX_POINT('',#4679);
#1411=VERTEX_POINT('',#4686);
#1412=VERTEX_POINT('',#4688);
#1413=VERTEX_POINT('',#4690);
#1414=VERTEX_POINT('',#4692);
#1415=VERTEX_POINT('',#4694);
#1416=VERTEX_POINT('',#4696);
#1417=VERTEX_POINT('',#4717);
#1418=VERTEX_POINT('',#4719);
#1419=VERTEX_POINT('',#4723);
#1420=VERTEX_POINT('',#4725);
#1421=VERTEX_POINT('',#4729);
#1422=VERTEX_POINT('',#4731);
#1423=VERTEX_POINT('',#4735);
#1424=VERTEX_POINT('',#4737);
#1425=VERTEX_POINT('',#4741);
#1426=VERTEX_POINT('',#4742);
#1427=VERTEX_POINT('',#4744);
#1428=VERTEX_POINT('',#4746);
#1429=VERTEX_POINT('',#4750);
#1430=VERTEX_POINT('',#4752);
#1431=VERTEX_POINT('',#4756);
#1432=VERTEX_POINT('',#4758);
#1433=VERTEX_POINT('',#4762);
#1434=VERTEX_POINT('',#4764);
#1435=VERTEX_POINT('',#4768);
#1436=VERTEX_POINT('',#4770);
#1437=VERTEX_POINT('',#4774);
#1438=VERTEX_POINT('',#4776);
#1439=VERTEX_POINT('',#4780);
#1440=VERTEX_POINT('',#4782);
#1441=VERTEX_POINT('',#4789);
#1442=VERTEX_POINT('',#4791);
#1443=VERTEX_POINT('',#4793);
#1444=VERTEX_POINT('',#4795);
#1445=VERTEX_POINT('',#4798);
#1446=VERTEX_POINT('',#4799);
#1447=VERTEX_POINT('',#4801);
#1448=VERTEX_POINT('',#4803);
#1449=VERTEX_POINT('',#4807);
#1450=VERTEX_POINT('',#4811);
#1451=VERTEX_POINT('',#4815);
#1452=VERTEX_POINT('',#4819);
#1453=VERTEX_POINT('',#4823);
#1454=VERTEX_POINT('',#4825);
#1455=VERTEX_POINT('',#4829);
#1456=VERTEX_POINT('',#4833);
#1457=VERTEX_POINT('',#4840);
#1458=VERTEX_POINT('',#4841);
#1459=VERTEX_POINT('',#4843);
#1460=VERTEX_POINT('',#4845);
#1461=VERTEX_POINT('',#4849);
#1462=VERTEX_POINT('',#4850);
#1463=VERTEX_POINT('',#4852);
#1464=VERTEX_POINT('',#4854);
#1465=VERTEX_POINT('',#4858);
#1466=VERTEX_POINT('',#4859);
#1467=VERTEX_POINT('',#4861);
#1468=VERTEX_POINT('',#4863);
#1469=VERTEX_POINT('',#4867);
#1470=VERTEX_POINT('',#4868);
#1471=VERTEX_POINT('',#4870);
#1472=VERTEX_POINT('',#4872);
#1473=VERTEX_POINT('',#4882);
#1474=VERTEX_POINT('',#4884);
#1475=VERTEX_POINT('',#4886);
#1476=VERTEX_POINT('',#4888);
#1477=VERTEX_POINT('',#4890);
#1478=VERTEX_POINT('',#4892);
#1479=VERTEX_POINT('',#4894);
#1480=VERTEX_POINT('',#4896);
#1481=VERTEX_POINT('',#4898);
#1482=VERTEX_POINT('',#4900);
#1483=VERTEX_POINT('',#4902);
#1484=VERTEX_POINT('',#4904);
#1485=VERTEX_POINT('',#4909);
#1486=VERTEX_POINT('',#4911);
#1487=VERTEX_POINT('',#4915);
#1488=VERTEX_POINT('',#4917);
#1489=VERTEX_POINT('',#4928);
#1490=VERTEX_POINT('',#4930);
#1491=VERTEX_POINT('',#4934);
#1492=VERTEX_POINT('',#4938);
#1493=VERTEX_POINT('',#4942);
#1494=VERTEX_POINT('',#4946);
#1495=VERTEX_POINT('',#4950);
#1496=VERTEX_POINT('',#4954);
#1497=VERTEX_POINT('',#4961);
#1498=VERTEX_POINT('',#4964);
#1499=VERTEX_POINT('',#4969);
#1500=VERTEX_POINT('',#4972);
#1501=VERTEX_POINT('',#4977);
#1502=VERTEX_POINT('',#4980);
#1503=VERTEX_POINT('',#4985);
#1504=VERTEX_POINT('',#4988);
#1505=EDGE_CURVE('',#1227,#1228,#1105,.T.);
#1506=EDGE_CURVE('',#1227,#1229,#509,.T.);
#1507=EDGE_CURVE('',#1230,#1229,#1106,.T.);
#1508=EDGE_CURVE('',#1231,#1230,#1107,.T.);
#1509=EDGE_CURVE('',#1232,#1231,#510,.T.);
#1510=EDGE_CURVE('',#1228,#1232,#1108,.T.);
#1511=EDGE_CURVE('',#1233,#1234,#1109,.T.);
#1512=EDGE_CURVE('',#1233,#1235,#511,.T.);
#1513=EDGE_CURVE('',#1236,#1235,#1110,.T.);
#1514=EDGE_CURVE('',#1237,#1236,#1111,.T.);
#1515=EDGE_CURVE('',#1238,#1237,#512,.T.);
#1516=EDGE_CURVE('',#1234,#1238,#1112,.T.);
#1517=EDGE_CURVE('',#1239,#1240,#513,.T.);
#1518=EDGE_CURVE('',#1240,#1241,#514,.T.);
#1519=EDGE_CURVE('',#1242,#1241,#515,.T.);
#1520=EDGE_CURVE('',#1243,#1242,#516,.T.);
#1521=EDGE_CURVE('',#1243,#1244,#517,.T.);
#1522=EDGE_CURVE('',#1245,#1244,#518,.T.);
#1523=EDGE_CURVE('',#1245,#1246,#519,.T.);
#1524=EDGE_CURVE('',#1247,#1246,#520,.T.);
#1525=EDGE_CURVE('',#1247,#1248,#521,.T.);
#1526=EDGE_CURVE('',#1248,#1249,#522,.T.);
#1527=EDGE_CURVE('',#1250,#1249,#523,.T.);
#1528=EDGE_CURVE('',#1251,#1250,#524,.T.);
#1529=EDGE_CURVE('',#1251,#1252,#525,.T.);
#1530=EDGE_CURVE('',#1252,#1253,#526,.T.);
#1531=EDGE_CURVE('',#1254,#1253,#527,.T.);
#1532=EDGE_CURVE('',#1239,#1254,#528,.T.);
#1533=EDGE_CURVE('',#1255,#1256,#1113,.T.);
#1534=EDGE_CURVE('',#1255,#1257,#529,.T.);
#1535=EDGE_CURVE('',#1258,#1257,#1114,.T.);
#1536=EDGE_CURVE('',#1259,#1258,#1115,.T.);
#1537=EDGE_CURVE('',#1260,#1259,#530,.T.);
#1538=EDGE_CURVE('',#1256,#1260,#1116,.T.);
#1539=EDGE_CURVE('',#1261,#1261,#1117,.T.);
#1540=EDGE_CURVE('',#1261,#1262,#531,.T.);
#1541=EDGE_CURVE('',#1262,#1262,#1118,.T.);
#1542=EDGE_CURVE('',#1263,#1233,#532,.T.);
#1543=EDGE_CURVE('',#1263,#1264,#533,.T.);
#1544=EDGE_CURVE('',#1235,#1264,#534,.T.);
#1545=EDGE_CURVE('',#1264,#1265,#535,.T.);
#1546=EDGE_CURVE('',#1236,#1265,#536,.T.);
#1547=EDGE_CURVE('',#1263,#1266,#537,.T.);
#1548=EDGE_CURVE('',#1266,#1234,#538,.T.);
#1549=EDGE_CURVE('',#1238,#1252,#539,.T.);
#1550=EDGE_CURVE('',#1253,#1237,#540,.T.);
#1551=EDGE_CURVE('',#1254,#1236,#541,.T.);
#1552=EDGE_CURVE('',#1234,#1251,#542,.T.);
#1553=EDGE_CURVE('',#1250,#1258,#543,.T.);
#1554=EDGE_CURVE('',#1258,#1267,#544,.T.);
#1555=EDGE_CURVE('',#1267,#1266,#545,.T.);
#1556=EDGE_CURVE('',#1268,#1268,#1119,.T.);
#1557=EDGE_CURVE('',#1268,#1269,#546,.T.);
#1558=EDGE_CURVE('',#1269,#1269,#1120,.T.);
#1559=EDGE_CURVE('',#1270,#1227,#547,.T.);
#1560=EDGE_CURVE('',#1270,#1271,#548,.T.);
#1561=EDGE_CURVE('',#1229,#1271,#549,.T.);
#1562=EDGE_CURVE('',#1271,#1272,#550,.T.);
#1563=EDGE_CURVE('',#1230,#1272,#551,.T.);
#1564=EDGE_CURVE('',#1270,#1273,#552,.T.);
#1565=EDGE_CURVE('',#1273,#1228,#553,.T.);
#1566=EDGE_CURVE('',#1232,#1240,#554,.T.);
#1567=EDGE_CURVE('',#1241,#1231,#555,.T.);
#1568=EDGE_CURVE('',#1242,#1230,#556,.T.);
#1569=EDGE_CURVE('',#1228,#1239,#557,.T.);
#1570=EDGE_CURVE('',#1265,#1273,#558,.T.);
#1571=EDGE_CURVE('',#1274,#1274,#1121,.T.);
#1572=EDGE_CURVE('',#1274,#1275,#559,.T.);
#1573=EDGE_CURVE('',#1275,#1275,#1122,.T.);
#1574=EDGE_CURVE('',#1276,#1255,#560,.T.);
#1575=EDGE_CURVE('',#1276,#1277,#561,.T.);
#1576=EDGE_CURVE('',#1257,#1277,#562,.T.);
#1577=EDGE_CURVE('',#1277,#1267,#563,.T.);
#1578=EDGE_CURVE('',#1260,#1248,#564,.T.);
#1579=EDGE_CURVE('',#1249,#1259,#565,.T.);
#1580=EDGE_CURVE('',#1256,#1247,#566,.T.);
#1581=EDGE_CURVE('',#1272,#1278,#567,.T.);
#1582=EDGE_CURVE('',#1278,#1243,#568,.T.);
#1583=EDGE_CURVE('',#1246,#1279,#569,.T.);
#1584=EDGE_CURVE('',#1279,#1280,#570,.T.);
#1585=EDGE_CURVE('',#1280,#1256,#571,.T.);
#1586=EDGE_CURVE('',#1281,#1278,#572,.T.);
#1587=EDGE_CURVE('',#1244,#1281,#573,.T.);
#1588=EDGE_CURVE('',#1276,#1280,#574,.T.);
#1589=EDGE_CURVE('',#1282,#1279,#575,.T.);
#1590=EDGE_CURVE('',#1281,#1282,#576,.T.);
#1591=EDGE_CURVE('',#1282,#1245,#577,.T.);
#1592=EDGE_CURVE('',#1283,#1284,#578,.T.);
#1593=EDGE_CURVE('',#1285,#1283,#1123,.T.);
#1594=EDGE_CURVE('',#1284,#1285,#579,.T.);
#1595=EDGE_CURVE('',#1286,#1283,#580,.F.);
#1596=EDGE_CURVE('',#1287,#1286,#1124,.T.);
#1597=EDGE_CURVE('',#1285,#1287,#581,.T.);
#1598=EDGE_CURVE('',#1288,#1289,#582,.T.);
#1599=EDGE_CURVE('',#1290,#1288,#1125,.T.);
#1600=EDGE_CURVE('',#1289,#1290,#583,.T.);
#1601=EDGE_CURVE('',#1291,#1288,#584,.F.);
#1602=EDGE_CURVE('',#1292,#1291,#1126,.T.);
#1603=EDGE_CURVE('',#1290,#1292,#585,.T.);
#1604=EDGE_CURVE('',#1293,#1294,#586,.T.);
#1605=EDGE_CURVE('',#1295,#1293,#1127,.T.);
#1606=EDGE_CURVE('',#1294,#1295,#587,.T.);
#1607=EDGE_CURVE('',#1296,#1293,#588,.T.);
#1608=EDGE_CURVE('',#1297,#1296,#1128,.T.);
#1609=EDGE_CURVE('',#1295,#1297,#589,.F.);
#1610=EDGE_CURVE('',#1298,#1299,#590,.T.);
#1611=EDGE_CURVE('',#1300,#1298,#1129,.T.);
#1612=EDGE_CURVE('',#1299,#1300,#591,.T.);
#1613=EDGE_CURVE('',#1301,#1298,#592,.T.);
#1614=EDGE_CURVE('',#1302,#1301,#1130,.T.);
#1615=EDGE_CURVE('',#1300,#1302,#593,.F.);
#1616=EDGE_CURVE('',#1296,#1292,#594,.T.);
#1617=EDGE_CURVE('',#1294,#1303,#595,.T.);
#1618=EDGE_CURVE('',#1303,#1304,#596,.T.);
#1619=EDGE_CURVE('',#1304,#1289,#597,.T.);
#1620=EDGE_CURVE('',#1305,#1306,#598,.T.);
#1621=EDGE_CURVE('',#1306,#1307,#1131,.T.);
#1622=EDGE_CURVE('',#1307,#1308,#599,.T.);
#1623=EDGE_CURVE('',#1308,#1309,#1132,.T.);
#1624=EDGE_CURVE('',#1309,#1310,#600,.T.);
#1625=EDGE_CURVE('',#1310,#1311,#1133,.T.);
#1626=EDGE_CURVE('',#1311,#1312,#601,.T.);
#1627=EDGE_CURVE('',#1312,#1305,#1134,.T.);
#1628=EDGE_CURVE('',#1301,#1287,#602,.T.);
#1629=EDGE_CURVE('',#1299,#1313,#603,.T.);
#1630=EDGE_CURVE('',#1314,#1313,#604,.T.);
#1631=EDGE_CURVE('',#1314,#1284,#605,.T.);
#1632=EDGE_CURVE('',#1315,#1302,#606,.T.);
#1633=EDGE_CURVE('',#1316,#1315,#607,.T.);
#1634=EDGE_CURVE('',#1317,#1316,#608,.T.);
#1635=EDGE_CURVE('',#1318,#1317,#609,.T.);
#1636=EDGE_CURVE('',#1319,#1318,#1135,.T.);
#1637=EDGE_CURVE('',#1313,#1319,#610,.T.);
#1638=EDGE_CURVE('',#1320,#1309,#611,.T.);
#1639=EDGE_CURVE('',#1321,#1320,#612,.T.);
#1640=EDGE_CURVE('',#1321,#1310,#613,.T.);
#1641=EDGE_CURVE('',#1322,#1321,#1136,.T.);
#1642=EDGE_CURVE('',#1322,#1311,#614,.T.);
#1643=EDGE_CURVE('',#1323,#1322,#615,.T.);
#1644=EDGE_CURVE('',#1323,#1312,#616,.T.);
#1645=EDGE_CURVE('',#1324,#1323,#1137,.T.);
#1646=EDGE_CURVE('',#1324,#1305,#617,.T.);
#1647=EDGE_CURVE('',#1325,#1324,#618,.T.);
#1648=EDGE_CURVE('',#1325,#1306,#619,.T.);
#1649=EDGE_CURVE('',#1326,#1325,#1138,.T.);
#1650=EDGE_CURVE('',#1326,#1307,#620,.T.);
#1651=EDGE_CURVE('',#1327,#1326,#621,.T.);
#1652=EDGE_CURVE('',#1327,#1308,#622,.T.);
#1653=EDGE_CURVE('',#1320,#1327,#1139,.T.);
#1654=EDGE_CURVE('',#1286,#1328,#623,.T.);
#1655=EDGE_CURVE('',#1328,#1315,#624,.T.);
#1656=EDGE_CURVE('',#1291,#1329,#625,.T.);
#1657=EDGE_CURVE('',#1329,#1330,#626,.T.);
#1658=EDGE_CURVE('',#1330,#1331,#627,.T.);
#1659=EDGE_CURVE('',#1331,#1332,#628,.T.);
#1660=EDGE_CURVE('',#1332,#1297,#629,.T.);
#1661=EDGE_CURVE('',#1333,#1304,#630,.T.);
#1662=EDGE_CURVE('',#1334,#1333,#1140,.T.);
#1663=EDGE_CURVE('',#1329,#1334,#631,.T.);
#1664=EDGE_CURVE('',#1303,#1335,#632,.T.);
#1665=EDGE_CURVE('',#1335,#1333,#633,.T.);
#1666=EDGE_CURVE('',#1336,#1317,#634,.T.);
#1667=EDGE_CURVE('',#1337,#1336,#635,.T.);
#1668=EDGE_CURVE('',#1318,#1337,#636,.T.);
#1669=EDGE_CURVE('',#1316,#1338,#637,.T.);
#1670=EDGE_CURVE('',#1338,#1339,#638,.T.);
#1671=EDGE_CURVE('',#1339,#1340,#639,.T.);
#1672=EDGE_CURVE('',#1340,#1341,#640,.T.);
#1673=EDGE_CURVE('',#1341,#1342,#641,.T.);
#1674=EDGE_CURVE('',#1342,#1336,#642,.T.);
#1675=EDGE_CURVE('',#1328,#1338,#643,.T.);
#1676=EDGE_CURVE('',#1331,#1340,#644,.T.);
#1677=EDGE_CURVE('',#1341,#1330,#645,.T.);
#1678=EDGE_CURVE('',#1339,#1332,#646,.T.);
#1679=EDGE_CURVE('',#1337,#1343,#1141,.T.);
#1680=EDGE_CURVE('',#1343,#1342,#647,.T.);
#1681=EDGE_CURVE('',#1343,#1334,#648,.T.);
#1682=EDGE_CURVE('',#1335,#1344,#1142,.T.);
#1683=EDGE_CURVE('',#1344,#1319,#649,.T.);
#1684=EDGE_CURVE('',#1344,#1314,#650,.T.);
#1685=EDGE_CURVE('',#1345,#1346,#651,.T.);
#1686=EDGE_CURVE('',#1345,#1347,#1143,.T.);
#1687=EDGE_CURVE('',#1348,#1347,#652,.T.);
#1688=EDGE_CURVE('',#1346,#1348,#1144,.T.);
#1689=EDGE_CURVE('',#1349,#1345,#653,.T.);
#1690=EDGE_CURVE('',#1347,#1349,#654,.T.);
#1691=EDGE_CURVE('',#1350,#1351,#655,.T.);
#1692=EDGE_CURVE('',#1350,#1352,#1145,.T.);
#1693=EDGE_CURVE('',#1353,#1352,#656,.T.);
#1694=EDGE_CURVE('',#1351,#1353,#1146,.T.);
#1695=EDGE_CURVE('',#1354,#1350,#657,.T.);
#1696=EDGE_CURVE('',#1352,#1354,#658,.T.);
#1697=EDGE_CURVE('',#1355,#1356,#659,.T.);
#1698=EDGE_CURVE('',#1357,#1355,#1147,.T.);
#1699=EDGE_CURVE('',#1356,#1357,#660,.T.);
#1700=EDGE_CURVE('',#1358,#1355,#661,.T.);
#1701=EDGE_CURVE('',#1359,#1358,#1148,.T.);
#1702=EDGE_CURVE('',#1357,#1359,#662,.T.);
#1703=EDGE_CURVE('',#1360,#1361,#663,.T.);
#1704=EDGE_CURVE('',#1362,#1360,#1149,.T.);
#1705=EDGE_CURVE('',#1361,#1362,#664,.T.);
#1706=EDGE_CURVE('',#1363,#1360,#665,.T.);
#1707=EDGE_CURVE('',#1364,#1363,#1150,.T.);
#1708=EDGE_CURVE('',#1362,#1364,#666,.T.);
#1709=EDGE_CURVE('',#1365,#1346,#667,.T.);
#1710=EDGE_CURVE('',#1366,#1365,#1151,.T.);
#1711=EDGE_CURVE('',#1367,#1366,#668,.T.);
#1712=EDGE_CURVE('',#1368,#1367,#1152,.T.);
#1713=EDGE_CURVE('',#1369,#1368,#669,.T.);
#1714=EDGE_CURVE('',#1370,#1369,#1153,.T.);
#1715=EDGE_CURVE('',#1371,#1370,#670,.T.);
#1716=EDGE_CURVE('',#1372,#1371,#1154,.T.);
#1717=EDGE_CURVE('',#1358,#1372,#671,.T.);
#1718=EDGE_CURVE('',#1373,#1356,#672,.T.);
#1719=EDGE_CURVE('',#1374,#1373,#673,.T.);
#1720=EDGE_CURVE('',#1374,#1349,#674,.T.);
#1721=EDGE_CURVE('',#1348,#1364,#675,.T.);
#1722=EDGE_CURVE('',#1363,#1351,#676,.T.);
#1723=EDGE_CURVE('',#1353,#1359,#677,.T.);
#1724=EDGE_CURVE('',#1372,#1375,#678,.T.);
#1725=EDGE_CURVE('',#1375,#1376,#679,.T.);
#1726=EDGE_CURVE('',#1376,#1377,#1155,.T.);
#1727=EDGE_CURVE('',#1377,#1378,#680,.T.);
#1728=EDGE_CURVE('',#1378,#1379,#1156,.T.);
#1729=EDGE_CURVE('',#1379,#1380,#681,.T.);
#1730=EDGE_CURVE('',#1380,#1381,#1157,.T.);
#1731=EDGE_CURVE('',#1381,#1382,#682,.T.);
#1732=EDGE_CURVE('',#1382,#1383,#1158,.T.);
#1733=EDGE_CURVE('',#1383,#1384,#683,.T.);
#1734=EDGE_CURVE('',#1384,#1365,#684,.T.);
#1735=EDGE_CURVE('',#1385,#1361,#685,.T.);
#1736=EDGE_CURVE('',#1386,#1385,#686,.T.);
#1737=EDGE_CURVE('',#1354,#1386,#687,.T.);
#1738=EDGE_CURVE('',#1387,#1371,#688,.T.);
#1739=EDGE_CURVE('',#1375,#1387,#1159,.T.);
#1740=EDGE_CURVE('',#1388,#1384,#1160,.T.);
#1741=EDGE_CURVE('',#1388,#1366,#689,.T.);
#1742=EDGE_CURVE('',#1387,#1389,#690,.T.);
#1743=EDGE_CURVE('',#1389,#1370,#691,.T.);
#1744=EDGE_CURVE('',#1389,#1390,#1161,.T.);
#1745=EDGE_CURVE('',#1390,#1369,#692,.T.);
#1746=EDGE_CURVE('',#1390,#1391,#693,.T.);
#1747=EDGE_CURVE('',#1391,#1368,#694,.T.);
#1748=EDGE_CURVE('',#1391,#1392,#1162,.T.);
#1749=EDGE_CURVE('',#1392,#1367,#695,.T.);
#1750=EDGE_CURVE('',#1392,#1388,#696,.T.);
#1751=EDGE_CURVE('',#1393,#1383,#697,.T.);
#1752=EDGE_CURVE('',#1394,#1393,#698,.T.);
#1753=EDGE_CURVE('',#1394,#1376,#699,.T.);
#1754=EDGE_CURVE('',#1395,#1396,#700,.T.);
#1755=EDGE_CURVE('',#1395,#1397,#701,.T.);
#1756=EDGE_CURVE('',#1398,#1397,#702,.T.);
#1757=EDGE_CURVE('',#1396,#1398,#703,.T.);
#1758=EDGE_CURVE('',#1396,#1399,#1163,.T.);
#1759=EDGE_CURVE('',#1400,#1398,#1164,.T.);
#1760=EDGE_CURVE('',#1399,#1400,#704,.T.);
#1761=EDGE_CURVE('',#1399,#1401,#705,.T.);
#1762=EDGE_CURVE('',#1402,#1400,#706,.T.);
#1763=EDGE_CURVE('',#1401,#1402,#707,.T.);
#1764=EDGE_CURVE('',#1401,#1403,#1165,.T.);
#1765=EDGE_CURVE('',#1404,#1402,#1166,.T.);
#1766=EDGE_CURVE('',#1403,#1404,#708,.T.);
#1767=EDGE_CURVE('',#1403,#1405,#709,.T.);
#1768=EDGE_CURVE('',#1406,#1404,#710,.T.);
#1769=EDGE_CURVE('',#1405,#1406,#711,.T.);
#1770=EDGE_CURVE('',#1407,#1395,#1167,.T.);
#1771=EDGE_CURVE('',#1407,#1408,#712,.T.);
#1772=EDGE_CURVE('',#1397,#1408,#1168,.T.);
#1773=EDGE_CURVE('',#1409,#1407,#713,.T.);
#1774=EDGE_CURVE('',#1409,#1410,#714,.T.);
#1775=EDGE_CURVE('',#1408,#1410,#715,.T.);
#1776=EDGE_CURVE('',#1405,#1409,#1169,.T.);
#1777=EDGE_CURVE('',#1410,#1406,#1170,.T.);
#1778=EDGE_CURVE('',#1393,#1411,#1171,.T.);
#1779=EDGE_CURVE('',#1411,#1412,#716,.T.);
#1780=EDGE_CURVE('',#1412,#1413,#1172,.T.);
#1781=EDGE_CURVE('',#1413,#1414,#717,.T.);
#1782=EDGE_CURVE('',#1414,#1415,#1173,.T.);
#1783=EDGE_CURVE('',#1415,#1416,#718,.T.);
#1784=EDGE_CURVE('',#1416,#1394,#1174,.T.);
#1785=EDGE_CURVE('',#1373,#1386,#719,.T.);
#1786=EDGE_CURVE('',#1385,#1374,#720,.T.);
#1787=EDGE_CURVE('',#1382,#1411,#721,.T.);
#1788=EDGE_CURVE('',#1412,#1381,#722,.T.);
#1789=EDGE_CURVE('',#1413,#1380,#723,.T.);
#1790=EDGE_CURVE('',#1414,#1379,#724,.T.);
#1791=EDGE_CURVE('',#1415,#1378,#725,.T.);
#1792=EDGE_CURVE('',#1416,#1377,#726,.T.);
#1793=EDGE_CURVE('',#1417,#1417,#1175,.T.);
#1794=EDGE_CURVE('',#1417,#1418,#727,.T.);
#1795=EDGE_CURVE('',#1418,#1418,#1176,.F.);
#1796=EDGE_CURVE('',#1419,#1419,#1177,.T.);
#1797=EDGE_CURVE('',#1419,#1420,#728,.T.);
#1798=EDGE_CURVE('',#1420,#1420,#1178,.F.);
#1799=EDGE_CURVE('',#1421,#1421,#1179,.T.);
#1800=EDGE_CURVE('',#1421,#1422,#729,.T.);
#1801=EDGE_CURVE('',#1422,#1422,#1180,.F.);
#1802=EDGE_CURVE('',#1423,#1423,#1181,.T.);
#1803=EDGE_CURVE('',#1423,#1424,#730,.T.);
#1804=EDGE_CURVE('',#1424,#1424,#1182,.F.);
#1805=EDGE_CURVE('',#1425,#1426,#731,.T.);
#1806=EDGE_CURVE('',#1426,#1427,#732,.T.);
#1807=EDGE_CURVE('',#1428,#1427,#733,.T.);
#1808=EDGE_CURVE('',#1425,#1428,#734,.T.);
#1809=EDGE_CURVE('',#1429,#1425,#1183,.T.);
#1810=EDGE_CURVE('',#1430,#1428,#1184,.T.);
#1811=EDGE_CURVE('',#1429,#1430,#735,.T.);
#1812=EDGE_CURVE('',#1431,#1429,#736,.T.);
#1813=EDGE_CURVE('',#1432,#1430,#737,.T.);
#1814=EDGE_CURVE('',#1431,#1432,#738,.T.);
#1815=EDGE_CURVE('',#1433,#1431,#1185,.T.);
#1816=EDGE_CURVE('',#1434,#1432,#1186,.T.);
#1817=EDGE_CURVE('',#1433,#1434,#739,.T.);
#1818=EDGE_CURVE('',#1435,#1433,#740,.T.);
#1819=EDGE_CURVE('',#1436,#1434,#741,.T.);
#1820=EDGE_CURVE('',#1435,#1436,#742,.T.);
#1821=EDGE_CURVE('',#1437,#1435,#1187,.T.);
#1822=EDGE_CURVE('',#1438,#1436,#1188,.T.);
#1823=EDGE_CURVE('',#1437,#1438,#743,.T.);
#1824=EDGE_CURVE('',#1439,#1437,#744,.T.);
#1825=EDGE_CURVE('',#1440,#1438,#745,.T.);
#1826=EDGE_CURVE('',#1439,#1440,#746,.T.);
#1827=EDGE_CURVE('',#1426,#1439,#1189,.T.);
#1828=EDGE_CURVE('',#1427,#1440,#1190,.T.);
#1829=EDGE_CURVE('',#1441,#1441,#1191,.T.);
#1830=EDGE_CURVE('',#1442,#1442,#1192,.T.);
#1831=EDGE_CURVE('',#1443,#1443,#1193,.T.);
#1832=EDGE_CURVE('',#1444,#1444,#1194,.T.);
#1833=EDGE_CURVE('',#1445,#1446,#747,.T.);
#1834=EDGE_CURVE('',#1446,#1447,#748,.T.);
#1835=EDGE_CURVE('',#1447,#1448,#749,.T.);
#1836=EDGE_CURVE('',#1448,#1445,#750,.T.);
#1837=EDGE_CURVE('',#1449,#1449,#1195,.T.);
#1838=EDGE_CURVE('',#1449,#1441,#751,.T.);
#1839=EDGE_CURVE('',#1450,#1450,#1196,.T.);
#1840=EDGE_CURVE('',#1450,#1444,#752,.T.);
#1841=EDGE_CURVE('',#1451,#1451,#1197,.T.);
#1842=EDGE_CURVE('',#1451,#1442,#753,.T.);
#1843=EDGE_CURVE('',#1452,#1452,#1198,.T.);
#1844=EDGE_CURVE('',#1452,#1443,#754,.T.);
#1845=EDGE_CURVE('',#1453,#1447,#755,.T.);
#1846=EDGE_CURVE('',#1454,#1453,#756,.T.);
#1847=EDGE_CURVE('',#1454,#1448,#757,.T.);
#1848=EDGE_CURVE('',#1455,#1454,#758,.T.);
#1849=EDGE_CURVE('',#1455,#1445,#759,.T.);
#1850=EDGE_CURVE('',#1456,#1455,#760,.T.);
#1851=EDGE_CURVE('',#1446,#1456,#761,.T.);
#1852=EDGE_CURVE('',#1453,#1456,#762,.T.);
#1853=EDGE_CURVE('',#1457,#1458,#763,.T.);
#1854=EDGE_CURVE('',#1459,#1457,#1199,.F.);
#1855=EDGE_CURVE('',#1460,#1459,#764,.T.);
#1856=EDGE_CURVE('',#1458,#1460,#1200,.T.);
#1857=EDGE_CURVE('',#1461,#1462,#1201,.F.);
#1858=EDGE_CURVE('',#1463,#1461,#765,.T.);
#1859=EDGE_CURVE('',#1464,#1463,#1202,.T.);
#1860=EDGE_CURVE('',#1462,#1464,#766,.T.);
#1861=EDGE_CURVE('',#1465,#1466,#767,.T.);
#1862=EDGE_CURVE('',#1467,#1465,#1203,.T.);
#1863=EDGE_CURVE('',#1468,#1467,#768,.T.);
#1864=EDGE_CURVE('',#1466,#1468,#1204,.F.);
#1865=EDGE_CURVE('',#1469,#1470,#1205,.F.);
#1866=EDGE_CURVE('',#1471,#1469,#769,.T.);
#1867=EDGE_CURVE('',#1472,#1471,#1206,.T.);
#1868=EDGE_CURVE('',#1470,#1472,#770,.T.);
#1869=EDGE_CURVE('',#1461,#1468,#771,.T.);
#1870=EDGE_CURVE('',#1463,#1467,#772,.T.);
#1871=EDGE_CURVE('',#1459,#1470,#773,.T.);
#1872=EDGE_CURVE('',#1460,#1472,#774,.T.);
#1873=EDGE_CURVE('',#1473,#1457,#775,.T.);
#1874=EDGE_CURVE('',#1473,#1474,#776,.T.);
#1875=EDGE_CURVE('',#1475,#1474,#777,.T.);
#1876=EDGE_CURVE('',#1476,#1475,#1207,.T.);
#1877=EDGE_CURVE('',#1477,#1476,#778,.T.);
#1878=EDGE_CURVE('',#1478,#1477,#1208,.T.);
#1879=EDGE_CURVE('',#1479,#1478,#779,.T.);
#1880=EDGE_CURVE('',#1480,#1479,#1209,.T.);
#1881=EDGE_CURVE('',#1481,#1480,#780,.T.);
#1882=EDGE_CURVE('',#1482,#1481,#1210,.T.);
#1883=EDGE_CURVE('',#1483,#1482,#781,.T.);
#1884=EDGE_CURVE('',#1483,#1484,#782,.T.);
#1885=EDGE_CURVE('',#1466,#1484,#783,.T.);
#1886=EDGE_CURVE('',#1469,#1462,#784,.T.);
#1887=EDGE_CURVE('',#1473,#1485,#1211,.T.);
#1888=EDGE_CURVE('',#1486,#1485,#785,.T.);
#1889=EDGE_CURVE('',#1474,#1486,#1212,.T.);
#1890=EDGE_CURVE('',#1487,#1483,#1213,.T.);
#1891=EDGE_CURVE('',#1487,#1488,#786,.T.);
#1892=EDGE_CURVE('',#1488,#1484,#1214,.T.);
#1893=EDGE_CURVE('',#1465,#1458,#787,.T.);
#1894=EDGE_CURVE('',#1485,#1488,#788,.T.);
#1895=EDGE_CURVE('',#1486,#1487,#789,.T.);
#1896=EDGE_CURVE('',#1471,#1464,#790,.T.);
#1897=EDGE_CURVE('',#1476,#1489,#791,.T.);
#1898=EDGE_CURVE('',#1490,#1489,#792,.T.);
#1899=EDGE_CURVE('',#1477,#1490,#793,.T.);
#1900=EDGE_CURVE('',#1491,#1490,#1215,.T.);
#1901=EDGE_CURVE('',#1478,#1491,#794,.T.);
#1902=EDGE_CURVE('',#1492,#1491,#795,.T.);
#1903=EDGE_CURVE('',#1479,#1492,#796,.T.);
#1904=EDGE_CURVE('',#1493,#1492,#1216,.T.);
#1905=EDGE_CURVE('',#1480,#1493,#797,.T.);
#1906=EDGE_CURVE('',#1494,#1493,#798,.T.);
#1907=EDGE_CURVE('',#1481,#1494,#799,.T.);
#1908=EDGE_CURVE('',#1495,#1494,#1217,.T.);
#1909=EDGE_CURVE('',#1482,#1495,#800,.T.);
#1910=EDGE_CURVE('',#1496,#1495,#801,.T.);
#1911=EDGE_CURVE('',#1475,#1496,#802,.T.);
#1912=EDGE_CURVE('',#1489,#1496,#1218,.T.);
#1913=EDGE_CURVE('',#1497,#1497,#1219,.T.);
#1914=EDGE_CURVE('',#1498,#1498,#1220,.T.);
#1915=EDGE_CURVE('',#1498,#1497,#803,.T.);
#1916=EDGE_CURVE('',#1499,#1499,#1221,.T.);
#1917=EDGE_CURVE('',#1500,#1500,#1222,.T.);
#1918=EDGE_CURVE('',#1500,#1499,#804,.T.);
#1919=EDGE_CURVE('',#1501,#1501,#1223,.T.);
#1920=EDGE_CURVE('',#1502,#1502,#1224,.T.);
#1921=EDGE_CURVE('',#1502,#1501,#805,.T.);
#1922=EDGE_CURVE('',#1503,#1503,#1225,.T.);
#1923=EDGE_CURVE('',#1504,#1504,#1226,.T.);
#1924=EDGE_CURVE('',#1504,#1503,#806,.T.);
#1925=ORIENTED_EDGE('',*,*,#1505,.F.);
#1926=ORIENTED_EDGE('',*,*,#1506,.T.);
#1927=ORIENTED_EDGE('',*,*,#1507,.F.);
#1928=ORIENTED_EDGE('',*,*,#1508,.F.);
#1929=ORIENTED_EDGE('',*,*,#1509,.F.);
#1930=ORIENTED_EDGE('',*,*,#1510,.F.);
#1931=ORIENTED_EDGE('',*,*,#1511,.F.);
#1932=ORIENTED_EDGE('',*,*,#1512,.T.);
#1933=ORIENTED_EDGE('',*,*,#1513,.F.);
#1934=ORIENTED_EDGE('',*,*,#1514,.F.);
#1935=ORIENTED_EDGE('',*,*,#1515,.F.);
#1936=ORIENTED_EDGE('',*,*,#1516,.F.);
#1937=ORIENTED_EDGE('',*,*,#1517,.T.);
#1938=ORIENTED_EDGE('',*,*,#1518,.T.);
#1939=ORIENTED_EDGE('',*,*,#1519,.F.);
#1940=ORIENTED_EDGE('',*,*,#1520,.F.);
#1941=ORIENTED_EDGE('',*,*,#1521,.T.);
#1942=ORIENTED_EDGE('',*,*,#1522,.F.);
#1943=ORIENTED_EDGE('',*,*,#1523,.T.);
#1944=ORIENTED_EDGE('',*,*,#1524,.F.);
#1945=ORIENTED_EDGE('',*,*,#1525,.T.);
#1946=ORIENTED_EDGE('',*,*,#1526,.T.);
#1947=ORIENTED_EDGE('',*,*,#1527,.F.);
#1948=ORIENTED_EDGE('',*,*,#1528,.F.);
#1949=ORIENTED_EDGE('',*,*,#1529,.T.);
#1950=ORIENTED_EDGE('',*,*,#1530,.T.);
#1951=ORIENTED_EDGE('',*,*,#1531,.F.);
#1952=ORIENTED_EDGE('',*,*,#1532,.F.);
#1953=ORIENTED_EDGE('',*,*,#1533,.F.);
#1954=ORIENTED_EDGE('',*,*,#1534,.T.);
#1955=ORIENTED_EDGE('',*,*,#1535,.F.);
#1956=ORIENTED_EDGE('',*,*,#1536,.F.);
#1957=ORIENTED_EDGE('',*,*,#1537,.F.);
#1958=ORIENTED_EDGE('',*,*,#1538,.F.);
#1959=ORIENTED_EDGE('',*,*,#1539,.F.);
#1960=ORIENTED_EDGE('',*,*,#1540,.T.);
#1961=ORIENTED_EDGE('',*,*,#1541,.F.);
#1962=ORIENTED_EDGE('',*,*,#1540,.F.);
#1963=ORIENTED_EDGE('',*,*,#1542,.F.);
#1964=ORIENTED_EDGE('',*,*,#1543,.T.);
#1965=ORIENTED_EDGE('',*,*,#1544,.F.);
#1966=ORIENTED_EDGE('',*,*,#1512,.F.);
#1967=ORIENTED_EDGE('',*,*,#1545,.T.);
#1968=ORIENTED_EDGE('',*,*,#1546,.F.);
#1969=ORIENTED_EDGE('',*,*,#1513,.T.);
#1970=ORIENTED_EDGE('',*,*,#1544,.T.);
#1971=ORIENTED_EDGE('',*,*,#1547,.F.);
#1972=ORIENTED_EDGE('',*,*,#1542,.T.);
#1973=ORIENTED_EDGE('',*,*,#1511,.T.);
#1974=ORIENTED_EDGE('',*,*,#1548,.F.);
#1975=ORIENTED_EDGE('',*,*,#1549,.F.);
#1976=ORIENTED_EDGE('',*,*,#1515,.T.);
#1977=ORIENTED_EDGE('',*,*,#1550,.F.);
#1978=ORIENTED_EDGE('',*,*,#1530,.F.);
#1979=ORIENTED_EDGE('',*,*,#1531,.T.);
#1980=ORIENTED_EDGE('',*,*,#1550,.T.);
#1981=ORIENTED_EDGE('',*,*,#1514,.T.);
#1982=ORIENTED_EDGE('',*,*,#1551,.F.);
#1983=ORIENTED_EDGE('',*,*,#1539,.T.);
#1984=ORIENTED_EDGE('',*,*,#1529,.F.);
#1985=ORIENTED_EDGE('',*,*,#1552,.F.);
#1986=ORIENTED_EDGE('',*,*,#1516,.T.);
#1987=ORIENTED_EDGE('',*,*,#1549,.T.);
#1988=ORIENTED_EDGE('',*,*,#1541,.T.);
#1989=ORIENTED_EDGE('',*,*,#1548,.T.);
#1990=ORIENTED_EDGE('',*,*,#1552,.T.);
#1991=ORIENTED_EDGE('',*,*,#1528,.T.);
#1992=ORIENTED_EDGE('',*,*,#1553,.T.);
#1993=ORIENTED_EDGE('',*,*,#1554,.T.);
#1994=ORIENTED_EDGE('',*,*,#1555,.T.);
#1995=ORIENTED_EDGE('',*,*,#1556,.F.);
#1996=ORIENTED_EDGE('',*,*,#1557,.T.);
#1997=ORIENTED_EDGE('',*,*,#1558,.F.);
#1998=ORIENTED_EDGE('',*,*,#1557,.F.);
#1999=ORIENTED_EDGE('',*,*,#1559,.F.);
#2000=ORIENTED_EDGE('',*,*,#1560,.T.);
#2001=ORIENTED_EDGE('',*,*,#1561,.F.);
#2002=ORIENTED_EDGE('',*,*,#1506,.F.);
#2003=ORIENTED_EDGE('',*,*,#1562,.T.);
#2004=ORIENTED_EDGE('',*,*,#1563,.F.);
#2005=ORIENTED_EDGE('',*,*,#1507,.T.);
#2006=ORIENTED_EDGE('',*,*,#1561,.T.);
#2007=ORIENTED_EDGE('',*,*,#1564,.F.);
#2008=ORIENTED_EDGE('',*,*,#1559,.T.);
#2009=ORIENTED_EDGE('',*,*,#1505,.T.);
#2010=ORIENTED_EDGE('',*,*,#1565,.F.);
#2011=ORIENTED_EDGE('',*,*,#1566,.F.);
#2012=ORIENTED_EDGE('',*,*,#1509,.T.);
#2013=ORIENTED_EDGE('',*,*,#1567,.F.);
#2014=ORIENTED_EDGE('',*,*,#1518,.F.);
#2015=ORIENTED_EDGE('',*,*,#1519,.T.);
#2016=ORIENTED_EDGE('',*,*,#1567,.T.);
#2017=ORIENTED_EDGE('',*,*,#1508,.T.);
#2018=ORIENTED_EDGE('',*,*,#1568,.F.);
#2019=ORIENTED_EDGE('',*,*,#1556,.T.);
#2020=ORIENTED_EDGE('',*,*,#1517,.F.);
#2021=ORIENTED_EDGE('',*,*,#1569,.F.);
#2022=ORIENTED_EDGE('',*,*,#1510,.T.);
#2023=ORIENTED_EDGE('',*,*,#1566,.T.);
#2024=ORIENTED_EDGE('',*,*,#1558,.T.);
#2025=ORIENTED_EDGE('',*,*,#1546,.T.);
#2026=ORIENTED_EDGE('',*,*,#1570,.T.);
#2027=ORIENTED_EDGE('',*,*,#1565,.T.);
#2028=ORIENTED_EDGE('',*,*,#1569,.T.);
#2029=ORIENTED_EDGE('',*,*,#1532,.T.);
#2030=ORIENTED_EDGE('',*,*,#1551,.T.);
#2031=ORIENTED_EDGE('',*,*,#1571,.F.);
#2032=ORIENTED_EDGE('',*,*,#1572,.T.);
#2033=ORIENTED_EDGE('',*,*,#1573,.F.);
#2034=ORIENTED_EDGE('',*,*,#1572,.F.);
#2035=ORIENTED_EDGE('',*,*,#1574,.F.);
#2036=ORIENTED_EDGE('',*,*,#1575,.T.);
#2037=ORIENTED_EDGE('',*,*,#1576,.F.);
#2038=ORIENTED_EDGE('',*,*,#1534,.F.);
#2039=ORIENTED_EDGE('',*,*,#1577,.T.);
#2040=ORIENTED_EDGE('',*,*,#1554,.F.);
#2041=ORIENTED_EDGE('',*,*,#1535,.T.);
#2042=ORIENTED_EDGE('',*,*,#1576,.T.);
#2043=ORIENTED_EDGE('',*,*,#1578,.F.);
#2044=ORIENTED_EDGE('',*,*,#1537,.T.);
#2045=ORIENTED_EDGE('',*,*,#1579,.F.);
#2046=ORIENTED_EDGE('',*,*,#1526,.F.);
#2047=ORIENTED_EDGE('',*,*,#1527,.T.);
#2048=ORIENTED_EDGE('',*,*,#1579,.T.);
#2049=ORIENTED_EDGE('',*,*,#1536,.T.);
#2050=ORIENTED_EDGE('',*,*,#1553,.F.);
#2051=ORIENTED_EDGE('',*,*,#1571,.T.);
#2052=ORIENTED_EDGE('',*,*,#1525,.F.);
#2053=ORIENTED_EDGE('',*,*,#1580,.F.);
#2054=ORIENTED_EDGE('',*,*,#1538,.T.);
#2055=ORIENTED_EDGE('',*,*,#1578,.T.);
#2056=ORIENTED_EDGE('',*,*,#1573,.T.);
#2057=ORIENTED_EDGE('',*,*,#1563,.T.);
#2058=ORIENTED_EDGE('',*,*,#1581,.T.);
#2059=ORIENTED_EDGE('',*,*,#1582,.T.);
#2060=ORIENTED_EDGE('',*,*,#1520,.T.);
#2061=ORIENTED_EDGE('',*,*,#1568,.T.);
#2062=ORIENTED_EDGE('',*,*,#1583,.T.);
#2063=ORIENTED_EDGE('',*,*,#1584,.T.);
#2064=ORIENTED_EDGE('',*,*,#1585,.T.);
#2065=ORIENTED_EDGE('',*,*,#1580,.T.);
#2066=ORIENTED_EDGE('',*,*,#1524,.T.);
#2067=ORIENTED_EDGE('',*,*,#1582,.F.);
#2068=ORIENTED_EDGE('',*,*,#1586,.F.);
#2069=ORIENTED_EDGE('',*,*,#1587,.F.);
#2070=ORIENTED_EDGE('',*,*,#1521,.F.);
#2071=ORIENTED_EDGE('',*,*,#1562,.F.);
#2072=ORIENTED_EDGE('',*,*,#1560,.F.);
#2073=ORIENTED_EDGE('',*,*,#1564,.T.);
#2074=ORIENTED_EDGE('',*,*,#1570,.F.);
#2075=ORIENTED_EDGE('',*,*,#1545,.F.);
#2076=ORIENTED_EDGE('',*,*,#1543,.F.);
#2077=ORIENTED_EDGE('',*,*,#1547,.T.);
#2078=ORIENTED_EDGE('',*,*,#1555,.F.);
#2079=ORIENTED_EDGE('',*,*,#1577,.F.);
#2080=ORIENTED_EDGE('',*,*,#1575,.F.);
#2081=ORIENTED_EDGE('',*,*,#1588,.T.);
#2082=ORIENTED_EDGE('',*,*,#1584,.F.);
#2083=ORIENTED_EDGE('',*,*,#1589,.F.);
#2084=ORIENTED_EDGE('',*,*,#1590,.F.);
#2085=ORIENTED_EDGE('',*,*,#1586,.T.);
#2086=ORIENTED_EDGE('',*,*,#1581,.F.);
#2087=ORIENTED_EDGE('',*,*,#1587,.T.);
#2088=ORIENTED_EDGE('',*,*,#1590,.T.);
#2089=ORIENTED_EDGE('',*,*,#1591,.T.);
#2090=ORIENTED_EDGE('',*,*,#1522,.T.);
#2091=ORIENTED_EDGE('',*,*,#1585,.F.);
#2092=ORIENTED_EDGE('',*,*,#1588,.F.);
#2093=ORIENTED_EDGE('',*,*,#1574,.T.);
#2094=ORIENTED_EDGE('',*,*,#1533,.T.);
#2095=ORIENTED_EDGE('',*,*,#1583,.F.);
#2096=ORIENTED_EDGE('',*,*,#1523,.F.);
#2097=ORIENTED_EDGE('',*,*,#1591,.F.);
#2098=ORIENTED_EDGE('',*,*,#1589,.T.);
#2099=ORIENTED_EDGE('',*,*,#1592,.F.);
#2100=ORIENTED_EDGE('',*,*,#1593,.F.);
#2101=ORIENTED_EDGE('',*,*,#1594,.F.);
#2102=ORIENTED_EDGE('',*,*,#1595,.F.);
#2103=ORIENTED_EDGE('',*,*,#1596,.F.);
#2104=ORIENTED_EDGE('',*,*,#1597,.F.);
#2105=ORIENTED_EDGE('',*,*,#1593,.T.);
#2106=ORIENTED_EDGE('',*,*,#1598,.F.);
#2107=ORIENTED_EDGE('',*,*,#1599,.F.);
#2108=ORIENTED_EDGE('',*,*,#1600,.F.);
#2109=ORIENTED_EDGE('',*,*,#1601,.F.);
#2110=ORIENTED_EDGE('',*,*,#1602,.F.);
#2111=ORIENTED_EDGE('',*,*,#1603,.F.);
#2112=ORIENTED_EDGE('',*,*,#1599,.T.);
#2113=ORIENTED_EDGE('',*,*,#1604,.F.);
#2114=ORIENTED_EDGE('',*,*,#1605,.F.);
#2115=ORIENTED_EDGE('',*,*,#1606,.F.);
#2116=ORIENTED_EDGE('',*,*,#1607,.F.);
#2117=ORIENTED_EDGE('',*,*,#1608,.F.);
#2118=ORIENTED_EDGE('',*,*,#1609,.F.);
#2119=ORIENTED_EDGE('',*,*,#1605,.T.);
#2120=ORIENTED_EDGE('',*,*,#1610,.F.);
#2121=ORIENTED_EDGE('',*,*,#1611,.F.);
#2122=ORIENTED_EDGE('',*,*,#1612,.F.);
#2123=ORIENTED_EDGE('',*,*,#1613,.F.);
#2124=ORIENTED_EDGE('',*,*,#1614,.F.);
#2125=ORIENTED_EDGE('',*,*,#1615,.F.);
#2126=ORIENTED_EDGE('',*,*,#1611,.T.);
#2127=ORIENTED_EDGE('',*,*,#1600,.T.);
#2128=ORIENTED_EDGE('',*,*,#1603,.T.);
#2129=ORIENTED_EDGE('',*,*,#1616,.F.);
#2130=ORIENTED_EDGE('',*,*,#1607,.T.);
#2131=ORIENTED_EDGE('',*,*,#1604,.T.);
#2132=ORIENTED_EDGE('',*,*,#1617,.T.);
#2133=ORIENTED_EDGE('',*,*,#1618,.T.);
#2134=ORIENTED_EDGE('',*,*,#1619,.T.);
#2135=ORIENTED_EDGE('',*,*,#1620,.T.);
#2136=ORIENTED_EDGE('',*,*,#1621,.T.);
#2137=ORIENTED_EDGE('',*,*,#1622,.T.);
#2138=ORIENTED_EDGE('',*,*,#1623,.T.);
#2139=ORIENTED_EDGE('',*,*,#1624,.T.);
#2140=ORIENTED_EDGE('',*,*,#1625,.T.);
#2141=ORIENTED_EDGE('',*,*,#1626,.T.);
#2142=ORIENTED_EDGE('',*,*,#1627,.T.);
#2143=ORIENTED_EDGE('',*,*,#1594,.T.);
#2144=ORIENTED_EDGE('',*,*,#1597,.T.);
#2145=ORIENTED_EDGE('',*,*,#1628,.F.);
#2146=ORIENTED_EDGE('',*,*,#1613,.T.);
#2147=ORIENTED_EDGE('',*,*,#1610,.T.);
#2148=ORIENTED_EDGE('',*,*,#1629,.T.);
#2149=ORIENTED_EDGE('',*,*,#1630,.F.);
#2150=ORIENTED_EDGE('',*,*,#1631,.T.);
#2151=ORIENTED_EDGE('',*,*,#1612,.T.);
#2152=ORIENTED_EDGE('',*,*,#1615,.T.);
#2153=ORIENTED_EDGE('',*,*,#1632,.F.);
#2154=ORIENTED_EDGE('',*,*,#1633,.F.);
#2155=ORIENTED_EDGE('',*,*,#1634,.F.);
#2156=ORIENTED_EDGE('',*,*,#1635,.F.);
#2157=ORIENTED_EDGE('',*,*,#1636,.F.);
#2158=ORIENTED_EDGE('',*,*,#1637,.F.);
#2159=ORIENTED_EDGE('',*,*,#1629,.F.);
#2160=ORIENTED_EDGE('',*,*,#1624,.F.);
#2161=ORIENTED_EDGE('',*,*,#1638,.F.);
#2162=ORIENTED_EDGE('',*,*,#1639,.F.);
#2163=ORIENTED_EDGE('',*,*,#1640,.T.);
#2164=ORIENTED_EDGE('',*,*,#1625,.F.);
#2165=ORIENTED_EDGE('',*,*,#1640,.F.);
#2166=ORIENTED_EDGE('',*,*,#1641,.F.);
#2167=ORIENTED_EDGE('',*,*,#1642,.T.);
#2168=ORIENTED_EDGE('',*,*,#1626,.F.);
#2169=ORIENTED_EDGE('',*,*,#1642,.F.);
#2170=ORIENTED_EDGE('',*,*,#1643,.F.);
#2171=ORIENTED_EDGE('',*,*,#1644,.T.);
#2172=ORIENTED_EDGE('',*,*,#1627,.F.);
#2173=ORIENTED_EDGE('',*,*,#1644,.F.);
#2174=ORIENTED_EDGE('',*,*,#1645,.F.);
#2175=ORIENTED_EDGE('',*,*,#1646,.T.);
#2176=ORIENTED_EDGE('',*,*,#1620,.F.);
#2177=ORIENTED_EDGE('',*,*,#1646,.F.);
#2178=ORIENTED_EDGE('',*,*,#1647,.F.);
#2179=ORIENTED_EDGE('',*,*,#1648,.T.);
#2180=ORIENTED_EDGE('',*,*,#1621,.F.);
#2181=ORIENTED_EDGE('',*,*,#1648,.F.);
#2182=ORIENTED_EDGE('',*,*,#1649,.F.);
#2183=ORIENTED_EDGE('',*,*,#1650,.T.);
#2184=ORIENTED_EDGE('',*,*,#1622,.F.);
#2185=ORIENTED_EDGE('',*,*,#1650,.F.);
#2186=ORIENTED_EDGE('',*,*,#1651,.F.);
#2187=ORIENTED_EDGE('',*,*,#1652,.T.);
#2188=ORIENTED_EDGE('',*,*,#1623,.F.);
#2189=ORIENTED_EDGE('',*,*,#1652,.F.);
#2190=ORIENTED_EDGE('',*,*,#1653,.F.);
#2191=ORIENTED_EDGE('',*,*,#1638,.T.);
#2192=ORIENTED_EDGE('',*,*,#1596,.T.);
#2193=ORIENTED_EDGE('',*,*,#1654,.T.);
#2194=ORIENTED_EDGE('',*,*,#1655,.T.);
#2195=ORIENTED_EDGE('',*,*,#1632,.T.);
#2196=ORIENTED_EDGE('',*,*,#1614,.T.);
#2197=ORIENTED_EDGE('',*,*,#1628,.T.);
#2198=ORIENTED_EDGE('',*,*,#1602,.T.);
#2199=ORIENTED_EDGE('',*,*,#1656,.T.);
#2200=ORIENTED_EDGE('',*,*,#1657,.T.);
#2201=ORIENTED_EDGE('',*,*,#1658,.T.);
#2202=ORIENTED_EDGE('',*,*,#1659,.T.);
#2203=ORIENTED_EDGE('',*,*,#1660,.T.);
#2204=ORIENTED_EDGE('',*,*,#1608,.T.);
#2205=ORIENTED_EDGE('',*,*,#1616,.T.);
#2206=ORIENTED_EDGE('',*,*,#1598,.T.);
#2207=ORIENTED_EDGE('',*,*,#1619,.F.);
#2208=ORIENTED_EDGE('',*,*,#1661,.F.);
#2209=ORIENTED_EDGE('',*,*,#1662,.F.);
#2210=ORIENTED_EDGE('',*,*,#1663,.F.);
#2211=ORIENTED_EDGE('',*,*,#1656,.F.);
#2212=ORIENTED_EDGE('',*,*,#1601,.T.);
#2213=ORIENTED_EDGE('',*,*,#1661,.T.);
#2214=ORIENTED_EDGE('',*,*,#1618,.F.);
#2215=ORIENTED_EDGE('',*,*,#1664,.T.);
#2216=ORIENTED_EDGE('',*,*,#1665,.T.);
#2217=ORIENTED_EDGE('',*,*,#1635,.T.);
#2218=ORIENTED_EDGE('',*,*,#1666,.F.);
#2219=ORIENTED_EDGE('',*,*,#1667,.F.);
#2220=ORIENTED_EDGE('',*,*,#1668,.F.);
#2221=ORIENTED_EDGE('',*,*,#1634,.T.);
#2222=ORIENTED_EDGE('',*,*,#1669,.T.);
#2223=ORIENTED_EDGE('',*,*,#1670,.T.);
#2224=ORIENTED_EDGE('',*,*,#1671,.T.);
#2225=ORIENTED_EDGE('',*,*,#1672,.T.);
#2226=ORIENTED_EDGE('',*,*,#1673,.T.);
#2227=ORIENTED_EDGE('',*,*,#1674,.T.);
#2228=ORIENTED_EDGE('',*,*,#1666,.T.);
#2229=ORIENTED_EDGE('',*,*,#1633,.T.);
#2230=ORIENTED_EDGE('',*,*,#1655,.F.);
#2231=ORIENTED_EDGE('',*,*,#1675,.T.);
#2232=ORIENTED_EDGE('',*,*,#1669,.F.);
#2233=ORIENTED_EDGE('',*,*,#1676,.F.);
#2234=ORIENTED_EDGE('',*,*,#1658,.F.);
#2235=ORIENTED_EDGE('',*,*,#1677,.F.);
#2236=ORIENTED_EDGE('',*,*,#1672,.F.);
#2237=ORIENTED_EDGE('',*,*,#1676,.T.);
#2238=ORIENTED_EDGE('',*,*,#1671,.F.);
#2239=ORIENTED_EDGE('',*,*,#1678,.T.);
#2240=ORIENTED_EDGE('',*,*,#1659,.F.);
#2241=ORIENTED_EDGE('',*,*,#1647,.T.);
#2242=ORIENTED_EDGE('',*,*,#1645,.T.);
#2243=ORIENTED_EDGE('',*,*,#1643,.T.);
#2244=ORIENTED_EDGE('',*,*,#1641,.T.);
#2245=ORIENTED_EDGE('',*,*,#1639,.T.);
#2246=ORIENTED_EDGE('',*,*,#1653,.T.);
#2247=ORIENTED_EDGE('',*,*,#1651,.T.);
#2248=ORIENTED_EDGE('',*,*,#1649,.T.);
#2249=ORIENTED_EDGE('',*,*,#1679,.F.);
#2250=ORIENTED_EDGE('',*,*,#1667,.T.);
#2251=ORIENTED_EDGE('',*,*,#1674,.F.);
#2252=ORIENTED_EDGE('',*,*,#1680,.F.);
#2253=ORIENTED_EDGE('',*,*,#1663,.T.);
#2254=ORIENTED_EDGE('',*,*,#1681,.F.);
#2255=ORIENTED_EDGE('',*,*,#1680,.T.);
#2256=ORIENTED_EDGE('',*,*,#1673,.F.);
#2257=ORIENTED_EDGE('',*,*,#1677,.T.);
#2258=ORIENTED_EDGE('',*,*,#1657,.F.);
#2259=ORIENTED_EDGE('',*,*,#1662,.T.);
#2260=ORIENTED_EDGE('',*,*,#1665,.F.);
#2261=ORIENTED_EDGE('',*,*,#1682,.T.);
#2262=ORIENTED_EDGE('',*,*,#1683,.T.);
#2263=ORIENTED_EDGE('',*,*,#1636,.T.);
#2264=ORIENTED_EDGE('',*,*,#1668,.T.);
#2265=ORIENTED_EDGE('',*,*,#1679,.T.);
#2266=ORIENTED_EDGE('',*,*,#1681,.T.);
#2267=ORIENTED_EDGE('',*,*,#1592,.T.);
#2268=ORIENTED_EDGE('',*,*,#1631,.F.);
#2269=ORIENTED_EDGE('',*,*,#1684,.F.);
#2270=ORIENTED_EDGE('',*,*,#1682,.F.);
#2271=ORIENTED_EDGE('',*,*,#1664,.F.);
#2272=ORIENTED_EDGE('',*,*,#1617,.F.);
#2273=ORIENTED_EDGE('',*,*,#1606,.T.);
#2274=ORIENTED_EDGE('',*,*,#1609,.T.);
#2275=ORIENTED_EDGE('',*,*,#1660,.F.);
#2276=ORIENTED_EDGE('',*,*,#1678,.F.);
#2277=ORIENTED_EDGE('',*,*,#1670,.F.);
#2278=ORIENTED_EDGE('',*,*,#1675,.F.);
#2279=ORIENTED_EDGE('',*,*,#1654,.F.);
#2280=ORIENTED_EDGE('',*,*,#1595,.T.);
#2281=ORIENTED_EDGE('',*,*,#1637,.T.);
#2282=ORIENTED_EDGE('',*,*,#1683,.F.);
#2283=ORIENTED_EDGE('',*,*,#1684,.T.);
#2284=ORIENTED_EDGE('',*,*,#1630,.T.);
#2285=ORIENTED_EDGE('',*,*,#1685,.F.);
#2286=ORIENTED_EDGE('',*,*,#1686,.T.);
#2287=ORIENTED_EDGE('',*,*,#1687,.F.);
#2288=ORIENTED_EDGE('',*,*,#1688,.F.);
#2289=ORIENTED_EDGE('',*,*,#1689,.F.);
#2290=ORIENTED_EDGE('',*,*,#1690,.F.);
#2291=ORIENTED_EDGE('',*,*,#1686,.F.);
#2292=ORIENTED_EDGE('',*,*,#1691,.F.);
#2293=ORIENTED_EDGE('',*,*,#1692,.T.);
#2294=ORIENTED_EDGE('',*,*,#1693,.F.);
#2295=ORIENTED_EDGE('',*,*,#1694,.F.);
#2296=ORIENTED_EDGE('',*,*,#1695,.F.);
#2297=ORIENTED_EDGE('',*,*,#1696,.F.);
#2298=ORIENTED_EDGE('',*,*,#1692,.F.);
#2299=ORIENTED_EDGE('',*,*,#1697,.F.);
#2300=ORIENTED_EDGE('',*,*,#1698,.F.);
#2301=ORIENTED_EDGE('',*,*,#1699,.F.);
#2302=ORIENTED_EDGE('',*,*,#1700,.F.);
#2303=ORIENTED_EDGE('',*,*,#1701,.F.);
#2304=ORIENTED_EDGE('',*,*,#1702,.F.);
#2305=ORIENTED_EDGE('',*,*,#1698,.T.);
#2306=ORIENTED_EDGE('',*,*,#1703,.F.);
#2307=ORIENTED_EDGE('',*,*,#1704,.F.);
#2308=ORIENTED_EDGE('',*,*,#1705,.F.);
#2309=ORIENTED_EDGE('',*,*,#1706,.F.);
#2310=ORIENTED_EDGE('',*,*,#1707,.F.);
#2311=ORIENTED_EDGE('',*,*,#1708,.F.);
#2312=ORIENTED_EDGE('',*,*,#1704,.T.);
#2313=ORIENTED_EDGE('',*,*,#1689,.T.);
#2314=ORIENTED_EDGE('',*,*,#1685,.T.);
#2315=ORIENTED_EDGE('',*,*,#1709,.F.);
#2316=ORIENTED_EDGE('',*,*,#1710,.F.);
#2317=ORIENTED_EDGE('',*,*,#1711,.F.);
#2318=ORIENTED_EDGE('',*,*,#1712,.F.);
#2319=ORIENTED_EDGE('',*,*,#1713,.F.);
#2320=ORIENTED_EDGE('',*,*,#1714,.F.);
#2321=ORIENTED_EDGE('',*,*,#1715,.F.);
#2322=ORIENTED_EDGE('',*,*,#1716,.F.);
#2323=ORIENTED_EDGE('',*,*,#1717,.F.);
#2324=ORIENTED_EDGE('',*,*,#1700,.T.);
#2325=ORIENTED_EDGE('',*,*,#1697,.T.);
#2326=ORIENTED_EDGE('',*,*,#1718,.F.);
#2327=ORIENTED_EDGE('',*,*,#1719,.F.);
#2328=ORIENTED_EDGE('',*,*,#1720,.T.);
#2329=ORIENTED_EDGE('',*,*,#1688,.T.);
#2330=ORIENTED_EDGE('',*,*,#1721,.T.);
#2331=ORIENTED_EDGE('',*,*,#1707,.T.);
#2332=ORIENTED_EDGE('',*,*,#1722,.T.);
#2333=ORIENTED_EDGE('',*,*,#1694,.T.);
#2334=ORIENTED_EDGE('',*,*,#1723,.T.);
#2335=ORIENTED_EDGE('',*,*,#1701,.T.);
#2336=ORIENTED_EDGE('',*,*,#1717,.T.);
#2337=ORIENTED_EDGE('',*,*,#1724,.T.);
#2338=ORIENTED_EDGE('',*,*,#1725,.T.);
#2339=ORIENTED_EDGE('',*,*,#1726,.T.);
#2340=ORIENTED_EDGE('',*,*,#1727,.T.);
#2341=ORIENTED_EDGE('',*,*,#1728,.T.);
#2342=ORIENTED_EDGE('',*,*,#1729,.T.);
#2343=ORIENTED_EDGE('',*,*,#1730,.T.);
#2344=ORIENTED_EDGE('',*,*,#1731,.T.);
#2345=ORIENTED_EDGE('',*,*,#1732,.T.);
#2346=ORIENTED_EDGE('',*,*,#1733,.T.);
#2347=ORIENTED_EDGE('',*,*,#1734,.T.);
#2348=ORIENTED_EDGE('',*,*,#1709,.T.);
#2349=ORIENTED_EDGE('',*,*,#1695,.T.);
#2350=ORIENTED_EDGE('',*,*,#1691,.T.);
#2351=ORIENTED_EDGE('',*,*,#1722,.F.);
#2352=ORIENTED_EDGE('',*,*,#1706,.T.);
#2353=ORIENTED_EDGE('',*,*,#1703,.T.);
#2354=ORIENTED_EDGE('',*,*,#1735,.F.);
#2355=ORIENTED_EDGE('',*,*,#1736,.F.);
#2356=ORIENTED_EDGE('',*,*,#1737,.F.);
#2357=ORIENTED_EDGE('',*,*,#1724,.F.);
#2358=ORIENTED_EDGE('',*,*,#1716,.T.);
#2359=ORIENTED_EDGE('',*,*,#1738,.F.);
#2360=ORIENTED_EDGE('',*,*,#1739,.F.);
#2361=ORIENTED_EDGE('',*,*,#1734,.F.);
#2362=ORIENTED_EDGE('',*,*,#1740,.F.);
#2363=ORIENTED_EDGE('',*,*,#1741,.T.);
#2364=ORIENTED_EDGE('',*,*,#1710,.T.);
#2365=ORIENTED_EDGE('',*,*,#1742,.F.);
#2366=ORIENTED_EDGE('',*,*,#1738,.T.);
#2367=ORIENTED_EDGE('',*,*,#1715,.T.);
#2368=ORIENTED_EDGE('',*,*,#1743,.F.);
#2369=ORIENTED_EDGE('',*,*,#1744,.F.);
#2370=ORIENTED_EDGE('',*,*,#1743,.T.);
#2371=ORIENTED_EDGE('',*,*,#1714,.T.);
#2372=ORIENTED_EDGE('',*,*,#1745,.F.);
#2373=ORIENTED_EDGE('',*,*,#1746,.F.);
#2374=ORIENTED_EDGE('',*,*,#1745,.T.);
#2375=ORIENTED_EDGE('',*,*,#1713,.T.);
#2376=ORIENTED_EDGE('',*,*,#1747,.F.);
#2377=ORIENTED_EDGE('',*,*,#1748,.F.);
#2378=ORIENTED_EDGE('',*,*,#1747,.T.);
#2379=ORIENTED_EDGE('',*,*,#1712,.T.);
#2380=ORIENTED_EDGE('',*,*,#1749,.F.);
#2381=ORIENTED_EDGE('',*,*,#1750,.F.);
#2382=ORIENTED_EDGE('',*,*,#1749,.T.);
#2383=ORIENTED_EDGE('',*,*,#1711,.T.);
#2384=ORIENTED_EDGE('',*,*,#1741,.F.);
#2385=ORIENTED_EDGE('',*,*,#1739,.T.);
#2386=ORIENTED_EDGE('',*,*,#1742,.T.);
#2387=ORIENTED_EDGE('',*,*,#1744,.T.);
#2388=ORIENTED_EDGE('',*,*,#1746,.T.);
#2389=ORIENTED_EDGE('',*,*,#1748,.T.);
#2390=ORIENTED_EDGE('',*,*,#1750,.T.);
#2391=ORIENTED_EDGE('',*,*,#1740,.T.);
#2392=ORIENTED_EDGE('',*,*,#1733,.F.);
#2393=ORIENTED_EDGE('',*,*,#1751,.F.);
#2394=ORIENTED_EDGE('',*,*,#1752,.F.);
#2395=ORIENTED_EDGE('',*,*,#1753,.T.);
#2396=ORIENTED_EDGE('',*,*,#1725,.F.);
#2397=ORIENTED_EDGE('',*,*,#1754,.F.);
#2398=ORIENTED_EDGE('',*,*,#1755,.T.);
#2399=ORIENTED_EDGE('',*,*,#1756,.F.);
#2400=ORIENTED_EDGE('',*,*,#1757,.F.);
#2401=ORIENTED_EDGE('',*,*,#1758,.F.);
#2402=ORIENTED_EDGE('',*,*,#1757,.T.);
#2403=ORIENTED_EDGE('',*,*,#1759,.F.);
#2404=ORIENTED_EDGE('',*,*,#1760,.F.);
#2405=ORIENTED_EDGE('',*,*,#1761,.F.);
#2406=ORIENTED_EDGE('',*,*,#1760,.T.);
#2407=ORIENTED_EDGE('',*,*,#1762,.F.);
#2408=ORIENTED_EDGE('',*,*,#1763,.F.);
#2409=ORIENTED_EDGE('',*,*,#1764,.F.);
#2410=ORIENTED_EDGE('',*,*,#1763,.T.);
#2411=ORIENTED_EDGE('',*,*,#1765,.F.);
#2412=ORIENTED_EDGE('',*,*,#1766,.F.);
#2413=ORIENTED_EDGE('',*,*,#1767,.F.);
#2414=ORIENTED_EDGE('',*,*,#1766,.T.);
#2415=ORIENTED_EDGE('',*,*,#1768,.F.);
#2416=ORIENTED_EDGE('',*,*,#1769,.F.);
#2417=ORIENTED_EDGE('',*,*,#1770,.F.);
#2418=ORIENTED_EDGE('',*,*,#1771,.T.);
#2419=ORIENTED_EDGE('',*,*,#1772,.F.);
#2420=ORIENTED_EDGE('',*,*,#1755,.F.);
#2421=ORIENTED_EDGE('',*,*,#1773,.F.);
#2422=ORIENTED_EDGE('',*,*,#1774,.T.);
#2423=ORIENTED_EDGE('',*,*,#1775,.F.);
#2424=ORIENTED_EDGE('',*,*,#1771,.F.);
#2425=ORIENTED_EDGE('',*,*,#1776,.F.);
#2426=ORIENTED_EDGE('',*,*,#1769,.T.);
#2427=ORIENTED_EDGE('',*,*,#1777,.F.);
#2428=ORIENTED_EDGE('',*,*,#1774,.F.);
#2429=ORIENTED_EDGE('',*,*,#1778,.T.);
#2430=ORIENTED_EDGE('',*,*,#1779,.T.);
#2431=ORIENTED_EDGE('',*,*,#1780,.T.);
#2432=ORIENTED_EDGE('',*,*,#1781,.T.);
#2433=ORIENTED_EDGE('',*,*,#1782,.T.);
#2434=ORIENTED_EDGE('',*,*,#1783,.T.);
#2435=ORIENTED_EDGE('',*,*,#1784,.T.);
#2436=ORIENTED_EDGE('',*,*,#1752,.T.);
#2437=ORIENTED_EDGE('',*,*,#1785,.T.);
#2438=ORIENTED_EDGE('',*,*,#1736,.T.);
#2439=ORIENTED_EDGE('',*,*,#1786,.T.);
#2440=ORIENTED_EDGE('',*,*,#1719,.T.);
#2441=ORIENTED_EDGE('',*,*,#1690,.T.);
#2442=ORIENTED_EDGE('',*,*,#1720,.F.);
#2443=ORIENTED_EDGE('',*,*,#1786,.F.);
#2444=ORIENTED_EDGE('',*,*,#1735,.T.);
#2445=ORIENTED_EDGE('',*,*,#1705,.T.);
#2446=ORIENTED_EDGE('',*,*,#1708,.T.);
#2447=ORIENTED_EDGE('',*,*,#1721,.F.);
#2448=ORIENTED_EDGE('',*,*,#1687,.T.);
#2449=ORIENTED_EDGE('',*,*,#1696,.T.);
#2450=ORIENTED_EDGE('',*,*,#1737,.T.);
#2451=ORIENTED_EDGE('',*,*,#1785,.F.);
#2452=ORIENTED_EDGE('',*,*,#1718,.T.);
#2453=ORIENTED_EDGE('',*,*,#1699,.T.);
#2454=ORIENTED_EDGE('',*,*,#1702,.T.);
#2455=ORIENTED_EDGE('',*,*,#1723,.F.);
#2456=ORIENTED_EDGE('',*,*,#1693,.T.);
#2457=ORIENTED_EDGE('',*,*,#1767,.T.);
#2458=ORIENTED_EDGE('',*,*,#1776,.T.);
#2459=ORIENTED_EDGE('',*,*,#1773,.T.);
#2460=ORIENTED_EDGE('',*,*,#1770,.T.);
#2461=ORIENTED_EDGE('',*,*,#1754,.T.);
#2462=ORIENTED_EDGE('',*,*,#1758,.T.);
#2463=ORIENTED_EDGE('',*,*,#1761,.T.);
#2464=ORIENTED_EDGE('',*,*,#1764,.T.);
#2465=ORIENTED_EDGE('',*,*,#1787,.F.);
#2466=ORIENTED_EDGE('',*,*,#1731,.F.);
#2467=ORIENTED_EDGE('',*,*,#1788,.F.);
#2468=ORIENTED_EDGE('',*,*,#1779,.F.);
#2469=ORIENTED_EDGE('',*,*,#1788,.T.);
#2470=ORIENTED_EDGE('',*,*,#1730,.F.);
#2471=ORIENTED_EDGE('',*,*,#1789,.F.);
#2472=ORIENTED_EDGE('',*,*,#1780,.F.);
#2473=ORIENTED_EDGE('',*,*,#1789,.T.);
#2474=ORIENTED_EDGE('',*,*,#1729,.F.);
#2475=ORIENTED_EDGE('',*,*,#1790,.F.);
#2476=ORIENTED_EDGE('',*,*,#1781,.F.);
#2477=ORIENTED_EDGE('',*,*,#1790,.T.);
#2478=ORIENTED_EDGE('',*,*,#1728,.F.);
#2479=ORIENTED_EDGE('',*,*,#1791,.F.);
#2480=ORIENTED_EDGE('',*,*,#1782,.F.);
#2481=ORIENTED_EDGE('',*,*,#1791,.T.);
#2482=ORIENTED_EDGE('',*,*,#1727,.F.);
#2483=ORIENTED_EDGE('',*,*,#1792,.F.);
#2484=ORIENTED_EDGE('',*,*,#1783,.F.);
#2485=ORIENTED_EDGE('',*,*,#1768,.T.);
#2486=ORIENTED_EDGE('',*,*,#1765,.T.);
#2487=ORIENTED_EDGE('',*,*,#1762,.T.);
#2488=ORIENTED_EDGE('',*,*,#1759,.T.);
#2489=ORIENTED_EDGE('',*,*,#1756,.T.);
#2490=ORIENTED_EDGE('',*,*,#1772,.T.);
#2491=ORIENTED_EDGE('',*,*,#1775,.T.);
#2492=ORIENTED_EDGE('',*,*,#1777,.T.);
#2493=ORIENTED_EDGE('',*,*,#1792,.T.);
#2494=ORIENTED_EDGE('',*,*,#1726,.F.);
#2495=ORIENTED_EDGE('',*,*,#1753,.F.);
#2496=ORIENTED_EDGE('',*,*,#1784,.F.);
#2497=ORIENTED_EDGE('',*,*,#1751,.T.);
#2498=ORIENTED_EDGE('',*,*,#1732,.F.);
#2499=ORIENTED_EDGE('',*,*,#1787,.T.);
#2500=ORIENTED_EDGE('',*,*,#1778,.F.);
#2501=ORIENTED_EDGE('',*,*,#1793,.F.);
#2502=ORIENTED_EDGE('',*,*,#1794,.T.);
#2503=ORIENTED_EDGE('',*,*,#1795,.F.);
#2504=ORIENTED_EDGE('',*,*,#1794,.F.);
#2505=ORIENTED_EDGE('',*,*,#1796,.F.);
#2506=ORIENTED_EDGE('',*,*,#1797,.T.);
#2507=ORIENTED_EDGE('',*,*,#1798,.F.);
#2508=ORIENTED_EDGE('',*,*,#1797,.F.);
#2509=ORIENTED_EDGE('',*,*,#1799,.F.);
#2510=ORIENTED_EDGE('',*,*,#1800,.T.);
#2511=ORIENTED_EDGE('',*,*,#1801,.F.);
#2512=ORIENTED_EDGE('',*,*,#1800,.F.);
#2513=ORIENTED_EDGE('',*,*,#1802,.F.);
#2514=ORIENTED_EDGE('',*,*,#1803,.T.);
#2515=ORIENTED_EDGE('',*,*,#1804,.F.);
#2516=ORIENTED_EDGE('',*,*,#1803,.F.);
#2517=ORIENTED_EDGE('',*,*,#1805,.T.);
#2518=ORIENTED_EDGE('',*,*,#1806,.T.);
#2519=ORIENTED_EDGE('',*,*,#1807,.F.);
#2520=ORIENTED_EDGE('',*,*,#1808,.F.);
#2521=ORIENTED_EDGE('',*,*,#1809,.T.);
#2522=ORIENTED_EDGE('',*,*,#1808,.T.);
#2523=ORIENTED_EDGE('',*,*,#1810,.F.);
#2524=ORIENTED_EDGE('',*,*,#1811,.F.);
#2525=ORIENTED_EDGE('',*,*,#1812,.T.);
#2526=ORIENTED_EDGE('',*,*,#1811,.T.);
#2527=ORIENTED_EDGE('',*,*,#1813,.F.);
#2528=ORIENTED_EDGE('',*,*,#1814,.F.);
#2529=ORIENTED_EDGE('',*,*,#1815,.T.);
#2530=ORIENTED_EDGE('',*,*,#1814,.T.);
#2531=ORIENTED_EDGE('',*,*,#1816,.F.);
#2532=ORIENTED_EDGE('',*,*,#1817,.F.);
#2533=ORIENTED_EDGE('',*,*,#1818,.T.);
#2534=ORIENTED_EDGE('',*,*,#1817,.T.);
#2535=ORIENTED_EDGE('',*,*,#1819,.F.);
#2536=ORIENTED_EDGE('',*,*,#1820,.F.);
#2537=ORIENTED_EDGE('',*,*,#1821,.T.);
#2538=ORIENTED_EDGE('',*,*,#1820,.T.);
#2539=ORIENTED_EDGE('',*,*,#1822,.F.);
#2540=ORIENTED_EDGE('',*,*,#1823,.F.);
#2541=ORIENTED_EDGE('',*,*,#1824,.T.);
#2542=ORIENTED_EDGE('',*,*,#1823,.T.);
#2543=ORIENTED_EDGE('',*,*,#1825,.F.);
#2544=ORIENTED_EDGE('',*,*,#1826,.F.);
#2545=ORIENTED_EDGE('',*,*,#1827,.T.);
#2546=ORIENTED_EDGE('',*,*,#1826,.T.);
#2547=ORIENTED_EDGE('',*,*,#1828,.F.);
#2548=ORIENTED_EDGE('',*,*,#1806,.F.);
#2549=ORIENTED_EDGE('',*,*,#1828,.T.);
#2550=ORIENTED_EDGE('',*,*,#1825,.T.);
#2551=ORIENTED_EDGE('',*,*,#1822,.T.);
#2552=ORIENTED_EDGE('',*,*,#1819,.T.);
#2553=ORIENTED_EDGE('',*,*,#1816,.T.);
#2554=ORIENTED_EDGE('',*,*,#1813,.T.);
#2555=ORIENTED_EDGE('',*,*,#1810,.T.);
#2556=ORIENTED_EDGE('',*,*,#1807,.T.);
#2557=ORIENTED_EDGE('',*,*,#1829,.T.);
#2558=ORIENTED_EDGE('',*,*,#1830,.T.);
#2559=ORIENTED_EDGE('',*,*,#1831,.T.);
#2560=ORIENTED_EDGE('',*,*,#1832,.T.);
#2561=ORIENTED_EDGE('',*,*,#1802,.T.);
#2562=ORIENTED_EDGE('',*,*,#1799,.T.);
#2563=ORIENTED_EDGE('',*,*,#1796,.T.);
#2564=ORIENTED_EDGE('',*,*,#1793,.T.);
#2565=ORIENTED_EDGE('',*,*,#1827,.F.);
#2566=ORIENTED_EDGE('',*,*,#1805,.F.);
#2567=ORIENTED_EDGE('',*,*,#1809,.F.);
#2568=ORIENTED_EDGE('',*,*,#1812,.F.);
#2569=ORIENTED_EDGE('',*,*,#1815,.F.);
#2570=ORIENTED_EDGE('',*,*,#1818,.F.);
#2571=ORIENTED_EDGE('',*,*,#1821,.F.);
#2572=ORIENTED_EDGE('',*,*,#1824,.F.);
#2573=ORIENTED_EDGE('',*,*,#1833,.T.);
#2574=ORIENTED_EDGE('',*,*,#1834,.T.);
#2575=ORIENTED_EDGE('',*,*,#1835,.T.);
#2576=ORIENTED_EDGE('',*,*,#1836,.T.);
#2577=ORIENTED_EDGE('',*,*,#1804,.T.);
#2578=ORIENTED_EDGE('',*,*,#1801,.T.);
#2579=ORIENTED_EDGE('',*,*,#1798,.T.);
#2580=ORIENTED_EDGE('',*,*,#1795,.T.);
#2581=ORIENTED_EDGE('',*,*,#1837,.F.);
#2582=ORIENTED_EDGE('',*,*,#1838,.T.);
#2583=ORIENTED_EDGE('',*,*,#1829,.F.);
#2584=ORIENTED_EDGE('',*,*,#1838,.F.);
#2585=ORIENTED_EDGE('',*,*,#1839,.F.);
#2586=ORIENTED_EDGE('',*,*,#1840,.T.);
#2587=ORIENTED_EDGE('',*,*,#1832,.F.);
#2588=ORIENTED_EDGE('',*,*,#1840,.F.);
#2589=ORIENTED_EDGE('',*,*,#1841,.F.);
#2590=ORIENTED_EDGE('',*,*,#1842,.T.);
#2591=ORIENTED_EDGE('',*,*,#1830,.F.);
#2592=ORIENTED_EDGE('',*,*,#1842,.F.);
#2593=ORIENTED_EDGE('',*,*,#1843,.F.);
#2594=ORIENTED_EDGE('',*,*,#1844,.T.);
#2595=ORIENTED_EDGE('',*,*,#1831,.F.);
#2596=ORIENTED_EDGE('',*,*,#1844,.F.);
#2597=ORIENTED_EDGE('',*,*,#1845,.F.);
#2598=ORIENTED_EDGE('',*,*,#1846,.F.);
#2599=ORIENTED_EDGE('',*,*,#1847,.T.);
#2600=ORIENTED_EDGE('',*,*,#1835,.F.);
#2601=ORIENTED_EDGE('',*,*,#1847,.F.);
#2602=ORIENTED_EDGE('',*,*,#1848,.F.);
#2603=ORIENTED_EDGE('',*,*,#1849,.T.);
#2604=ORIENTED_EDGE('',*,*,#1836,.F.);
#2605=ORIENTED_EDGE('',*,*,#1849,.F.);
#2606=ORIENTED_EDGE('',*,*,#1850,.F.);
#2607=ORIENTED_EDGE('',*,*,#1851,.F.);
#2608=ORIENTED_EDGE('',*,*,#1833,.F.);
#2609=ORIENTED_EDGE('',*,*,#1851,.T.);
#2610=ORIENTED_EDGE('',*,*,#1852,.F.);
#2611=ORIENTED_EDGE('',*,*,#1845,.T.);
#2612=ORIENTED_EDGE('',*,*,#1834,.F.);
#2613=ORIENTED_EDGE('',*,*,#1852,.T.);
#2614=ORIENTED_EDGE('',*,*,#1850,.T.);
#2615=ORIENTED_EDGE('',*,*,#1848,.T.);
#2616=ORIENTED_EDGE('',*,*,#1846,.T.);
#2617=ORIENTED_EDGE('',*,*,#1843,.T.);
#2618=ORIENTED_EDGE('',*,*,#1841,.T.);
#2619=ORIENTED_EDGE('',*,*,#1839,.T.);
#2620=ORIENTED_EDGE('',*,*,#1837,.T.);
#2621=ORIENTED_EDGE('',*,*,#1853,.F.);
#2622=ORIENTED_EDGE('',*,*,#1854,.F.);
#2623=ORIENTED_EDGE('',*,*,#1855,.F.);
#2624=ORIENTED_EDGE('',*,*,#1856,.F.);
#2625=ORIENTED_EDGE('',*,*,#1857,.F.);
#2626=ORIENTED_EDGE('',*,*,#1858,.F.);
#2627=ORIENTED_EDGE('',*,*,#1859,.F.);
#2628=ORIENTED_EDGE('',*,*,#1860,.F.);
#2629=ORIENTED_EDGE('',*,*,#1861,.F.);
#2630=ORIENTED_EDGE('',*,*,#1862,.F.);
#2631=ORIENTED_EDGE('',*,*,#1863,.F.);
#2632=ORIENTED_EDGE('',*,*,#1864,.F.);
#2633=ORIENTED_EDGE('',*,*,#1865,.F.);
#2634=ORIENTED_EDGE('',*,*,#1866,.F.);
#2635=ORIENTED_EDGE('',*,*,#1867,.F.);
#2636=ORIENTED_EDGE('',*,*,#1868,.F.);
#2637=ORIENTED_EDGE('',*,*,#1858,.T.);
#2638=ORIENTED_EDGE('',*,*,#1869,.T.);
#2639=ORIENTED_EDGE('',*,*,#1863,.T.);
#2640=ORIENTED_EDGE('',*,*,#1870,.F.);
#2641=ORIENTED_EDGE('',*,*,#1855,.T.);
#2642=ORIENTED_EDGE('',*,*,#1871,.T.);
#2643=ORIENTED_EDGE('',*,*,#1868,.T.);
#2644=ORIENTED_EDGE('',*,*,#1872,.F.);
#2645=ORIENTED_EDGE('',*,*,#1854,.T.);
#2646=ORIENTED_EDGE('',*,*,#1873,.F.);
#2647=ORIENTED_EDGE('',*,*,#1874,.T.);
#2648=ORIENTED_EDGE('',*,*,#1875,.F.);
#2649=ORIENTED_EDGE('',*,*,#1876,.F.);
#2650=ORIENTED_EDGE('',*,*,#1877,.F.);
#2651=ORIENTED_EDGE('',*,*,#1878,.F.);
#2652=ORIENTED_EDGE('',*,*,#1879,.F.);
#2653=ORIENTED_EDGE('',*,*,#1880,.F.);
#2654=ORIENTED_EDGE('',*,*,#1881,.F.);
#2655=ORIENTED_EDGE('',*,*,#1882,.F.);
#2656=ORIENTED_EDGE('',*,*,#1883,.F.);
#2657=ORIENTED_EDGE('',*,*,#1884,.T.);
#2658=ORIENTED_EDGE('',*,*,#1885,.F.);
#2659=ORIENTED_EDGE('',*,*,#1864,.T.);
#2660=ORIENTED_EDGE('',*,*,#1869,.F.);
#2661=ORIENTED_EDGE('',*,*,#1857,.T.);
#2662=ORIENTED_EDGE('',*,*,#1886,.F.);
#2663=ORIENTED_EDGE('',*,*,#1865,.T.);
#2664=ORIENTED_EDGE('',*,*,#1871,.F.);
#2665=ORIENTED_EDGE('',*,*,#1874,.F.);
#2666=ORIENTED_EDGE('',*,*,#1887,.T.);
#2667=ORIENTED_EDGE('',*,*,#1888,.F.);
#2668=ORIENTED_EDGE('',*,*,#1889,.F.);
#2669=ORIENTED_EDGE('',*,*,#1884,.F.);
#2670=ORIENTED_EDGE('',*,*,#1890,.F.);
#2671=ORIENTED_EDGE('',*,*,#1891,.T.);
#2672=ORIENTED_EDGE('',*,*,#1892,.T.);
#2673=ORIENTED_EDGE('',*,*,#1853,.T.);
#2674=ORIENTED_EDGE('',*,*,#1893,.F.);
#2675=ORIENTED_EDGE('',*,*,#1861,.T.);
#2676=ORIENTED_EDGE('',*,*,#1885,.T.);
#2677=ORIENTED_EDGE('',*,*,#1892,.F.);
#2678=ORIENTED_EDGE('',*,*,#1894,.F.);
#2679=ORIENTED_EDGE('',*,*,#1887,.F.);
#2680=ORIENTED_EDGE('',*,*,#1873,.T.);
#2681=ORIENTED_EDGE('',*,*,#1895,.F.);
#2682=ORIENTED_EDGE('',*,*,#1888,.T.);
#2683=ORIENTED_EDGE('',*,*,#1894,.T.);
#2684=ORIENTED_EDGE('',*,*,#1891,.F.);
#2685=ORIENTED_EDGE('',*,*,#1860,.T.);
#2686=ORIENTED_EDGE('',*,*,#1896,.F.);
#2687=ORIENTED_EDGE('',*,*,#1866,.T.);
#2688=ORIENTED_EDGE('',*,*,#1886,.T.);
#2689=ORIENTED_EDGE('',*,*,#1877,.T.);
#2690=ORIENTED_EDGE('',*,*,#1897,.T.);
#2691=ORIENTED_EDGE('',*,*,#1898,.F.);
#2692=ORIENTED_EDGE('',*,*,#1899,.F.);
#2693=ORIENTED_EDGE('',*,*,#1878,.T.);
#2694=ORIENTED_EDGE('',*,*,#1899,.T.);
#2695=ORIENTED_EDGE('',*,*,#1900,.F.);
#2696=ORIENTED_EDGE('',*,*,#1901,.F.);
#2697=ORIENTED_EDGE('',*,*,#1879,.T.);
#2698=ORIENTED_EDGE('',*,*,#1901,.T.);
#2699=ORIENTED_EDGE('',*,*,#1902,.F.);
#2700=ORIENTED_EDGE('',*,*,#1903,.F.);
#2701=ORIENTED_EDGE('',*,*,#1880,.T.);
#2702=ORIENTED_EDGE('',*,*,#1903,.T.);
#2703=ORIENTED_EDGE('',*,*,#1904,.F.);
#2704=ORIENTED_EDGE('',*,*,#1905,.F.);
#2705=ORIENTED_EDGE('',*,*,#1881,.T.);
#2706=ORIENTED_EDGE('',*,*,#1905,.T.);
#2707=ORIENTED_EDGE('',*,*,#1906,.F.);
#2708=ORIENTED_EDGE('',*,*,#1907,.F.);
#2709=ORIENTED_EDGE('',*,*,#1882,.T.);
#2710=ORIENTED_EDGE('',*,*,#1907,.T.);
#2711=ORIENTED_EDGE('',*,*,#1908,.F.);
#2712=ORIENTED_EDGE('',*,*,#1909,.F.);
#2713=ORIENTED_EDGE('',*,*,#1890,.T.);
#2714=ORIENTED_EDGE('',*,*,#1883,.T.);
#2715=ORIENTED_EDGE('',*,*,#1909,.T.);
#2716=ORIENTED_EDGE('',*,*,#1910,.F.);
#2717=ORIENTED_EDGE('',*,*,#1911,.F.);
#2718=ORIENTED_EDGE('',*,*,#1875,.T.);
#2719=ORIENTED_EDGE('',*,*,#1889,.T.);
#2720=ORIENTED_EDGE('',*,*,#1895,.T.);
#2721=ORIENTED_EDGE('',*,*,#1876,.T.);
#2722=ORIENTED_EDGE('',*,*,#1911,.T.);
#2723=ORIENTED_EDGE('',*,*,#1912,.F.);
#2724=ORIENTED_EDGE('',*,*,#1897,.F.);
#2725=ORIENTED_EDGE('',*,*,#1912,.T.);
#2726=ORIENTED_EDGE('',*,*,#1910,.T.);
#2727=ORIENTED_EDGE('',*,*,#1908,.T.);
#2728=ORIENTED_EDGE('',*,*,#1906,.T.);
#2729=ORIENTED_EDGE('',*,*,#1904,.T.);
#2730=ORIENTED_EDGE('',*,*,#1902,.T.);
#2731=ORIENTED_EDGE('',*,*,#1900,.T.);
#2732=ORIENTED_EDGE('',*,*,#1898,.T.);
#2733=ORIENTED_EDGE('',*,*,#1856,.T.);
#2734=ORIENTED_EDGE('',*,*,#1872,.T.);
#2735=ORIENTED_EDGE('',*,*,#1867,.T.);
#2736=ORIENTED_EDGE('',*,*,#1896,.T.);
#2737=ORIENTED_EDGE('',*,*,#1859,.T.);
#2738=ORIENTED_EDGE('',*,*,#1870,.T.);
#2739=ORIENTED_EDGE('',*,*,#1862,.T.);
#2740=ORIENTED_EDGE('',*,*,#1893,.T.);
#2741=ORIENTED_EDGE('',*,*,#1913,.T.);
#2742=ORIENTED_EDGE('',*,*,#1914,.F.);
#2743=ORIENTED_EDGE('',*,*,#1915,.T.);
#2744=ORIENTED_EDGE('',*,*,#1913,.F.);
#2745=ORIENTED_EDGE('',*,*,#1915,.F.);
#2746=ORIENTED_EDGE('',*,*,#1914,.T.);
#2747=ORIENTED_EDGE('',*,*,#1916,.T.);
#2748=ORIENTED_EDGE('',*,*,#1917,.F.);
#2749=ORIENTED_EDGE('',*,*,#1918,.T.);
#2750=ORIENTED_EDGE('',*,*,#1916,.F.);
#2751=ORIENTED_EDGE('',*,*,#1918,.F.);
#2752=ORIENTED_EDGE('',*,*,#1917,.T.);
#2753=ORIENTED_EDGE('',*,*,#1919,.T.);
#2754=ORIENTED_EDGE('',*,*,#1920,.F.);
#2755=ORIENTED_EDGE('',*,*,#1921,.T.);
#2756=ORIENTED_EDGE('',*,*,#1919,.F.);
#2757=ORIENTED_EDGE('',*,*,#1921,.F.);
#2758=ORIENTED_EDGE('',*,*,#1920,.T.);
#2759=ORIENTED_EDGE('',*,*,#1922,.T.);
#2760=ORIENTED_EDGE('',*,*,#1923,.F.);
#2761=ORIENTED_EDGE('',*,*,#1924,.T.);
#2762=ORIENTED_EDGE('',*,*,#1922,.F.);
#2763=ORIENTED_EDGE('',*,*,#1924,.F.);
#2764=ORIENTED_EDGE('',*,*,#1923,.T.);
#2765=CYLINDRICAL_SURFACE('',#2991,9.);
#2766=CYLINDRICAL_SURFACE('',#2996,9.);
#2767=CYLINDRICAL_SURFACE('',#3002,9.);
#2768=CYLINDRICAL_SURFACE('',#3007,1.86);
#2769=CYLINDRICAL_SURFACE('',#3017,1.86);
#2770=CYLINDRICAL_SURFACE('',#3027,1.86);
#2771=CYLINDRICAL_SURFACE('',#3044,0.8115);
#2772=CYLINDRICAL_SURFACE('',#3048,0.8115);
#2773=CYLINDRICAL_SURFACE('',#3052,0.8115);
#2774=CYLINDRICAL_SURFACE('',#3056,0.8115);
#2775=CYLINDRICAL_SURFACE('',#3067,0.500000000000025);
#2776=CYLINDRICAL_SURFACE('',#3070,0.500000000000007);
#2777=CYLINDRICAL_SURFACE('',#3073,0.500000000000009);
#2778=CYLINDRICAL_SURFACE('',#3076,0.500000000000025);
#2779=CYLINDRICAL_SURFACE('',#3091,9.);
#2780=CYLINDRICAL_SURFACE('',#3095,0.8115);
#2781=CYLINDRICAL_SURFACE('',#3099,0.8115);
#2782=CYLINDRICAL_SURFACE('',#3105,0.8115);
#2783=CYLINDRICAL_SURFACE('',#3109,0.8115);
#2784=CYLINDRICAL_SURFACE('',#3122,1.);
#2785=CYLINDRICAL_SURFACE('',#3124,1.5);
#2786=CYLINDRICAL_SURFACE('',#3127,1.);
#2787=CYLINDRICAL_SURFACE('',#3130,1.);
#2788=CYLINDRICAL_SURFACE('',#3135,0.500000000000025);
#2789=CYLINDRICAL_SURFACE('',#3139,0.500000000000009);
#2790=CYLINDRICAL_SURFACE('',#3143,0.500000000000025);
#2791=CYLINDRICAL_SURFACE('',#3147,0.500000000000007);
#2792=CYLINDRICAL_SURFACE('',#3158,1.99999999999999);
#2793=CYLINDRICAL_SURFACE('',#3160,1.99999999999999);
#2794=CYLINDRICAL_SURFACE('',#3162,2.00000000000001);
#2795=CYLINDRICAL_SURFACE('',#3163,2.00000000000001);
#2796=CYLINDRICAL_SURFACE('',#3164,0.8115);
#2797=CYLINDRICAL_SURFACE('',#3167,0.8115);
#2798=CYLINDRICAL_SURFACE('',#3170,0.8115);
#2799=CYLINDRICAL_SURFACE('',#3173,0.8115);
#2800=CYLINDRICAL_SURFACE('',#3177,1.99999999999942);
#2801=CYLINDRICAL_SURFACE('',#3181,1.99999999999999);
#2802=CYLINDRICAL_SURFACE('',#3185,2.);
#2803=CYLINDRICAL_SURFACE('',#3189,2.00000000000001);
#2804=CYLINDRICAL_SURFACE('',#3198,0.223606792751978);
#2805=CYLINDRICAL_SURFACE('',#3200,0.223499999999994);
#2806=CYLINDRICAL_SURFACE('',#3202,0.223606792751978);
#2807=CYLINDRICAL_SURFACE('',#3204,0.223606792751978);
#2808=CYLINDRICAL_SURFACE('',#3211,0.8115);
#2809=CYLINDRICAL_SURFACE('',#3214,0.8115);
#2810=CYLINDRICAL_SURFACE('',#3217,0.8115);
#2811=CYLINDRICAL_SURFACE('',#3220,0.8115);
#2812=CYLINDRICAL_SURFACE('',#3230,1.5);
#2813=CYLINDRICAL_SURFACE('',#3233,1.);
#2814=CYLINDRICAL_SURFACE('',#3240,1.99999999999999);
#2815=CYLINDRICAL_SURFACE('',#3243,1.99999999999999);
#2816=CYLINDRICAL_SURFACE('',#3246,2.00000000000001);
#2817=CYLINDRICAL_SURFACE('',#3249,2.00000000000001);
#2818=CYLINDRICAL_SURFACE('',#3254,0.223606792751978);
#2819=CYLINDRICAL_SURFACE('',#3259,0.223606792751978);
#2820=CYLINDRICAL_SURFACE('',#3264,0.223499999999994);
#2821=CYLINDRICAL_SURFACE('',#3269,0.223606792751978);
#2822=ADVANCED_FACE('',(#162),#2765,.F.);
#2823=ADVANCED_FACE('',(#163),#2766,.F.);
#2824=ADVANCED_FACE('',(#164),#60,.T.);
#2825=ADVANCED_FACE('',(#165),#2767,.F.);
#2826=ADVANCED_FACE('',(#166),#2768,.F.);
#2827=ADVANCED_FACE('',(#167),#61,.T.);
#2828=ADVANCED_FACE('',(#168),#62,.T.);
#2829=ADVANCED_FACE('',(#169),#63,.F.);
#2830=ADVANCED_FACE('',(#170),#64,.T.);
#2831=ADVANCED_FACE('',(#171,#31),#65,.T.);
#2832=ADVANCED_FACE('',(#172,#32),#66,.F.);
#2833=ADVANCED_FACE('',(#173),#67,.T.);
#2834=ADVANCED_FACE('',(#174),#2769,.F.);
#2835=ADVANCED_FACE('',(#175),#68,.T.);
#2836=ADVANCED_FACE('',(#176),#69,.T.);
#2837=ADVANCED_FACE('',(#177),#70,.F.);
#2838=ADVANCED_FACE('',(#178),#71,.T.);
#2839=ADVANCED_FACE('',(#179,#33),#72,.T.);
#2840=ADVANCED_FACE('',(#180,#34),#73,.F.);
#2841=ADVANCED_FACE('',(#181),#74,.T.);
#2842=ADVANCED_FACE('',(#182),#2770,.F.);
#2843=ADVANCED_FACE('',(#183),#75,.T.);
#2844=ADVANCED_FACE('',(#184),#76,.T.);
#2845=ADVANCED_FACE('',(#185),#77,.T.);
#2846=ADVANCED_FACE('',(#186,#35),#78,.T.);
#2847=ADVANCED_FACE('',(#187,#36),#79,.F.);
#2848=ADVANCED_FACE('',(#188),#80,.T.);
#2849=ADVANCED_FACE('',(#189),#81,.T.);
#2850=ADVANCED_FACE('',(#190),#82,.F.);
#2851=ADVANCED_FACE('',(#191),#83,.T.);
#2852=ADVANCED_FACE('',(#192),#84,.F.);
#2853=ADVANCED_FACE('',(#193),#85,.F.);
#2854=ADVANCED_FACE('',(#194),#86,.T.);
#2855=ADVANCED_FACE('',(#195),#87,.T.);
#2856=ADVANCED_FACE('',(#196),#2771,.F.);
#2857=ADVANCED_FACE('',(#197),#88,.T.);
#2858=ADVANCED_FACE('',(#198),#2772,.F.);
#2859=ADVANCED_FACE('',(#199),#89,.T.);
#2860=ADVANCED_FACE('',(#200),#2773,.F.);
#2861=ADVANCED_FACE('',(#201),#90,.T.);
#2862=ADVANCED_FACE('',(#202),#2774,.F.);
#2863=ADVANCED_FACE('',(#203,#37),#91,.T.);
#2864=ADVANCED_FACE('',(#204),#92,.T.);
#2865=ADVANCED_FACE('',(#205),#93,.F.);
#2866=ADVANCED_FACE('',(#206),#94,.F.);
#2867=ADVANCED_FACE('',(#207),#2775,.F.);
#2868=ADVANCED_FACE('',(#208),#95,.F.);
#2869=ADVANCED_FACE('',(#209),#2776,.F.);
#2870=ADVANCED_FACE('',(#210),#96,.F.);
#2871=ADVANCED_FACE('',(#211),#2777,.F.);
#2872=ADVANCED_FACE('',(#212),#97,.F.);
#2873=ADVANCED_FACE('',(#213),#2778,.F.);
#2874=ADVANCED_FACE('',(#214),#98,.T.);
#2875=ADVANCED_FACE('',(#215),#99,.T.);
#2876=ADVANCED_FACE('',(#216),#100,.F.);
#2877=ADVANCED_FACE('',(#217),#101,.T.);
#2878=ADVANCED_FACE('',(#218),#102,.T.);
#2879=ADVANCED_FACE('',(#219),#103,.T.);
#2880=ADVANCED_FACE('',(#220),#104,.T.);
#2881=ADVANCED_FACE('',(#221),#105,.T.);
#2882=ADVANCED_FACE('',(#222,#38),#106,.T.);
#2883=ADVANCED_FACE('',(#223),#107,.T.);
#2884=ADVANCED_FACE('',(#224),#108,.T.);
#2885=ADVANCED_FACE('',(#225),#2779,.F.);
#2886=ADVANCED_FACE('',(#226),#109,.F.);
#2887=ADVANCED_FACE('',(#227),#110,.T.);
#2888=ADVANCED_FACE('',(#228),#2780,.F.);
#2889=ADVANCED_FACE('',(#229),#111,.T.);
#2890=ADVANCED_FACE('',(#230),#2781,.F.);
#2891=ADVANCED_FACE('',(#231),#112,.T.);
#2892=ADVANCED_FACE('',(#232),#113,.T.);
#2893=ADVANCED_FACE('',(#233),#2782,.F.);
#2894=ADVANCED_FACE('',(#234),#114,.T.);
#2895=ADVANCED_FACE('',(#235),#2783,.F.);
#2896=ADVANCED_FACE('',(#236),#115,.T.);
#2897=ADVANCED_FACE('',(#237),#116,.T.);
#2898=ADVANCED_FACE('',(#238),#117,.T.);
#2899=ADVANCED_FACE('',(#239),#2784,.F.);
#2900=ADVANCED_FACE('',(#240),#2785,.F.);
#2901=ADVANCED_FACE('',(#241),#118,.F.);
#2902=ADVANCED_FACE('',(#242),#2786,.F.);
#2903=ADVANCED_FACE('',(#243),#119,.F.);
#2904=ADVANCED_FACE('',(#244),#2787,.F.);
#2905=ADVANCED_FACE('',(#245),#120,.F.);
#2906=ADVANCED_FACE('',(#246),#121,.T.);
#2907=ADVANCED_FACE('',(#247),#122,.F.);
#2908=ADVANCED_FACE('',(#248),#2788,.F.);
#2909=ADVANCED_FACE('',(#249),#123,.F.);
#2910=ADVANCED_FACE('',(#250),#2789,.F.);
#2911=ADVANCED_FACE('',(#251),#124,.F.);
#2912=ADVANCED_FACE('',(#252),#2790,.F.);
#2913=ADVANCED_FACE('',(#253),#125,.F.);
#2914=ADVANCED_FACE('',(#254),#2791,.F.);
#2915=ADVANCED_FACE('',(#255,#39),#126,.F.);
#2916=ADVANCED_FACE('',(#256),#127,.T.);
#2917=ADVANCED_FACE('',(#257,#40),#128,.T.);
#2918=ADVANCED_FACE('',(#258),#129,.T.);
#2919=ADVANCED_FACE('',(#259),#2792,.T.);
#2920=ADVANCED_FACE('',(#260),#130,.T.);
#2921=ADVANCED_FACE('',(#261),#2793,.T.);
#2922=ADVANCED_FACE('',(#262,#41),#131,.T.);
#2923=ADVANCED_FACE('',(#263),#2794,.T.);
#2924=ADVANCED_FACE('',(#264),#2795,.T.);
#2925=ADVANCED_FACE('',(#265),#2796,.F.);
#2926=ADVANCED_FACE('',(#266),#2797,.F.);
#2927=ADVANCED_FACE('',(#267),#2798,.F.);
#2928=ADVANCED_FACE('',(#268),#2799,.F.);
#2929=ADVANCED_FACE('',(#269),#132,.T.);
#2930=ADVANCED_FACE('',(#270),#2800,.T.);
#2931=ADVANCED_FACE('',(#271),#133,.T.);
#2932=ADVANCED_FACE('',(#272),#2801,.T.);
#2933=ADVANCED_FACE('',(#273),#134,.T.);
#2934=ADVANCED_FACE('',(#274),#2802,.T.);
#2935=ADVANCED_FACE('',(#275),#135,.T.);
#2936=ADVANCED_FACE('',(#276),#2803,.T.);
#2937=ADVANCED_FACE('',(#277,#42,#43,#44,#45,#46,#47,#48,#49),#136,.T.);
#2938=ADVANCED_FACE('',(#278,#50,#51,#52,#53,#54),#137,.F.);
#2939=ADVANCED_FACE('',(#279),#2804,.F.);
#2940=ADVANCED_FACE('',(#280),#2805,.F.);
#2941=ADVANCED_FACE('',(#281),#2806,.F.);
#2942=ADVANCED_FACE('',(#282),#2807,.F.);
#2943=ADVANCED_FACE('',(#283),#138,.T.);
#2944=ADVANCED_FACE('',(#284),#139,.T.);
#2945=ADVANCED_FACE('',(#285),#140,.T.);
#2946=ADVANCED_FACE('',(#286),#141,.T.);
#2947=ADVANCED_FACE('',(#287,#55,#56,#57,#58),#142,.F.);
#2948=ADVANCED_FACE('',(#288),#2808,.F.);
#2949=ADVANCED_FACE('',(#289),#2809,.F.);
#2950=ADVANCED_FACE('',(#290),#2810,.F.);
#2951=ADVANCED_FACE('',(#291),#2811,.F.);
#2952=ADVANCED_FACE('',(#292),#143,.T.);
#2953=ADVANCED_FACE('',(#293),#144,.T.);
#2954=ADVANCED_FACE('',(#294),#145,.F.);
#2955=ADVANCED_FACE('',(#295),#2812,.F.);
#2956=ADVANCED_FACE('',(#296),#2813,.F.);
#2957=ADVANCED_FACE('',(#297),#146,.T.);
#2958=ADVANCED_FACE('',(#298),#147,.F.);
#2959=ADVANCED_FACE('',(#299),#148,.T.);
#2960=ADVANCED_FACE('',(#300),#149,.T.);
#2961=ADVANCED_FACE('',(#301),#2814,.T.);
#2962=ADVANCED_FACE('',(#302),#150,.T.);
#2963=ADVANCED_FACE('',(#303),#2815,.T.);
#2964=ADVANCED_FACE('',(#304),#151,.T.);
#2965=ADVANCED_FACE('',(#305),#2816,.T.);
#2966=ADVANCED_FACE('',(#306),#152,.T.);
#2967=ADVANCED_FACE('',(#307),#2817,.T.);
#2968=ADVANCED_FACE('',(#308,#59),#153,.T.);
#2969=ADVANCED_FACE('',(#309),#154,.F.);
#2970=ADVANCED_FACE('',(#310),#2818,.T.);
#2971=ADVANCED_FACE('',(#311),#155,.T.);
#2972=ADVANCED_FACE('',(#312),#156,.F.);
#2973=ADVANCED_FACE('',(#313),#2819,.T.);
#2974=ADVANCED_FACE('',(#314),#157,.T.);
#2975=ADVANCED_FACE('',(#315),#158,.F.);
#2976=ADVANCED_FACE('',(#316),#2820,.T.);
#2977=ADVANCED_FACE('',(#317),#159,.T.);
#2978=ADVANCED_FACE('',(#318),#160,.F.);
#2979=ADVANCED_FACE('',(#319),#2821,.T.);
#2980=ADVANCED_FACE('',(#320),#161,.T.);
#2981=CLOSED_SHELL('',(#2822,#2823,#2824,#2825,#2826,#2827,#2828,#2829,
#2830,#2831,#2832,#2833,#2834,#2835,#2836,#2837,#2838,#2839,#2840,#2841,
#2842,#2843,#2844,#2845,#2846,#2847,#2848,#2849,#2850,#2851,#2852,#2853,
#2854));
#2982=CLOSED_SHELL('',(#2855,#2856,#2857,#2858,#2859,#2860,#2861,#2862,
#2863,#2864,#2865,#2866,#2867,#2868,#2869,#2870,#2871,#2872,#2873,#2874,
#2875,#2876,#2877,#2878,#2879,#2880,#2881,#2882,#2883,#2884,#2885,#2886,
#2887));
#2983=CLOSED_SHELL('',(#2888,#2889,#2890,#2891,#2892,#2893,#2894,#2895,
#2896,#2897,#2898,#2899,#2900,#2901,#2902,#2903,#2904,#2905,#2906,#2907,
#2908,#2909,#2910,#2911,#2912,#2913,#2914,#2915,#2916,#2917,#2918,#2919,
#2920,#2921,#2922,#2923,#2924));
#2984=CLOSED_SHELL('',(#2925,#2926,#2927,#2928,#2929,#2930,#2931,#2932,
#2933,#2934,#2935,#2936,#2937,#2938,#2939,#2940,#2941,#2942,#2943,#2944,
#2945,#2946,#2947));
#2985=CLOSED_SHELL('',(#2948,#2949,#2950,#2951,#2952,#2953,#2954,#2955,
#2956,#2957,#2958,#2959,#2960,#2961,#2962,#2963,#2964,#2965,#2966,#2967,
#2968));
#2986=CLOSED_SHELL('',(#2969,#2970,#2971));
#2987=CLOSED_SHELL('',(#2972,#2973,#2974));
#2988=CLOSED_SHELL('',(#2975,#2976,#2977));
#2989=CLOSED_SHELL('',(#2978,#2979,#2980));
#2990=AXIS2_PLACEMENT_3D('',#4134,#3272,#3273);
#2991=AXIS2_PLACEMENT_3D('',#4135,#3274,#3275);
#2992=AXIS2_PLACEMENT_3D('',#4138,#3276,#3277);
#2993=AXIS2_PLACEMENT_3D('',#4142,#3279,#3280);
#2994=AXIS2_PLACEMENT_3D('',#4144,#3281,#3282);
#2995=AXIS2_PLACEMENT_3D('',#4147,#3284,#3285);
#2996=AXIS2_PLACEMENT_3D('',#4148,#3286,#3287);
#2997=AXIS2_PLACEMENT_3D('',#4151,#3288,#3289);
#2998=AXIS2_PLACEMENT_3D('',#4155,#3291,#3292);
#2999=AXIS2_PLACEMENT_3D('',#4157,#3293,#3294);
#3000=AXIS2_PLACEMENT_3D('',#4160,#3296,#3297);
#3001=AXIS2_PLACEMENT_3D('',#4161,#3298,#3299);
#3002=AXIS2_PLACEMENT_3D('',#4194,#3316,#3317);
#3003=AXIS2_PLACEMENT_3D('',#4197,#3318,#3319);
#3004=AXIS2_PLACEMENT_3D('',#4201,#3321,#3322);
#3005=AXIS2_PLACEMENT_3D('',#4203,#3323,#3324);
#3006=AXIS2_PLACEMENT_3D('',#4206,#3326,#3327);
#3007=AXIS2_PLACEMENT_3D('',#4207,#3328,#3329);
#3008=AXIS2_PLACEMENT_3D('',#4209,#3330,#3331);
#3009=AXIS2_PLACEMENT_3D('',#4212,#3333,#3334);
#3010=AXIS2_PLACEMENT_3D('',#4213,#3335,#3336);
#3011=AXIS2_PLACEMENT_3D('',#4219,#3340,#3341);
#3012=AXIS2_PLACEMENT_3D('',#4223,#3344,#3345);
#3013=AXIS2_PLACEMENT_3D('',#4227,#3348,#3349);
#3014=AXIS2_PLACEMENT_3D('',#4230,#3352,#3353);
#3015=AXIS2_PLACEMENT_3D('',#4232,#3355,#3356);
#3016=AXIS2_PLACEMENT_3D('',#4234,#3358,#3359);
#3017=AXIS2_PLACEMENT_3D('',#4239,#3363,#3364);
#3018=AXIS2_PLACEMENT_3D('',#4241,#3365,#3366);
#3019=AXIS2_PLACEMENT_3D('',#4244,#3368,#3369);
#3020=AXIS2_PLACEMENT_3D('',#4245,#3370,#3371);
#3021=AXIS2_PLACEMENT_3D('',#4251,#3375,#3376);
#3022=AXIS2_PLACEMENT_3D('',#4255,#3379,#3380);
#3023=AXIS2_PLACEMENT_3D('',#4259,#3383,#3384);
#3024=AXIS2_PLACEMENT_3D('',#4262,#3387,#3388);
#3025=AXIS2_PLACEMENT_3D('',#4264,#3390,#3391);
#3026=AXIS2_PLACEMENT_3D('',#4266,#3393,#3394);
#3027=AXIS2_PLACEMENT_3D('',#4268,#3396,#3397);
#3028=AXIS2_PLACEMENT_3D('',#4270,#3398,#3399);
#3029=AXIS2_PLACEMENT_3D('',#4273,#3401,#3402);
#3030=AXIS2_PLACEMENT_3D('',#4274,#3403,#3404);
#3031=AXIS2_PLACEMENT_3D('',#4280,#3408,#3409);
#3032=AXIS2_PLACEMENT_3D('',#4282,#3411,#3412);
#3033=AXIS2_PLACEMENT_3D('',#4285,#3415,#3416);
#3034=AXIS2_PLACEMENT_3D('',#4286,#3417,#3418);
#3035=AXIS2_PLACEMENT_3D('',#4288,#3420,#3421);
#3036=AXIS2_PLACEMENT_3D('',#4292,#3424,#3425);
#3037=AXIS2_PLACEMENT_3D('',#4298,#3429,#3430);
#3038=AXIS2_PLACEMENT_3D('',#4302,#3433,#3434);
#3039=AXIS2_PLACEMENT_3D('',#4307,#3438,#3439);
#3040=AXIS2_PLACEMENT_3D('',#4309,#3441,#3442);
#3041=AXIS2_PLACEMENT_3D('',#4310,#3443,#3444);
#3042=AXIS2_PLACEMENT_3D('',#4311,#3445,#3446);
#3043=AXIS2_PLACEMENT_3D('',#4316,#3448,#3449);
#3044=AXIS2_PLACEMENT_3D('',#4318,#3451,#3452);
#3045=AXIS2_PLACEMENT_3D('',#4322,#3454,#3455);
#3046=AXIS2_PLACEMENT_3D('',#4324,#3457,#3458);
#3047=AXIS2_PLACEMENT_3D('',#4329,#3460,#3461);
#3048=AXIS2_PLACEMENT_3D('',#4331,#3463,#3464);
#3049=AXIS2_PLACEMENT_3D('',#4335,#3466,#3467);
#3050=AXIS2_PLACEMENT_3D('',#4337,#3469,#3470);
#3051=AXIS2_PLACEMENT_3D('',#4342,#3472,#3473);
#3052=AXIS2_PLACEMENT_3D('',#4344,#3475,#3476);
#3053=AXIS2_PLACEMENT_3D('',#4348,#3478,#3479);
#3054=AXIS2_PLACEMENT_3D('',#4350,#3481,#3482);
#3055=AXIS2_PLACEMENT_3D('',#4355,#3484,#3485);
#3056=AXIS2_PLACEMENT_3D('',#4357,#3487,#3488);
#3057=AXIS2_PLACEMENT_3D('',#4361,#3490,#3491);
#3058=AXIS2_PLACEMENT_3D('',#4363,#3493,#3494);
#3059=AXIS2_PLACEMENT_3D('',#4374,#3500,#3501);
#3060=AXIS2_PLACEMENT_3D('',#4378,#3503,#3504);
#3061=AXIS2_PLACEMENT_3D('',#4382,#3506,#3507);
#3062=AXIS2_PLACEMENT_3D('',#4385,#3509,#3510);
#3063=AXIS2_PLACEMENT_3D('',#4386,#3511,#3512);
#3064=AXIS2_PLACEMENT_3D('',#4393,#3517,#3518);
#3065=AXIS2_PLACEMENT_3D('',#4403,#3523,#3524);
#3066=AXIS2_PLACEMENT_3D('',#4405,#3526,#3527);
#3067=AXIS2_PLACEMENT_3D('',#4411,#3531,#3532);
#3068=AXIS2_PLACEMENT_3D('',#4413,#3533,#3534);
#3069=AXIS2_PLACEMENT_3D('',#4415,#3536,#3537);
#3070=AXIS2_PLACEMENT_3D('',#4419,#3540,#3541);
#3071=AXIS2_PLACEMENT_3D('',#4421,#3542,#3543);
#3072=AXIS2_PLACEMENT_3D('',#4423,#3545,#3546);
#3073=AXIS2_PLACEMENT_3D('',#4427,#3549,#3550);
#3074=AXIS2_PLACEMENT_3D('',#4429,#3551,#3552);
#3075=AXIS2_PLACEMENT_3D('',#4431,#3554,#3555);
#3076=AXIS2_PLACEMENT_3D('',#4435,#3558,#3559);
#3077=AXIS2_PLACEMENT_3D('',#4436,#3560,#3561);
#3078=AXIS2_PLACEMENT_3D('',#4437,#3562,#3563);
#3079=AXIS2_PLACEMENT_3D('',#4441,#3566,#3567);
#3080=AXIS2_PLACEMENT_3D('',#4451,#3573,#3574);
#3081=AXIS2_PLACEMENT_3D('',#4455,#3576,#3577);
#3082=AXIS2_PLACEMENT_3D('',#4457,#3579,#3580);
#3083=AXIS2_PLACEMENT_3D('',#4461,#3583,#3584);
#3084=AXIS2_PLACEMENT_3D('',#4467,#3588,#3589);
#3085=AXIS2_PLACEMENT_3D('',#4479,#3596,#3597);
#3086=AXIS2_PLACEMENT_3D('',#4481,#3599,#3600);
#3087=AXIS2_PLACEMENT_3D('',#4484,#3603,#3604);
#3088=AXIS2_PLACEMENT_3D('',#4486,#3606,#3607);
#3089=AXIS2_PLACEMENT_3D('',#4488,#3608,#3609);
#3090=AXIS2_PLACEMENT_3D('',#4490,#3611,#3612);
#3091=AXIS2_PLACEMENT_3D('',#4492,#3614,#3615);
#3092=AXIS2_PLACEMENT_3D('',#4494,#3616,#3617);
#3093=AXIS2_PLACEMENT_3D('',#4496,#3619,#3620);
#3094=AXIS2_PLACEMENT_3D('',#4498,#3622,#3623);
#3095=AXIS2_PLACEMENT_3D('',#4499,#3624,#3625);
#3096=AXIS2_PLACEMENT_3D('',#4504,#3627,#3628);
#3097=AXIS2_PLACEMENT_3D('',#4507,#3630,#3631);
#3098=AXIS2_PLACEMENT_3D('',#4508,#3632,#3633);
#3099=AXIS2_PLACEMENT_3D('',#4512,#3636,#3637);
#3100=AXIS2_PLACEMENT_3D('',#4517,#3639,#3640);
#3101=AXIS2_PLACEMENT_3D('',#4520,#3642,#3643);
#3102=AXIS2_PLACEMENT_3D('',#4521,#3644,#3645);
#3103=AXIS2_PLACEMENT_3D('',#4525,#3648,#3649);
#3104=AXIS2_PLACEMENT_3D('',#4530,#3651,#3652);
#3105=AXIS2_PLACEMENT_3D('',#4532,#3654,#3655);
#3106=AXIS2_PLACEMENT_3D('',#4536,#3657,#3658);
#3107=AXIS2_PLACEMENT_3D('',#4538,#3660,#3661);
#3108=AXIS2_PLACEMENT_3D('',#4543,#3663,#3664);
#3109=AXIS2_PLACEMENT_3D('',#4545,#3666,#3667);
#3110=AXIS2_PLACEMENT_3D('',#4549,#3669,#3670);
#3111=AXIS2_PLACEMENT_3D('',#4551,#3672,#3673);
#3112=AXIS2_PLACEMENT_3D('',#4555,#3675,#3676);
#3113=AXIS2_PLACEMENT_3D('',#4559,#3678,#3679);
#3114=AXIS2_PLACEMENT_3D('',#4563,#3681,#3682);
#3115=AXIS2_PLACEMENT_3D('',#4567,#3684,#3685);
#3116=AXIS2_PLACEMENT_3D('',#4574,#3690,#3691);
#3117=AXIS2_PLACEMENT_3D('',#4583,#3697,#3698);
#3118=AXIS2_PLACEMENT_3D('',#4587,#3700,#3701);
#3119=AXIS2_PLACEMENT_3D('',#4591,#3703,#3704);
#3120=AXIS2_PLACEMENT_3D('',#4595,#3706,#3707);
#3121=AXIS2_PLACEMENT_3D('',#4599,#3710,#3711);
#3122=AXIS2_PLACEMENT_3D('',#4605,#3715,#3716);
#3123=AXIS2_PLACEMENT_3D('',#4608,#3718,#3719);
#3124=AXIS2_PLACEMENT_3D('',#4609,#3720,#3721);
#3125=AXIS2_PLACEMENT_3D('',#4611,#3722,#3723);
#3126=AXIS2_PLACEMENT_3D('',#4613,#3725,#3726);
#3127=AXIS2_PLACEMENT_3D('',#4617,#3729,#3730);
#3128=AXIS2_PLACEMENT_3D('',#4619,#3731,#3732);
#3129=AXIS2_PLACEMENT_3D('',#4621,#3734,#3735);
#3130=AXIS2_PLACEMENT_3D('',#4625,#3738,#3739);
#3131=AXIS2_PLACEMENT_3D('',#4627,#3740,#3741);
#3132=AXIS2_PLACEMENT_3D('',#4629,#3743,#3744);
#3133=AXIS2_PLACEMENT_3D('',#4631,#3746,#3747);
#3134=AXIS2_PLACEMENT_3D('',#4637,#3751,#3752);
#3135=AXIS2_PLACEMENT_3D('',#4646,#3757,#3758);
#3136=AXIS2_PLACEMENT_3D('',#4648,#3759,#3760);
#3137=AXIS2_PLACEMENT_3D('',#4650,#3761,#3762);
#3138=AXIS2_PLACEMENT_3D('',#4652,#3764,#3765);
#3139=AXIS2_PLACEMENT_3D('',#4658,#3769,#3770);
#3140=AXIS2_PLACEMENT_3D('',#4660,#3771,#3772);
#3141=AXIS2_PLACEMENT_3D('',#4662,#3773,#3774);
#3142=AXIS2_PLACEMENT_3D('',#4664,#3776,#3777);
#3143=AXIS2_PLACEMENT_3D('',#4670,#3781,#3782);
#3144=AXIS2_PLACEMENT_3D('',#4672,#3783,#3784);
#3145=AXIS2_PLACEMENT_3D('',#4675,#3786,#3787);
#3146=AXIS2_PLACEMENT_3D('',#4676,#3788,#3789);
#3147=AXIS2_PLACEMENT_3D('',#4682,#3793,#3794);
#3148=AXIS2_PLACEMENT_3D('',#4683,#3795,#3796);
#3149=AXIS2_PLACEMENT_3D('',#4684,#3797,#3798);
#3150=AXIS2_PLACEMENT_3D('',#4685,#3799,#3800);
#3151=AXIS2_PLACEMENT_3D('',#4687,#3801,#3802);
#3152=AXIS2_PLACEMENT_3D('',#4691,#3804,#3805);
#3153=AXIS2_PLACEMENT_3D('',#4695,#3807,#3808);
#3154=AXIS2_PLACEMENT_3D('',#4698,#3810,#3811);
#3155=AXIS2_PLACEMENT_3D('',#4701,#3814,#3815);
#3156=AXIS2_PLACEMENT_3D('',#4702,#3816,#3817);
#3157=AXIS2_PLACEMENT_3D('',#4703,#3818,#3819);
#3158=AXIS2_PLACEMENT_3D('',#4706,#3822,#3823);
#3159=AXIS2_PLACEMENT_3D('',#4708,#3825,#3826);
#3160=AXIS2_PLACEMENT_3D('',#4710,#3828,#3829);
#3161=AXIS2_PLACEMENT_3D('',#4712,#3831,#3832);
#3162=AXIS2_PLACEMENT_3D('',#4714,#3834,#3835);
#3163=AXIS2_PLACEMENT_3D('',#4715,#3836,#3837);
#3164=AXIS2_PLACEMENT_3D('',#4716,#3838,#3839);
#3165=AXIS2_PLACEMENT_3D('',#4718,#3840,#3841);
#3166=AXIS2_PLACEMENT_3D('',#4721,#3843,#3844);
#3167=AXIS2_PLACEMENT_3D('',#4722,#3845,#3846);
#3168=AXIS2_PLACEMENT_3D('',#4724,#3847,#3848);
#3169=AXIS2_PLACEMENT_3D('',#4727,#3850,#3851);
#3170=AXIS2_PLACEMENT_3D('',#4728,#3852,#3853);
#3171=AXIS2_PLACEMENT_3D('',#4730,#3854,#3855);
#3172=AXIS2_PLACEMENT_3D('',#4733,#3857,#3858);
#3173=AXIS2_PLACEMENT_3D('',#4734,#3859,#3860);
#3174=AXIS2_PLACEMENT_3D('',#4736,#3861,#3862);
#3175=AXIS2_PLACEMENT_3D('',#4739,#3864,#3865);
#3176=AXIS2_PLACEMENT_3D('',#4740,#3866,#3867);
#3177=AXIS2_PLACEMENT_3D('',#4749,#3872,#3873);
#3178=AXIS2_PLACEMENT_3D('',#4751,#3874,#3875);
#3179=AXIS2_PLACEMENT_3D('',#4753,#3876,#3877);
#3180=AXIS2_PLACEMENT_3D('',#4755,#3879,#3880);
#3181=AXIS2_PLACEMENT_3D('',#4761,#3884,#3885);
#3182=AXIS2_PLACEMENT_3D('',#4763,#3886,#3887);
#3183=AXIS2_PLACEMENT_3D('',#4765,#3888,#3889);
#3184=AXIS2_PLACEMENT_3D('',#4767,#3891,#3892);
#3185=AXIS2_PLACEMENT_3D('',#4773,#3896,#3897);
#3186=AXIS2_PLACEMENT_3D('',#4775,#3898,#3899);
#3187=AXIS2_PLACEMENT_3D('',#4777,#3900,#3901);
#3188=AXIS2_PLACEMENT_3D('',#4779,#3903,#3904);
#3189=AXIS2_PLACEMENT_3D('',#4785,#3908,#3909);
#3190=AXIS2_PLACEMENT_3D('',#4786,#3910,#3911);
#3191=AXIS2_PLACEMENT_3D('',#4787,#3912,#3913);
#3192=AXIS2_PLACEMENT_3D('',#4788,#3914,#3915);
#3193=AXIS2_PLACEMENT_3D('',#4790,#3916,#3917);
#3194=AXIS2_PLACEMENT_3D('',#4792,#3918,#3919);
#3195=AXIS2_PLACEMENT_3D('',#4794,#3920,#3921);
#3196=AXIS2_PLACEMENT_3D('',#4796,#3922,#3923);
#3197=AXIS2_PLACEMENT_3D('',#4797,#3924,#3925);
#3198=AXIS2_PLACEMENT_3D('',#4806,#3930,#3931);
#3199=AXIS2_PLACEMENT_3D('',#4808,#3932,#3933);
#3200=AXIS2_PLACEMENT_3D('',#4810,#3935,#3936);
#3201=AXIS2_PLACEMENT_3D('',#4812,#3937,#3938);
#3202=AXIS2_PLACEMENT_3D('',#4814,#3940,#3941);
#3203=AXIS2_PLACEMENT_3D('',#4816,#3942,#3943);
#3204=AXIS2_PLACEMENT_3D('',#4818,#3945,#3946);
#3205=AXIS2_PLACEMENT_3D('',#4820,#3947,#3948);
#3206=AXIS2_PLACEMENT_3D('',#4822,#3950,#3951);
#3207=AXIS2_PLACEMENT_3D('',#4828,#3955,#3956);
#3208=AXIS2_PLACEMENT_3D('',#4832,#3959,#3960);
#3209=AXIS2_PLACEMENT_3D('',#4836,#3963,#3964);
#3210=AXIS2_PLACEMENT_3D('',#4838,#3966,#3967);
#3211=AXIS2_PLACEMENT_3D('',#4839,#3968,#3969);
#3212=AXIS2_PLACEMENT_3D('',#4844,#3971,#3972);
#3213=AXIS2_PLACEMENT_3D('',#4847,#3974,#3975);
#3214=AXIS2_PLACEMENT_3D('',#4848,#3976,#3977);
#3215=AXIS2_PLACEMENT_3D('',#4851,#3978,#3979);
#3216=AXIS2_PLACEMENT_3D('',#4855,#3981,#3982);
#3217=AXIS2_PLACEMENT_3D('',#4857,#3984,#3985);
#3218=AXIS2_PLACEMENT_3D('',#4862,#3987,#3988);
#3219=AXIS2_PLACEMENT_3D('',#4865,#3990,#3991);
#3220=AXIS2_PLACEMENT_3D('',#4866,#3992,#3993);
#3221=AXIS2_PLACEMENT_3D('',#4869,#3994,#3995);
#3222=AXIS2_PLACEMENT_3D('',#4873,#3997,#3998);
#3223=AXIS2_PLACEMENT_3D('',#4875,#4000,#4001);
#3224=AXIS2_PLACEMENT_3D('',#4878,#4004,#4005);
#3225=AXIS2_PLACEMENT_3D('',#4881,#4008,#4009);
#3226=AXIS2_PLACEMENT_3D('',#4889,#4013,#4014);
#3227=AXIS2_PLACEMENT_3D('',#4893,#4016,#4017);
#3228=AXIS2_PLACEMENT_3D('',#4897,#4019,#4020);
#3229=AXIS2_PLACEMENT_3D('',#4901,#4022,#4023);
#3230=AXIS2_PLACEMENT_3D('',#4908,#4028,#4029);
#3231=AXIS2_PLACEMENT_3D('',#4910,#4030,#4031);
#3232=AXIS2_PLACEMENT_3D('',#4913,#4033,#4034);
#3233=AXIS2_PLACEMENT_3D('',#4914,#4035,#4036);
#3234=AXIS2_PLACEMENT_3D('',#4916,#4037,#4038);
#3235=AXIS2_PLACEMENT_3D('',#4919,#4040,#4041);
#3236=AXIS2_PLACEMENT_3D('',#4920,#4042,#4043);
#3237=AXIS2_PLACEMENT_3D('',#4923,#4046,#4047);
#3238=AXIS2_PLACEMENT_3D('',#4925,#4049,#4050);
#3239=AXIS2_PLACEMENT_3D('',#4927,#4052,#4053);
#3240=AXIS2_PLACEMENT_3D('',#4933,#4057,#4058);
#3241=AXIS2_PLACEMENT_3D('',#4935,#4059,#4060);
#3242=AXIS2_PLACEMENT_3D('',#4937,#4062,#4063);
#3243=AXIS2_PLACEMENT_3D('',#4941,#4066,#4067);
#3244=AXIS2_PLACEMENT_3D('',#4943,#4068,#4069);
#3245=AXIS2_PLACEMENT_3D('',#4945,#4071,#4072);
#3246=AXIS2_PLACEMENT_3D('',#4949,#4075,#4076);
#3247=AXIS2_PLACEMENT_3D('',#4951,#4077,#4078);
#3248=AXIS2_PLACEMENT_3D('',#4953,#4080,#4081);
#3249=AXIS2_PLACEMENT_3D('',#4957,#4084,#4085);
#3250=AXIS2_PLACEMENT_3D('',#4958,#4086,#4087);
#3251=AXIS2_PLACEMENT_3D('',#4959,#4088,#4089);
#3252=AXIS2_PLACEMENT_3D('',#4960,#4090,#4091);
#3253=AXIS2_PLACEMENT_3D('',#4962,#4092,#4093);
#3254=AXIS2_PLACEMENT_3D('',#4963,#4094,#4095);
#3255=AXIS2_PLACEMENT_3D('',#4965,#4096,#4097);
#3256=AXIS2_PLACEMENT_3D('',#4967,#4099,#4100);
#3257=AXIS2_PLACEMENT_3D('',#4968,#4101,#4102);
#3258=AXIS2_PLACEMENT_3D('',#4970,#4103,#4104);
#3259=AXIS2_PLACEMENT_3D('',#4971,#4105,#4106);
#3260=AXIS2_PLACEMENT_3D('',#4973,#4107,#4108);
#3261=AXIS2_PLACEMENT_3D('',#4975,#4110,#4111);
#3262=AXIS2_PLACEMENT_3D('',#4976,#4112,#4113);
#3263=AXIS2_PLACEMENT_3D('',#4978,#4114,#4115);
#3264=AXIS2_PLACEMENT_3D('',#4979,#4116,#4117);
#3265=AXIS2_PLACEMENT_3D('',#4981,#4118,#4119);
#3266=AXIS2_PLACEMENT_3D('',#4983,#4121,#4122);
#3267=AXIS2_PLACEMENT_3D('',#4984,#4123,#4124);
#3268=AXIS2_PLACEMENT_3D('',#4986,#4125,#4126);
#3269=AXIS2_PLACEMENT_3D('',#4987,#4127,#4128);
#3270=AXIS2_PLACEMENT_3D('',#4989,#4129,#4130);
#3271=AXIS2_PLACEMENT_3D('',#4991,#4132,#4133);
#3272=DIRECTION('axis',(0.,0.,1.));
#3273=DIRECTION('refdir',(1.,0.,0.));
#3274=DIRECTION('center_axis',(1.,0.,0.));
#3275=DIRECTION('ref_axis',(0.,0.,-1.));
#3276=DIRECTION('center_axis',(1.,0.,0.));
#3277=DIRECTION('ref_axis',(0.,0.,-1.));
#3278=DIRECTION('',(1.,0.,0.));
#3279=DIRECTION('center_axis',(-1.,0.,0.));
#3280=DIRECTION('ref_axis',(0.,0.,-1.));
#3281=DIRECTION('center_axis',(-1.,0.,0.));
#3282=DIRECTION('ref_axis',(0.,0.,-1.));
#3283=DIRECTION('',(1.,0.,0.));
#3284=DIRECTION('center_axis',(1.,0.,0.));
#3285=DIRECTION('ref_axis',(0.,0.,-1.));
#3286=DIRECTION('center_axis',(1.,0.,0.));
#3287=DIRECTION('ref_axis',(0.,0.,-1.));
#3288=DIRECTION('center_axis',(1.,0.,0.));
#3289=DIRECTION('ref_axis',(0.,0.,-1.));
#3290=DIRECTION('',(1.,0.,0.));
#3291=DIRECTION('center_axis',(-1.,0.,0.));
#3292=DIRECTION('ref_axis',(0.,0.,-1.));
#3293=DIRECTION('center_axis',(-1.,0.,0.));
#3294=DIRECTION('ref_axis',(0.,0.,-1.));
#3295=DIRECTION('',(1.,0.,0.));
#3296=DIRECTION('center_axis',(1.,0.,0.));
#3297=DIRECTION('ref_axis',(0.,0.,-1.));
#3298=DIRECTION('center_axis',(-6.25477751031856E-17,0.,-1.));
#3299=DIRECTION('ref_axis',(-1.,3.12738875515928E-17,6.25477751031856E-17));
#3300=DIRECTION('',(0.,1.,0.));
#3301=DIRECTION('',(1.,0.,0.));
#3302=DIRECTION('',(0.,1.,0.));
#3303=DIRECTION('',(-1.,3.12738875515928E-17,6.25477751031856E-17));
#3304=DIRECTION('',(0.,-1.,0.));
#3305=DIRECTION('',(1.,-3.12738875515928E-17,-6.25477751031856E-17));
#3306=DIRECTION('',(0.,1.,0.));
#3307=DIRECTION('',(-1.,3.12738875515928E-17,6.25477751031856E-17));
#3308=DIRECTION('',(0.,1.,0.));
#3309=DIRECTION('',(1.,0.,0.));
#3310=DIRECTION('',(0.,1.,0.));
#3311=DIRECTION('',(-1.,3.12738875515928E-17,6.25477751031856E-17));
#3312=DIRECTION('',(0.,1.,0.));
#3313=DIRECTION('',(1.,0.,0.));
#3314=DIRECTION('',(0.,1.,0.));
#3315=DIRECTION('',(-1.,3.12738875515928E-17,6.25477751031856E-17));
#3316=DIRECTION('center_axis',(1.,0.,0.));
#3317=DIRECTION('ref_axis',(0.,0.,-1.));
#3318=DIRECTION('center_axis',(1.,0.,0.));
#3319=DIRECTION('ref_axis',(0.,0.,-1.));
#3320=DIRECTION('',(1.,0.,0.));
#3321=DIRECTION('center_axis',(-1.,0.,0.));
#3322=DIRECTION('ref_axis',(0.,0.,-1.));
#3323=DIRECTION('center_axis',(-1.,0.,0.));
#3324=DIRECTION('ref_axis',(0.,0.,-1.));
#3325=DIRECTION('',(1.,0.,0.));
#3326=DIRECTION('center_axis',(1.,0.,0.));
#3327=DIRECTION('ref_axis',(0.,0.,-1.));
#3328=DIRECTION('center_axis',(-1.,0.,2.22044604925031E-16));
#3329=DIRECTION('ref_axis',(0.,1.,0.));
#3330=DIRECTION('center_axis',(-1.,0.,0.));
#3331=DIRECTION('ref_axis',(0.,1.,0.));
#3332=DIRECTION('',(-1.,0.,2.22044604925031E-16));
#3333=DIRECTION('center_axis',(1.,0.,0.));
#3334=DIRECTION('ref_axis',(0.,1.,0.));
#3335=DIRECTION('center_axis',(0.,1.,0.));
#3336=DIRECTION('ref_axis',(0.,0.,1.));
#3337=DIRECTION('',(0.,0.,-1.));
#3338=DIRECTION('',(1.,0.,0.));
#3339=DIRECTION('',(0.,0.,1.));
#3340=DIRECTION('center_axis',(1.,0.,0.));
#3341=DIRECTION('ref_axis',(0.,0.,-1.));
#3342=DIRECTION('',(0.,-1.,0.));
#3343=DIRECTION('',(0.,0.,1.));
#3344=DIRECTION('center_axis',(1.,0.,0.));
#3345=DIRECTION('ref_axis',(0.,0.,-1.));
#3346=DIRECTION('',(0.,-1.,0.));
#3347=DIRECTION('',(0.,0.,-1.));
#3348=DIRECTION('center_axis',(0.,1.,0.));
#3349=DIRECTION('ref_axis',(0.,0.,1.));
#3350=DIRECTION('',(0.,0.,-1.));
#3351=DIRECTION('',(0.,0.,1.));
#3352=DIRECTION('center_axis',(1.,0.,0.));
#3353=DIRECTION('ref_axis',(0.,0.,-1.));
#3354=DIRECTION('',(0.,0.,1.));
#3355=DIRECTION('center_axis',(1.,0.,0.));
#3356=DIRECTION('ref_axis',(0.,0.,-1.));
#3357=DIRECTION('',(0.,0.,-1.));
#3358=DIRECTION('center_axis',(6.25477751031856E-17,1.,0.));
#3359=DIRECTION('ref_axis',(1.,-6.25477751031856E-17,0.));
#3360=DIRECTION('',(0.,0.,1.));
#3361=DIRECTION('',(0.,0.,1.));
#3362=DIRECTION('',(1.,-6.25477751031856E-17,6.25477751031856E-17));
#3363=DIRECTION('center_axis',(-1.,0.,2.22044604925031E-16));
#3364=DIRECTION('ref_axis',(0.,1.,0.));
#3365=DIRECTION('center_axis',(-1.,0.,0.));
#3366=DIRECTION('ref_axis',(0.,1.,0.));
#3367=DIRECTION('',(-1.,0.,2.22044604925031E-16));
#3368=DIRECTION('center_axis',(1.,0.,0.));
#3369=DIRECTION('ref_axis',(0.,1.,0.));
#3370=DIRECTION('center_axis',(0.,1.,0.));
#3371=DIRECTION('ref_axis',(0.,0.,1.));
#3372=DIRECTION('',(0.,0.,-1.));
#3373=DIRECTION('',(1.,0.,0.));
#3374=DIRECTION('',(0.,0.,1.));
#3375=DIRECTION('center_axis',(1.,0.,0.));
#3376=DIRECTION('ref_axis',(0.,0.,-1.));
#3377=DIRECTION('',(0.,-1.,0.));
#3378=DIRECTION('',(0.,0.,1.));
#3379=DIRECTION('center_axis',(1.,0.,0.));
#3380=DIRECTION('ref_axis',(0.,0.,-1.));
#3381=DIRECTION('',(0.,-1.,0.));
#3382=DIRECTION('',(0.,0.,-1.));
#3383=DIRECTION('center_axis',(0.,1.,0.));
#3384=DIRECTION('ref_axis',(0.,0.,1.));
#3385=DIRECTION('',(0.,0.,-1.));
#3386=DIRECTION('',(0.,0.,1.));
#3387=DIRECTION('center_axis',(1.,0.,0.));
#3388=DIRECTION('ref_axis',(0.,0.,-1.));
#3389=DIRECTION('',(0.,0.,1.));
#3390=DIRECTION('center_axis',(1.,0.,0.));
#3391=DIRECTION('ref_axis',(0.,0.,-1.));
#3392=DIRECTION('',(0.,0.,-1.));
#3393=DIRECTION('center_axis',(6.25477751031856E-17,1.,0.));
#3394=DIRECTION('ref_axis',(1.,-6.25477751031856E-17,0.));
#3395=DIRECTION('',(1.,-6.25477751031856E-17,6.25477751031856E-17));
#3396=DIRECTION('center_axis',(-1.,0.,2.22044604925031E-16));
#3397=DIRECTION('ref_axis',(0.,1.,0.));
#3398=DIRECTION('center_axis',(-1.,0.,0.));
#3399=DIRECTION('ref_axis',(0.,1.,0.));
#3400=DIRECTION('',(-1.,0.,2.22044604925031E-16));
#3401=DIRECTION('center_axis',(1.,0.,0.));
#3402=DIRECTION('ref_axis',(0.,1.,0.));
#3403=DIRECTION('center_axis',(0.,1.,0.));
#3404=DIRECTION('ref_axis',(0.,0.,1.));
#3405=DIRECTION('',(0.,0.,-1.));
#3406=DIRECTION('',(1.,0.,0.));
#3407=DIRECTION('',(0.,0.,1.));
#3408=DIRECTION('center_axis',(1.,0.,0.));
#3409=DIRECTION('ref_axis',(0.,0.,-1.));
#3410=DIRECTION('',(0.,-1.,0.));
#3411=DIRECTION('center_axis',(0.,1.,0.));
#3412=DIRECTION('ref_axis',(0.,0.,1.));
#3413=DIRECTION('',(0.,0.,-1.));
#3414=DIRECTION('',(0.,0.,1.));
#3415=DIRECTION('center_axis',(1.,0.,0.));
#3416=DIRECTION('ref_axis',(0.,0.,-1.));
#3417=DIRECTION('center_axis',(1.,0.,0.));
#3418=DIRECTION('ref_axis',(0.,0.,-1.));
#3419=DIRECTION('',(0.,0.,-1.));
#3420=DIRECTION('center_axis',(6.25477751031856E-17,1.,0.));
#3421=DIRECTION('ref_axis',(1.,-6.25477751031856E-17,0.));
#3422=DIRECTION('',(1.,-6.25477751031856E-17,6.25477751031856E-17));
#3423=DIRECTION('',(0.,0.,-1.));
#3424=DIRECTION('center_axis',(6.25477751031856E-17,1.,0.));
#3425=DIRECTION('ref_axis',(1.,-6.25477751031856E-17,0.));
#3426=DIRECTION('',(0.,0.,1.));
#3427=DIRECTION('',(1.,-6.25477751031856E-17,6.25477751031856E-17));
#3428=DIRECTION('',(0.,0.,-1.));
#3429=DIRECTION('center_axis',(-1.,0.,0.));
#3430=DIRECTION('ref_axis',(0.,-1.,0.));
#3431=DIRECTION('',(0.,1.,0.));
#3432=DIRECTION('',(0.,0.,1.));
#3433=DIRECTION('center_axis',(-6.25477751031856E-17,0.,1.));
#3434=DIRECTION('ref_axis',(1.,-6.25477751031856E-17,6.25477751031856E-17));
#3435=DIRECTION('',(0.,-1.,0.));
#3436=DIRECTION('',(0.,1.,0.));
#3437=DIRECTION('',(-1.,6.25477751031856E-17,-6.25477751031856E-17));
#3438=DIRECTION('center_axis',(6.25477751031856E-17,1.,0.));
#3439=DIRECTION('ref_axis',(1.,-6.25477751031856E-17,0.));
#3440=DIRECTION('',(0.,0.,-1.));
#3441=DIRECTION('center_axis',(1.,0.,-2.22044604925031E-16));
#3442=DIRECTION('ref_axis',(-2.22044604925031E-16,0.,-1.));
#3443=DIRECTION('center_axis',(-1.,0.,0.));
#3444=DIRECTION('ref_axis',(0.,0.,1.));
#3445=DIRECTION('center_axis',(0.,1.,0.));
#3446=DIRECTION('ref_axis',(1.,0.,0.));
#3447=DIRECTION('',(0.,0.,-1.));
#3448=DIRECTION('center_axis',(0.,-1.,0.));
#3449=DIRECTION('ref_axis',(1.,0.,0.));
#3450=DIRECTION('',(1.,0.,0.));
#3451=DIRECTION('center_axis',(0.,-1.,0.));
#3452=DIRECTION('ref_axis',(1.,0.,0.));
#3453=DIRECTION('',(0.,1.,0.));
#3454=DIRECTION('center_axis',(0.,-1.,0.));
#3455=DIRECTION('ref_axis',(1.,0.,0.));
#3456=DIRECTION('',(0.,1.,0.));
#3457=DIRECTION('center_axis',(0.,1.,0.));
#3458=DIRECTION('ref_axis',(1.,0.,0.));
#3459=DIRECTION('',(0.,0.,1.));
#3460=DIRECTION('center_axis',(0.,-1.,0.));
#3461=DIRECTION('ref_axis',(1.,0.,0.));
#3462=DIRECTION('',(-1.,0.,0.));
#3463=DIRECTION('center_axis',(0.,-1.,0.));
#3464=DIRECTION('ref_axis',(1.,0.,0.));
#3465=DIRECTION('',(0.,1.,0.));
#3466=DIRECTION('center_axis',(0.,-1.,0.));
#3467=DIRECTION('ref_axis',(1.,0.,0.));
#3468=DIRECTION('',(0.,1.,0.));
#3469=DIRECTION('center_axis',(0.,1.,0.));
#3470=DIRECTION('ref_axis',(1.,0.,0.));
#3471=DIRECTION('',(-1.,0.,0.));
#3472=DIRECTION('center_axis',(0.,-1.,0.));
#3473=DIRECTION('ref_axis',(1.,0.,0.));
#3474=DIRECTION('',(0.,0.,-1.));
#3475=DIRECTION('center_axis',(0.,-1.,0.));
#3476=DIRECTION('ref_axis',(1.,0.,0.));
#3477=DIRECTION('',(0.,-1.,0.));
#3478=DIRECTION('center_axis',(0.,-1.,0.));
#3479=DIRECTION('ref_axis',(1.,0.,0.));
#3480=DIRECTION('',(0.,-1.,0.));
#3481=DIRECTION('center_axis',(0.,1.,0.));
#3482=DIRECTION('ref_axis',(1.,0.,0.));
#3483=DIRECTION('',(1.,0.,0.));
#3484=DIRECTION('center_axis',(0.,-1.,0.));
#3485=DIRECTION('ref_axis',(1.,0.,0.));
#3486=DIRECTION('',(0.,0.,1.));
#3487=DIRECTION('center_axis',(0.,-1.,0.));
#3488=DIRECTION('ref_axis',(1.,0.,0.));
#3489=DIRECTION('',(0.,-1.,0.));
#3490=DIRECTION('center_axis',(0.,-1.,0.));
#3491=DIRECTION('ref_axis',(1.,0.,0.));
#3492=DIRECTION('',(0.,-1.,0.));
#3493=DIRECTION('center_axis',(0.,0.,1.));
#3494=DIRECTION('ref_axis',(0.,-1.,0.));
#3495=DIRECTION('',(1.,0.,0.));
#3496=DIRECTION('',(0.,-1.,0.));
#3497=DIRECTION('',(1.,0.,0.));
#3498=DIRECTION('',(0.,1.,0.));
#3499=DIRECTION('',(-4.0252562770125E-31,1.,0.));
#3500=DIRECTION('center_axis',(0.,0.,-1.));
#3501=DIRECTION('ref_axis',(2.2444084115564E-30,1.,-3.42721020645157E-15));
#3502=DIRECTION('',(1.,-2.24514844687184E-30,0.));
#3503=DIRECTION('center_axis',(0.,0.,-1.));
#3504=DIRECTION('ref_axis',(1.,5.32907051820049E-14,7.72329060608622E-16));
#3505=DIRECTION('',(4.0252562770125E-31,-1.,0.));
#3506=DIRECTION('center_axis',(0.,0.,-1.));
#3507=DIRECTION('ref_axis',(7.10542735760065E-14,-1.,3.42721020645163E-15));
#3508=DIRECTION('',(-1.,-6.53072367426568E-16,0.));
#3509=DIRECTION('center_axis',(0.,0.,-1.));
#3510=DIRECTION('ref_axis',(-1.,-1.77635683940023E-14,-7.72329060608744E-16));
#3511=DIRECTION('center_axis',(0.,0.,-1.));
#3512=DIRECTION('ref_axis',(0.,1.,0.));
#3513=DIRECTION('',(-1.,0.,0.));
#3514=DIRECTION('',(0.,-1.,0.));
#3515=DIRECTION('',(1.,0.,0.));
#3516=DIRECTION('',(0.,1.,0.));
#3517=DIRECTION('center_axis',(-1.,0.,0.));
#3518=DIRECTION('ref_axis',(0.,-1.,0.));
#3519=DIRECTION('',(0.,0.,-1.));
#3520=DIRECTION('',(0.,1.,1.80226142290718E-16));
#3521=DIRECTION('',(0.,0.,-1.));
#3522=DIRECTION('',(0.,1.,0.));
#3523=DIRECTION('center_axis',(1.,0.,0.));
#3524=DIRECTION('ref_axis',(0.,0.,-1.));
#3525=DIRECTION('',(0.,0.,1.));
#3526=DIRECTION('center_axis',(1.,4.0252562770125E-31,7.72329060608805E-16));
#3527=DIRECTION('ref_axis',(2.24832298242789E-30,1.,-3.43227873367804E-15));
#3528=DIRECTION('',(-7.72329060608805E-16,3.42721020645157E-15,1.));
#3529=DIRECTION('',(-4.0252562770125E-31,1.,0.));
#3530=DIRECTION('',(-7.72329060608805E-16,3.42721020645157E-15,1.));
#3531=DIRECTION('center_axis',(-7.72329060608805E-16,3.42721020645157E-15,
1.));
#3532=DIRECTION('ref_axis',(7.10542735760065E-14,-1.,3.42721020645163E-15));
#3533=DIRECTION('center_axis',(0.,0.,1.));
#3534=DIRECTION('ref_axis',(7.10542735760065E-14,-1.,3.42721020645163E-15));
#3535=DIRECTION('',(-7.72329060608805E-16,3.42721020645157E-15,1.));
#3536=DIRECTION('center_axis',(6.53072367426568E-16,-1.,3.42721020645157E-15));
#3537=DIRECTION('ref_axis',(1.,6.5307236742657E-16,6.26323074574894E-16));
#3538=DIRECTION('',(1.,6.53072367426568E-16,0.));
#3539=DIRECTION('',(-7.72329060608805E-16,3.42721020645157E-15,1.));
#3540=DIRECTION('center_axis',(-7.72329060608805E-16,3.42721020645157E-15,
1.));
#3541=DIRECTION('ref_axis',(-1.,-1.77635683940023E-14,-7.72329060608744E-16));
#3542=DIRECTION('center_axis',(0.,0.,1.));
#3543=DIRECTION('ref_axis',(-1.,-1.77635683940023E-14,-7.72329060608744E-16));
#3544=DIRECTION('',(-7.72329060608805E-16,3.42721020645157E-15,1.));
#3545=DIRECTION('center_axis',(-1.,-4.0252562770125E-31,-7.72329060608805E-16));
#3546=DIRECTION('ref_axis',(-2.24832298242789E-30,-1.,3.43227873367804E-15));
#3547=DIRECTION('',(4.0252562770125E-31,-1.,0.));
#3548=DIRECTION('',(-7.72329060608805E-16,3.42721020645157E-15,1.));
#3549=DIRECTION('center_axis',(-7.72329060608805E-16,3.42721020645157E-15,
1.));
#3550=DIRECTION('ref_axis',(2.2444084115564E-30,1.,-3.42721020645157E-15));
#3551=DIRECTION('center_axis',(0.,0.,1.));
#3552=DIRECTION('ref_axis',(2.2444084115564E-30,1.,-3.42721020645157E-15));
#3553=DIRECTION('',(-7.72329060608805E-16,3.42721020645157E-15,1.));
#3554=DIRECTION('center_axis',(2.24514844687184E-30,1.,-3.42721020645157E-15));
#3555=DIRECTION('ref_axis',(-1.,9.86076131526271E-32,-6.26323074574896E-16));
#3556=DIRECTION('',(-1.,2.24514844687184E-30,0.));
#3557=DIRECTION('',(-7.72329060608805E-16,3.42721020645157E-15,1.));
#3558=DIRECTION('center_axis',(-7.72329060608805E-16,3.42721020645157E-15,
1.));
#3559=DIRECTION('ref_axis',(1.,5.32907051820049E-14,7.72329060608622E-16));
#3560=DIRECTION('center_axis',(0.,0.,1.));
#3561=DIRECTION('ref_axis',(1.,5.32907051820049E-14,7.72329060608622E-16));
#3562=DIRECTION('center_axis',(0.,1.,0.));
#3563=DIRECTION('ref_axis',(0.,0.,1.));
#3564=DIRECTION('',(0.,0.,1.));
#3565=DIRECTION('',(1.,0.,0.));
#3566=DIRECTION('center_axis',(0.,1.,0.));
#3567=DIRECTION('ref_axis',(0.,0.,1.));
#3568=DIRECTION('',(0.,0.,-1.));
#3569=DIRECTION('',(-1.,0.,0.));
#3570=DIRECTION('',(0.,0.,1.));
#3571=DIRECTION('',(-1.,0.,0.));
#3572=DIRECTION('',(0.,0.,1.));
#3573=DIRECTION('center_axis',(-1.,0.,0.));
#3574=DIRECTION('ref_axis',(0.,-1.,0.));
#3575=DIRECTION('',(0.,0.,1.));
#3576=DIRECTION('center_axis',(1.,0.,0.));
#3577=DIRECTION('ref_axis',(0.,0.,-1.));
#3578=DIRECTION('',(0.,-1.,0.));
#3579=DIRECTION('center_axis',(0.,-1.,0.));
#3580=DIRECTION('ref_axis',(0.,0.,-1.));
#3581=DIRECTION('',(0.,0.,-1.));
#3582=DIRECTION('',(1.,0.,0.));
#3583=DIRECTION('center_axis',(0.,0.,1.));
#3584=DIRECTION('ref_axis',(0.,1.,0.));
#3585=DIRECTION('',(1.,0.,0.));
#3586=DIRECTION('',(0.,1.,0.));
#3587=DIRECTION('',(-1.,0.,0.));
#3588=DIRECTION('center_axis',(0.,1.,0.));
#3589=DIRECTION('ref_axis',(0.,0.,1.));
#3590=DIRECTION('',(-1.,0.,0.));
#3591=DIRECTION('',(0.,0.,1.));
#3592=DIRECTION('',(1.,0.,0.));
#3593=DIRECTION('',(0.,0.,-1.));
#3594=DIRECTION('',(1.,0.,0.));
#3595=DIRECTION('',(0.,0.,-1.));
#3596=DIRECTION('center_axis',(0.,-1.80226142290718E-16,1.));
#3597=DIRECTION('ref_axis',(-1.92241218443432E-15,-1.,-1.80226142290718E-16));
#3598=DIRECTION('',(0.,-1.,-1.80226142290718E-16));
#3599=DIRECTION('center_axis',(-1.,0.,0.));
#3600=DIRECTION('ref_axis',(0.,0.,1.));
#3601=DIRECTION('',(0.,-1.,0.));
#3602=DIRECTION('',(0.,1.,0.));
#3603=DIRECTION('center_axis',(0.,0.,-1.));
#3604=DIRECTION('ref_axis',(1.92241218443432E-15,1.,0.));
#3605=DIRECTION('',(0.,1.,0.));
#3606=DIRECTION('center_axis',(1.,0.,0.));
#3607=DIRECTION('ref_axis',(0.,1.,0.));
#3608=DIRECTION('center_axis',(1.,0.,0.));
#3609=DIRECTION('ref_axis',(0.,0.,-1.));
#3610=DIRECTION('',(0.,1.,0.));
#3611=DIRECTION('center_axis',(0.,0.,-1.));
#3612=DIRECTION('ref_axis',(0.,-1.,0.));
#3613=DIRECTION('',(1.,0.,0.));
#3614=DIRECTION('center_axis',(1.,0.,0.));
#3615=DIRECTION('ref_axis',(0.,1.,-2.83276944882399E-16));
#3616=DIRECTION('center_axis',(-1.,0.,0.));
#3617=DIRECTION('ref_axis',(0.,0.,-1.));
#3618=DIRECTION('',(1.,0.,0.));
#3619=DIRECTION('center_axis',(1.,0.,0.));
#3620=DIRECTION('ref_axis',(0.,0.,-1.));
#3621=DIRECTION('',(0.,0.,-1.));
#3622=DIRECTION('center_axis',(0.,-1.,0.));
#3623=DIRECTION('ref_axis',(0.,0.,-1.));
#3624=DIRECTION('center_axis',(0.,-1.,0.));
#3625=DIRECTION('ref_axis',(-0.630489852010983,0.,-0.776197491951094));
#3626=DIRECTION('',(0.,1.,0.));
#3627=DIRECTION('center_axis',(0.,-1.,0.));
#3628=DIRECTION('ref_axis',(1.,0.,0.));
#3629=DIRECTION('',(0.,-1.,0.));
#3630=DIRECTION('center_axis',(0.,-1.,0.));
#3631=DIRECTION('ref_axis',(1.,0.,0.));
#3632=DIRECTION('center_axis',(0.,1.,0.));
#3633=DIRECTION('ref_axis',(1.,0.,0.));
#3634=DIRECTION('',(0.,0.,1.));
#3635=DIRECTION('',(-1.,0.,0.));
#3636=DIRECTION('center_axis',(0.,-1.,0.));
#3637=DIRECTION('ref_axis',(0.623402023638703,0.,0.781901475202068));
#3638=DIRECTION('',(0.,1.,0.));
#3639=DIRECTION('center_axis',(0.,-1.,0.));
#3640=DIRECTION('ref_axis',(1.,0.,0.));
#3641=DIRECTION('',(0.,-1.,0.));
#3642=DIRECTION('center_axis',(0.,-1.,0.));
#3643=DIRECTION('ref_axis',(1.,0.,0.));
#3644=DIRECTION('center_axis',(0.,1.,0.));
#3645=DIRECTION('ref_axis',(1.,0.,0.));
#3646=DIRECTION('',(0.,0.,-1.));
#3647=DIRECTION('',(1.,0.,0.));
#3648=DIRECTION('center_axis',(0.,1.,0.));
#3649=DIRECTION('ref_axis',(1.,0.,0.));
#3650=DIRECTION('',(0.,0.,1.));
#3651=DIRECTION('center_axis',(0.,-1.,0.));
#3652=DIRECTION('ref_axis',(1.,0.,0.));
#3653=DIRECTION('',(1.,0.,0.));
#3654=DIRECTION('center_axis',(0.,-1.,0.));
#3655=DIRECTION('ref_axis',(-0.518732553372217,0.,0.854936569619022));
#3656=DIRECTION('',(0.,-1.,0.));
#3657=DIRECTION('center_axis',(0.,-1.,0.));
#3658=DIRECTION('ref_axis',(1.,0.,0.));
#3659=DIRECTION('',(0.,1.,0.));
#3660=DIRECTION('center_axis',(0.,1.,0.));
#3661=DIRECTION('ref_axis',(1.,0.,0.));
#3662=DIRECTION('',(0.,0.,-1.));
#3663=DIRECTION('center_axis',(0.,-1.,0.));
#3664=DIRECTION('ref_axis',(1.,0.,0.));
#3665=DIRECTION('',(-1.,0.,0.));
#3666=DIRECTION('center_axis',(0.,-1.,0.));
#3667=DIRECTION('ref_axis',(0.663763773925453,0.,-0.74794227880515));
#3668=DIRECTION('',(0.,-1.,0.));
#3669=DIRECTION('center_axis',(0.,-1.,0.));
#3670=DIRECTION('ref_axis',(1.,0.,0.));
#3671=DIRECTION('',(0.,1.,0.));
#3672=DIRECTION('center_axis',(1.,0.,0.));
#3673=DIRECTION('ref_axis',(0.,0.,-1.));
#3674=DIRECTION('',(0.,0.,-1.));
#3675=DIRECTION('center_axis',(1.,0.,0.));
#3676=DIRECTION('ref_axis',(0.,0.,-1.));
#3677=DIRECTION('',(0.,1.,0.));
#3678=DIRECTION('center_axis',(1.,0.,0.));
#3679=DIRECTION('ref_axis',(0.,-1.,1.11022302462516E-15));
#3680=DIRECTION('',(0.,-6.16790558002881E-17,-1.));
#3681=DIRECTION('center_axis',(1.,0.,0.));
#3682=DIRECTION('ref_axis',(0.,-1.66533453693773E-15,1.));
#3683=DIRECTION('',(0.,-1.,0.));
#3684=DIRECTION('center_axis',(1.,0.,0.));
#3685=DIRECTION('ref_axis',(0.,1.,0.));
#3686=DIRECTION('',(0.,0.,-1.));
#3687=DIRECTION('',(0.,1.,0.));
#3688=DIRECTION('',(0.,0.,1.));
#3689=DIRECTION('',(0.,1.,0.));
#3690=DIRECTION('center_axis',(0.,1.,0.));
#3691=DIRECTION('ref_axis',(1.,0.,0.));
#3692=DIRECTION('',(1.,0.,0.));
#3693=DIRECTION('',(0.,0.,1.));
#3694=DIRECTION('',(-1.,0.,0.));
#3695=DIRECTION('',(-1.,0.,0.));
#3696=DIRECTION('',(0.,0.,1.));
#3697=DIRECTION('center_axis',(0.,1.,0.));
#3698=DIRECTION('ref_axis',(-1.,0.,6.6613381477509E-15));
#3699=DIRECTION('',(1.,0.,-6.43607540360866E-17));
#3700=DIRECTION('center_axis',(0.,1.,0.));
#3701=DIRECTION('ref_axis',(0.,0.,1.));
#3702=DIRECTION('',(0.,0.,-1.));
#3703=DIRECTION('center_axis',(0.,1.,0.));
#3704=DIRECTION('ref_axis',(1.,0.,5.68989300120395E-15));
#3705=DIRECTION('',(-1.,0.,0.));
#3706=DIRECTION('center_axis',(0.,1.,0.));
#3707=DIRECTION('ref_axis',(-4.4408920985006E-15,0.,-1.));
#3708=DIRECTION('',(0.,0.,1.));
#3709=DIRECTION('',(1.,0.,0.));
#3710=DIRECTION('center_axis',(-1.,0.,0.));
#3711=DIRECTION('ref_axis',(0.,0.,1.));
#3712=DIRECTION('',(0.,1.,0.));
#3713=DIRECTION('',(0.,0.,-1.));
#3714=DIRECTION('',(0.,-1.,0.));
#3715=DIRECTION('center_axis',(1.,0.,0.));
#3716=DIRECTION('ref_axis',(0.,1.,0.));
#3717=DIRECTION('',(1.,0.,0.));
#3718=DIRECTION('center_axis',(1.,0.,0.));
#3719=DIRECTION('ref_axis',(0.,1.,0.));
#3720=DIRECTION('center_axis',(1.,0.,0.));
#3721=DIRECTION('ref_axis',(0.,0.,-1.));
#3722=DIRECTION('center_axis',(1.,0.,0.));
#3723=DIRECTION('ref_axis',(0.,0.,-1.));
#3724=DIRECTION('',(1.,0.,0.));
#3725=DIRECTION('center_axis',(0.,0.,1.));
#3726=DIRECTION('ref_axis',(0.,-1.,0.));
#3727=DIRECTION('',(0.,-1.,0.));
#3728=DIRECTION('',(1.,0.,0.));
#3729=DIRECTION('center_axis',(1.,0.,0.));
#3730=DIRECTION('ref_axis',(0.,-1.66533453693773E-15,1.));
#3731=DIRECTION('center_axis',(1.,0.,0.));
#3732=DIRECTION('ref_axis',(0.,-1.66533453693773E-15,1.));
#3733=DIRECTION('',(1.,0.,0.));
#3734=DIRECTION('center_axis',(0.,-1.,6.16790558002881E-17));
#3735=DIRECTION('ref_axis',(0.,-6.16790558002881E-17,-1.));
#3736=DIRECTION('',(0.,-6.16790558002881E-17,-1.));
#3737=DIRECTION('',(1.,0.,0.));
#3738=DIRECTION('center_axis',(1.,0.,0.));
#3739=DIRECTION('ref_axis',(0.,-1.,1.11022302462516E-15));
#3740=DIRECTION('center_axis',(1.,0.,0.));
#3741=DIRECTION('ref_axis',(0.,-1.,1.11022302462516E-15));
#3742=DIRECTION('',(1.,0.,0.));
#3743=DIRECTION('center_axis',(0.,0.,-1.));
#3744=DIRECTION('ref_axis',(0.,1.,0.));
#3745=DIRECTION('',(0.,1.,0.));
#3746=DIRECTION('center_axis',(-1.,0.,0.));
#3747=DIRECTION('ref_axis',(0.,0.,1.));
#3748=DIRECTION('',(0.,1.,0.));
#3749=DIRECTION('',(0.,0.,-1.));
#3750=DIRECTION('',(0.,1.,0.));
#3751=DIRECTION('center_axis',(1.,4.0252562770125E-31,7.72329060608805E-16));
#3752=DIRECTION('ref_axis',(2.24832298242789E-30,1.,-3.43227873367804E-15));
#3753=DIRECTION('',(-4.0252562770125E-31,1.,0.));
#3754=DIRECTION('',(-7.72329060608805E-16,3.42721020645157E-15,1.));
#3755=DIRECTION('',(4.0252562770125E-31,-1.,-2.59068529177015E-47));
#3756=DIRECTION('',(-7.72329060608805E-16,3.42721020645157E-15,1.));
#3757=DIRECTION('center_axis',(-7.72329060608805E-16,3.42721020645157E-15,
1.));
#3758=DIRECTION('ref_axis',(1.,5.32907051820049E-14,7.72329060608622E-16));
#3759=DIRECTION('center_axis',(0.,0.,1.));
#3760=DIRECTION('ref_axis',(1.,5.32907051820049E-14,7.72329060608622E-16));
#3761=DIRECTION('center_axis',(-6.43607540360866E-17,0.,-1.));
#3762=DIRECTION('ref_axis',(1.,5.32907051820049E-14,7.72329060608622E-16));
#3763=DIRECTION('',(-7.72329060608805E-16,3.42721020645157E-15,1.));
#3764=DIRECTION('center_axis',(2.24514844687184E-30,1.,-3.42721020645157E-15));
#3765=DIRECTION('ref_axis',(-1.,9.86076131526271E-32,-6.26323074574896E-16));
#3766=DIRECTION('',(-1.,2.24514844687184E-30,0.));
#3767=DIRECTION('',(1.,-2.46572627999924E-30,-6.43607540360866E-17));
#3768=DIRECTION('',(-7.72329060608805E-16,3.42721020645157E-15,1.));
#3769=DIRECTION('center_axis',(-7.72329060608805E-16,3.42721020645157E-15,
1.));
#3770=DIRECTION('ref_axis',(2.2444084115564E-30,1.,-3.42721020645157E-15));
#3771=DIRECTION('center_axis',(0.,0.,1.));
#3772=DIRECTION('ref_axis',(2.2444084115564E-30,1.,-3.42721020645157E-15));
#3773=DIRECTION('center_axis',(-6.43607540360866E-17,0.,-1.));
#3774=DIRECTION('ref_axis',(2.2444084115564E-30,1.,-3.42721020645157E-15));
#3775=DIRECTION('',(-7.72329060608805E-16,3.42721020645157E-15,1.));
#3776=DIRECTION('center_axis',(-1.,-4.0252562770125E-31,-7.72329060608805E-16));
#3777=DIRECTION('ref_axis',(-2.24832298242789E-30,-1.,3.43227873367804E-15));
#3778=DIRECTION('',(4.0252562770125E-31,-1.,0.));
#3779=DIRECTION('',(-4.0252562770125E-31,1.,2.59068529177015E-47));
#3780=DIRECTION('',(-7.72329060608805E-16,3.42721020645157E-15,1.));
#3781=DIRECTION('center_axis',(-7.72329060608805E-16,3.42721020645157E-15,
1.));
#3782=DIRECTION('ref_axis',(7.10542735760065E-14,-1.,3.42721020645163E-15));
#3783=DIRECTION('center_axis',(0.,0.,1.));
#3784=DIRECTION('ref_axis',(7.10542735760065E-14,-1.,3.42721020645163E-15));
#3785=DIRECTION('',(-7.72329060608805E-16,3.42721020645157E-15,1.));
#3786=DIRECTION('center_axis',(-6.43607540360866E-17,0.,-1.));
#3787=DIRECTION('ref_axis',(7.10542735760065E-14,-1.,3.42721020645163E-15));
#3788=DIRECTION('center_axis',(6.53072367426568E-16,-1.,3.42721020645157E-15));
#3789=DIRECTION('ref_axis',(1.,6.5307236742657E-16,6.26323074574894E-16));
#3790=DIRECTION('',(1.,6.53072367426568E-16,0.));
#3791=DIRECTION('',(-7.72329060608805E-16,3.42721020645157E-15,1.));
#3792=DIRECTION('',(-1.,-6.53072367426567E-16,6.43607540360866E-17));
#3793=DIRECTION('center_axis',(-7.72329060608805E-16,3.42721020645157E-15,
1.));
#3794=DIRECTION('ref_axis',(-1.,-1.77635683940023E-14,-7.72329060608744E-16));
#3795=DIRECTION('center_axis',(0.,0.,1.));
#3796=DIRECTION('ref_axis',(-1.,-1.77635683940023E-14,-7.72329060608744E-16));
#3797=DIRECTION('center_axis',(-6.43607540360866E-17,0.,-1.));
#3798=DIRECTION('ref_axis',(-1.,-1.77635683940023E-14,-7.72329060608744E-16));
#3799=DIRECTION('center_axis',(0.,1.,0.));
#3800=DIRECTION('ref_axis',(1.,0.,0.));
#3801=DIRECTION('center_axis',(0.,-1.,0.));
#3802=DIRECTION('ref_axis',(-4.4408920985006E-15,0.,-1.));
#3803=DIRECTION('',(1.,0.,0.));
#3804=DIRECTION('center_axis',(0.,-1.,0.));
#3805=DIRECTION('ref_axis',(1.,0.,5.68989300120395E-15));
#3806=DIRECTION('',(0.,0.,1.));
#3807=DIRECTION('center_axis',(0.,-1.,0.));
#3808=DIRECTION('ref_axis',(0.,0.,1.));
#3809=DIRECTION('',(-1.,0.,6.43607540360866E-17));
#3810=DIRECTION('center_axis',(0.,-1.,0.));
#3811=DIRECTION('ref_axis',(-1.,0.,6.6613381477509E-15));
#3812=DIRECTION('',(1.,0.,0.));
#3813=DIRECTION('',(-1.,0.,0.));
#3814=DIRECTION('center_axis',(0.,0.,1.));
#3815=DIRECTION('ref_axis',(1.,0.,0.));
#3816=DIRECTION('center_axis',(0.,0.,-1.));
#3817=DIRECTION('ref_axis',(-1.,0.,0.));
#3818=DIRECTION('center_axis',(0.,0.,-1.));
#3819=DIRECTION('ref_axis',(-1.,0.,0.));
#3820=DIRECTION('',(0.,-1.,0.));
#3821=DIRECTION('',(0.,1.,0.));
#3822=DIRECTION('center_axis',(0.,1.,0.));
#3823=DIRECTION('ref_axis',(1.,0.,5.68989300120395E-15));
#3824=DIRECTION('',(0.,1.,0.));
#3825=DIRECTION('center_axis',(1.,0.,0.));
#3826=DIRECTION('ref_axis',(0.,0.,-1.));
#3827=DIRECTION('',(0.,1.,0.));
#3828=DIRECTION('center_axis',(0.,1.,0.));
#3829=DIRECTION('ref_axis',(0.,0.,1.));
#3830=DIRECTION('',(0.,1.,0.));
#3831=DIRECTION('center_axis',(6.43607540360866E-17,0.,1.));
#3832=DIRECTION('ref_axis',(1.,0.,-6.43607540360866E-17));
#3833=DIRECTION('',(0.,1.,0.));
#3834=DIRECTION('center_axis',(0.,1.,0.));
#3835=DIRECTION('ref_axis',(-1.,0.,6.6613381477509E-15));
#3836=DIRECTION('center_axis',(0.,1.,0.));
#3837=DIRECTION('ref_axis',(-4.4408920985006E-15,0.,-1.));
#3838=DIRECTION('center_axis',(0.,-1.,0.));
#3839=DIRECTION('ref_axis',(1.,0.,0.));
#3840=DIRECTION('center_axis',(0.,-1.,-3.86252079633945E-16));
#3841=DIRECTION('ref_axis',(1.,0.,0.));
#3842=DIRECTION('',(0.,-1.,0.));
#3843=DIRECTION('center_axis',(0.,-1.,-3.86252079633945E-16));
#3844=DIRECTION('ref_axis',(1.,0.,0.));
#3845=DIRECTION('center_axis',(0.,-1.,0.));
#3846=DIRECTION('ref_axis',(1.,0.,0.));
#3847=DIRECTION('center_axis',(0.,-1.,-3.86252079633945E-16));
#3848=DIRECTION('ref_axis',(1.,0.,0.));
#3849=DIRECTION('',(0.,-1.,0.));
#3850=DIRECTION('center_axis',(0.,-1.,-3.86252079633945E-16));
#3851=DIRECTION('ref_axis',(1.,0.,0.));
#3852=DIRECTION('center_axis',(0.,-1.,0.));
#3853=DIRECTION('ref_axis',(1.,0.,0.));
#3854=DIRECTION('center_axis',(0.,-1.,-3.86252079633945E-16));
#3855=DIRECTION('ref_axis',(1.,0.,0.));
#3856=DIRECTION('',(0.,-1.,0.));
#3857=DIRECTION('center_axis',(0.,-1.,-3.86252079633945E-16));
#3858=DIRECTION('ref_axis',(1.,0.,0.));
#3859=DIRECTION('center_axis',(0.,-1.,0.));
#3860=DIRECTION('ref_axis',(1.,0.,0.));
#3861=DIRECTION('center_axis',(0.,-1.,-3.86252079633945E-16));
#3862=DIRECTION('ref_axis',(1.,0.,0.));
#3863=DIRECTION('',(0.,-1.,0.));
#3864=DIRECTION('center_axis',(0.,-1.,-3.86252079633945E-16));
#3865=DIRECTION('ref_axis',(1.,0.,0.));
#3866=DIRECTION('center_axis',(-1.,0.,0.));
#3867=DIRECTION('ref_axis',(0.,-9.65630199084834E-17,1.));
#3868=DIRECTION('',(0.,-9.65630199084834E-17,1.));
#3869=DIRECTION('',(0.,1.,0.));
#3870=DIRECTION('',(0.,-9.65630199084834E-17,1.));
#3871=DIRECTION('',(0.,1.,0.));
#3872=DIRECTION('center_axis',(0.,1.,0.));
#3873=DIRECTION('ref_axis',(-4.44089209850191E-14,0.,-1.));
#3874=DIRECTION('center_axis',(-2.21867129593538E-28,1.,-4.99600361081465E-15));
#3875=DIRECTION('ref_axis',(-4.44089209850191E-14,-4.99600361081465E-15,
-1.));
#3876=DIRECTION('center_axis',(-2.21867129593538E-28,1.,-4.99600361081465E-15));
#3877=DIRECTION('ref_axis',(-4.44089209850191E-14,-4.99600361081465E-15,
-1.));
#3878=DIRECTION('',(0.,1.,0.));
#3879=DIRECTION('center_axis',(-8.43125877872734E-15,0.,-1.));
#3880=DIRECTION('ref_axis',(-1.,-6.43607540360865E-17,8.43125877872734E-15));
#3881=DIRECTION('',(-1.,-6.43607540360865E-17,8.43125877872734E-15));
#3882=DIRECTION('',(-1.,-6.43607540360865E-17,8.43125877872734E-15));
#3883=DIRECTION('',(0.,1.,0.));
#3884=DIRECTION('center_axis',(0.,1.,0.));
#3885=DIRECTION('ref_axis',(1.,0.,4.16333634234435E-16));
#3886=DIRECTION('center_axis',(-5.5511151231258E-16,1.,-2.3111159332647E-31));
#3887=DIRECTION('ref_axis',(1.,5.5511151231258E-16,4.16333634234435E-16));
#3888=DIRECTION('center_axis',(-5.5511151231258E-16,1.,-2.3111159332647E-31));
#3889=DIRECTION('ref_axis',(1.,5.5511151231258E-16,4.16333634234435E-16));
#3890=DIRECTION('',(0.,1.,0.));
#3891=DIRECTION('center_axis',(1.,0.,2.31751247780367E-15));
#3892=DIRECTION('ref_axis',(2.31751247780367E-15,3.86252079633945E-16,-1.));
#3893=DIRECTION('',(2.31751247780367E-15,3.86252079633945E-16,-1.));
#3894=DIRECTION('',(2.31751247780367E-15,3.86252079633945E-16,-1.));
#3895=DIRECTION('',(0.,1.,0.));
#3896=DIRECTION('center_axis',(0.,1.,0.));
#3897=DIRECTION('ref_axis',(0.,0.,1.));
#3898=DIRECTION('center_axis',(0.,1.,0.));
#3899=DIRECTION('ref_axis',(0.,0.,1.));
#3900=DIRECTION('center_axis',(0.,1.,0.));
#3901=DIRECTION('ref_axis',(0.,0.,1.));
#3902=DIRECTION('',(0.,1.,0.));
#3903=DIRECTION('center_axis',(0.,0.,1.));
#3904=DIRECTION('ref_axis',(1.,0.,0.));
#3905=DIRECTION('',(1.,0.,0.));
#3906=DIRECTION('',(1.,0.,0.));
#3907=DIRECTION('',(0.,1.,0.));
#3908=DIRECTION('center_axis',(0.,1.,0.));
#3909=DIRECTION('ref_axis',(-1.,0.,6.6613381477509E-15));
#3910=DIRECTION('center_axis',(0.,1.,0.));
#3911=DIRECTION('ref_axis',(-1.,0.,6.6613381477509E-15));
#3912=DIRECTION('center_axis',(0.,1.,0.));
#3913=DIRECTION('ref_axis',(-1.,0.,6.6613381477509E-15));
#3914=DIRECTION('center_axis',(0.,1.,3.86252079633945E-16));
#3915=DIRECTION('ref_axis',(1.,0.,0.));
#3916=DIRECTION('center_axis',(0.,-1.,0.));
#3917=DIRECTION('ref_axis',(1.,0.,0.));
#3918=DIRECTION('center_axis',(0.,-1.,0.));
#3919=DIRECTION('ref_axis',(1.,0.,0.));
#3920=DIRECTION('center_axis',(0.,-1.,0.));
#3921=DIRECTION('ref_axis',(1.,0.,0.));
#3922=DIRECTION('center_axis',(0.,-1.,0.));
#3923=DIRECTION('ref_axis',(1.,0.,0.));
#3924=DIRECTION('center_axis',(0.,1.,3.86252079633945E-16));
#3925=DIRECTION('ref_axis',(1.,0.,0.));
#3926=DIRECTION('',(0.,3.86252079633945E-16,-1.));
#3927=DIRECTION('',(-1.,0.,0.));
#3928=DIRECTION('',(0.,-3.86252079633945E-16,1.));
#3929=DIRECTION('',(1.,0.,0.));
#3930=DIRECTION('center_axis',(0.,-1.,0.));
#3931=DIRECTION('ref_axis',(1.,0.,0.));
#3932=DIRECTION('center_axis',(0.,1.,0.));
#3933=DIRECTION('ref_axis',(1.,0.,0.));
#3934=DIRECTION('',(0.,1.,0.));
#3935=DIRECTION('center_axis',(0.,-1.,0.));
#3936=DIRECTION('ref_axis',(1.,0.,0.));
#3937=DIRECTION('center_axis',(0.,1.,0.));
#3938=DIRECTION('ref_axis',(1.,0.,0.));
#3939=DIRECTION('',(0.,1.,0.));
#3940=DIRECTION('center_axis',(0.,-1.,0.));
#3941=DIRECTION('ref_axis',(1.,0.,0.));
#3942=DIRECTION('center_axis',(0.,1.,0.));
#3943=DIRECTION('ref_axis',(1.,0.,0.));
#3944=DIRECTION('',(0.,1.,0.));
#3945=DIRECTION('center_axis',(0.,-1.,0.));
#3946=DIRECTION('ref_axis',(1.,0.,0.));
#3947=DIRECTION('center_axis',(0.,1.,0.));
#3948=DIRECTION('ref_axis',(1.,0.,0.));
#3949=DIRECTION('',(0.,1.,0.));
#3950=DIRECTION('center_axis',(-1.,0.,0.));
#3951=DIRECTION('ref_axis',(0.,0.,-1.));
#3952=DIRECTION('',(0.,1.,0.));
#3953=DIRECTION('',(0.,0.,-1.));
#3954=DIRECTION('',(0.,1.,0.));
#3955=DIRECTION('center_axis',(0.,0.,1.));
#3956=DIRECTION('ref_axis',(-1.,0.,0.));
#3957=DIRECTION('',(-1.,0.,0.));
#3958=DIRECTION('',(0.,1.,0.));
#3959=DIRECTION('center_axis',(1.,0.,0.));
#3960=DIRECTION('ref_axis',(0.,0.,1.));
#3961=DIRECTION('',(0.,0.,1.));
#3962=DIRECTION('',(0.,-1.,0.));
#3963=DIRECTION('center_axis',(0.,0.,-1.));
#3964=DIRECTION('ref_axis',(1.,0.,0.));
#3965=DIRECTION('',(1.,0.,0.));
#3966=DIRECTION('center_axis',(0.,1.,0.));
#3967=DIRECTION('ref_axis',(1.,0.,0.));
#3968=DIRECTION('center_axis',(0.,-1.,0.));
#3969=DIRECTION('ref_axis',(-0.630489852010983,0.,-0.776197491951094));
#3970=DIRECTION('',(0.,1.,0.));
#3971=DIRECTION('center_axis',(0.,-1.,0.));
#3972=DIRECTION('ref_axis',(1.,0.,0.));
#3973=DIRECTION('',(0.,-1.,0.));
#3974=DIRECTION('center_axis',(0.,-1.,0.));
#3975=DIRECTION('ref_axis',(1.,0.,0.));
#3976=DIRECTION('center_axis',(0.,-1.,0.));
#3977=DIRECTION('ref_axis',(0.623402023638703,0.,0.781901475202068));
#3978=DIRECTION('center_axis',(0.,-1.,0.));
#3979=DIRECTION('ref_axis',(1.,0.,0.));
#3980=DIRECTION('',(0.,-1.,0.));
#3981=DIRECTION('center_axis',(0.,-1.,0.));
#3982=DIRECTION('ref_axis',(1.,0.,0.));
#3983=DIRECTION('',(0.,1.,0.));
#3984=DIRECTION('center_axis',(0.,-1.,0.));
#3985=DIRECTION('ref_axis',(-0.518732553372217,0.,0.854936569619022));
#3986=DIRECTION('',(0.,-1.,0.));
#3987=DIRECTION('center_axis',(0.,-1.,0.));
#3988=DIRECTION('ref_axis',(1.,0.,0.));
#3989=DIRECTION('',(0.,1.,0.));
#3990=DIRECTION('center_axis',(0.,-1.,0.));
#3991=DIRECTION('ref_axis',(1.,0.,0.));
#3992=DIRECTION('center_axis',(0.,-1.,0.));
#3993=DIRECTION('ref_axis',(0.663763773925452,0.,-0.74794227880515));
#3994=DIRECTION('center_axis',(0.,-1.,0.));
#3995=DIRECTION('ref_axis',(1.,0.,0.));
#3996=DIRECTION('',(0.,-1.,0.));
#3997=DIRECTION('center_axis',(0.,-1.,0.));
#3998=DIRECTION('ref_axis',(1.,0.,0.));
#3999=DIRECTION('',(0.,1.,0.));
#4000=DIRECTION('center_axis',(0.,0.,-1.));
#4001=DIRECTION('ref_axis',(-1.,0.,0.));
#4002=DIRECTION('',(-1.,0.,0.));
#4003=DIRECTION('',(-1.,0.,0.));
#4004=DIRECTION('center_axis',(0.,0.,1.));
#4005=DIRECTION('ref_axis',(1.,0.,0.));
#4006=DIRECTION('',(1.,0.,0.));
#4007=DIRECTION('',(1.,0.,0.));
#4008=DIRECTION('center_axis',(0.,1.,0.));
#4009=DIRECTION('ref_axis',(1.,0.,0.));
#4010=DIRECTION('',(0.,0.,-1.));
#4011=DIRECTION('',(-1.,0.,0.));
#4012=DIRECTION('',(0.,0.,1.));
#4013=DIRECTION('center_axis',(0.,1.,0.));
#4014=DIRECTION('ref_axis',(-4.4408920985006E-15,0.,-1.));
#4015=DIRECTION('',(-1.,0.,0.));
#4016=DIRECTION('center_axis',(0.,1.,0.));
#4017=DIRECTION('ref_axis',(1.,0.,5.68989300120395E-15));
#4018=DIRECTION('',(0.,0.,-1.));
#4019=DIRECTION('center_axis',(0.,1.,0.));
#4020=DIRECTION('ref_axis',(0.,0.,1.));
#4021=DIRECTION('',(1.,0.,-6.43607540360866E-17));
#4022=DIRECTION('center_axis',(0.,1.,0.));
#4023=DIRECTION('ref_axis',(-1.,0.,6.6613381477509E-15));
#4024=DIRECTION('',(0.,0.,1.));
#4025=DIRECTION('',(1.,0.,0.));
#4026=DIRECTION('',(0.,0.,-1.));
#4027=DIRECTION('',(0.,0.,1.));
#4028=DIRECTION('center_axis',(1.,0.,0.));
#4029=DIRECTION('ref_axis',(0.,0.,-1.));
#4030=DIRECTION('center_axis',(1.,0.,0.));
#4031=DIRECTION('ref_axis',(0.,0.,-1.));
#4032=DIRECTION('',(1.,0.,0.));
#4033=DIRECTION('center_axis',(1.,0.,0.));
#4034=DIRECTION('ref_axis',(0.,0.,-1.));
#4035=DIRECTION('center_axis',(1.,0.,0.));
#4036=DIRECTION('ref_axis',(0.,1.,0.));
#4037=DIRECTION('center_axis',(1.,0.,0.));
#4038=DIRECTION('ref_axis',(0.,1.,0.));
#4039=DIRECTION('',(1.,0.,0.));
#4040=DIRECTION('center_axis',(1.,0.,0.));
#4041=DIRECTION('ref_axis',(0.,1.,0.));
#4042=DIRECTION('center_axis',(1.,0.,0.));
#4043=DIRECTION('ref_axis',(0.,0.,-1.));
#4044=DIRECTION('',(0.,0.,-1.));
#4045=DIRECTION('',(0.,0.,1.));
#4046=DIRECTION('center_axis',(0.,1.,0.));
#4047=DIRECTION('ref_axis',(0.,0.,1.));
#4048=DIRECTION('',(0.,0.,1.));
#4049=DIRECTION('center_axis',(-1.,0.,0.));
#4050=DIRECTION('ref_axis',(0.,0.,1.));
#4051=DIRECTION('',(0.,0.,1.));
#4052=DIRECTION('center_axis',(0.,0.,-1.));
#4053=DIRECTION('ref_axis',(-1.,0.,0.));
#4054=DIRECTION('',(0.,1.,0.));
#4055=DIRECTION('',(-1.,0.,0.));
#4056=DIRECTION('',(0.,1.,0.));
#4057=DIRECTION('center_axis',(0.,1.,0.));
#4058=DIRECTION('ref_axis',(1.,0.,5.68989300120395E-15));
#4059=DIRECTION('center_axis',(0.,1.,0.));
#4060=DIRECTION('ref_axis',(1.,0.,5.68989300120395E-15));
#4061=DIRECTION('',(0.,1.,0.));
#4062=DIRECTION('center_axis',(1.,0.,0.));
#4063=DIRECTION('ref_axis',(0.,0.,-1.));
#4064=DIRECTION('',(0.,0.,-1.));
#4065=DIRECTION('',(0.,1.,0.));
#4066=DIRECTION('center_axis',(0.,1.,0.));
#4067=DIRECTION('ref_axis',(0.,0.,1.));
#4068=DIRECTION('center_axis',(0.,1.,0.));
#4069=DIRECTION('ref_axis',(0.,0.,1.));
#4070=DIRECTION('',(0.,1.,0.));
#4071=DIRECTION('center_axis',(6.43607540360866E-17,0.,1.));
#4072=DIRECTION('ref_axis',(1.,0.,-6.43607540360866E-17));
#4073=DIRECTION('',(1.,0.,-6.43607540360866E-17));
#4074=DIRECTION('',(0.,1.,0.));
#4075=DIRECTION('center_axis',(0.,1.,0.));
#4076=DIRECTION('ref_axis',(-1.,0.,6.6613381477509E-15));
#4077=DIRECTION('center_axis',(0.,1.,0.));
#4078=DIRECTION('ref_axis',(-1.,0.,6.6613381477509E-15));
#4079=DIRECTION('',(0.,1.,0.));
#4080=DIRECTION('center_axis',(-1.,0.,0.));
#4081=DIRECTION('ref_axis',(0.,0.,1.));
#4082=DIRECTION('',(0.,0.,1.));
#4083=DIRECTION('',(0.,1.,0.));
#4084=DIRECTION('center_axis',(0.,1.,0.));
#4085=DIRECTION('ref_axis',(-4.4408920985006E-15,0.,-1.));
#4086=DIRECTION('center_axis',(0.,1.,0.));
#4087=DIRECTION('ref_axis',(-4.4408920985006E-15,0.,-1.));
#4088=DIRECTION('center_axis',(0.,1.,0.));
#4089=DIRECTION('ref_axis',(1.,0.,0.));
#4090=DIRECTION('center_axis',(0.,1.,0.));
#4091=DIRECTION('ref_axis',(1.,0.,0.));
#4092=DIRECTION('center_axis',(0.,-1.,0.));
#4093=DIRECTION('ref_axis',(1.,0.,0.));
#4094=DIRECTION('center_axis',(0.,1.,0.));
#4095=DIRECTION('ref_axis',(1.,0.,0.));
#4096=DIRECTION('center_axis',(0.,1.,0.));
#4097=DIRECTION('ref_axis',(1.,0.,0.));
#4098=DIRECTION('',(0.,-1.,0.));
#4099=DIRECTION('center_axis',(0.,1.,0.));
#4100=DIRECTION('ref_axis',(1.,0.,0.));
#4101=DIRECTION('center_axis',(0.,1.,0.));
#4102=DIRECTION('ref_axis',(1.,0.,0.));
#4103=DIRECTION('center_axis',(0.,-1.,0.));
#4104=DIRECTION('ref_axis',(1.,0.,0.));
#4105=DIRECTION('center_axis',(0.,1.,0.));
#4106=DIRECTION('ref_axis',(1.,0.,0.));
#4107=DIRECTION('center_axis',(0.,1.,0.));
#4108=DIRECTION('ref_axis',(1.,0.,0.));
#4109=DIRECTION('',(0.,-1.,0.));
#4110=DIRECTION('center_axis',(0.,1.,0.));
#4111=DIRECTION('ref_axis',(1.,0.,0.));
#4112=DIRECTION('center_axis',(0.,1.,0.));
#4113=DIRECTION('ref_axis',(1.,0.,0.));
#4114=DIRECTION('center_axis',(0.,-1.,0.));
#4115=DIRECTION('ref_axis',(1.,0.,0.));
#4116=DIRECTION('center_axis',(0.,1.,0.));
#4117=DIRECTION('ref_axis',(1.,0.,0.));
#4118=DIRECTION('center_axis',(0.,1.,0.));
#4119=DIRECTION('ref_axis',(1.,0.,0.));
#4120=DIRECTION('',(0.,-1.,0.));
#4121=DIRECTION('center_axis',(0.,1.,0.));
#4122=DIRECTION('ref_axis',(1.,0.,0.));
#4123=DIRECTION('center_axis',(0.,1.,0.));
#4124=DIRECTION('ref_axis',(1.,0.,0.));
#4125=DIRECTION('center_axis',(0.,-1.,0.));
#4126=DIRECTION('ref_axis',(1.,0.,0.));
#4127=DIRECTION('center_axis',(0.,1.,0.));
#4128=DIRECTION('ref_axis',(1.,0.,0.));
#4129=DIRECTION('center_axis',(0.,1.,0.));
#4130=DIRECTION('ref_axis',(1.,0.,0.));
#4131=DIRECTION('',(0.,-1.,0.));
#4132=DIRECTION('center_axis',(0.,1.,0.));
#4133=DIRECTION('ref_axis',(1.,0.,0.));
#4134=CARTESIAN_POINT('',(0.,0.,0.));
#4135=CARTESIAN_POINT('Origin',(132.,-7.00000010430813,10.5000001564622));
#4136=CARTESIAN_POINT('',(132.,-8.00000011920929,19.4442720647953));
#4137=CARTESIAN_POINT('',(132.,-16.0000002384186,10.5000001564622));
#4138=CARTESIAN_POINT('Origin',(132.,-7.00000010430813,10.5000001564622));
#4139=CARTESIAN_POINT('',(134.,-8.00000011920929,19.4442720647953));
#4140=CARTESIAN_POINT('',(132.,-8.00000011920929,19.4442720647953));
#4141=CARTESIAN_POINT('',(134.,-16.0000002384186,10.5000001564622));
#4142=CARTESIAN_POINT('Origin',(134.,-7.00000010430813,10.5000001564622));
#4143=CARTESIAN_POINT('',(134.,-8.00000011920929,1.55572824812903));
#4144=CARTESIAN_POINT('Origin',(134.,-7.00000010430813,10.5000001564622));
#4145=CARTESIAN_POINT('',(132.,-8.00000011920929,1.55572824812903));
#4146=CARTESIAN_POINT('',(132.,-8.00000011920929,1.55572824812903));
#4147=CARTESIAN_POINT('Origin',(132.,-7.00000010430813,10.5000001564622));
#4148=CARTESIAN_POINT('Origin',(107.,-7.00000010430813,10.5000001564622));
#4149=CARTESIAN_POINT('',(107.,-8.00000011920929,19.4442720647953));
#4150=CARTESIAN_POINT('',(107.,-16.0000002384186,10.5000001564622));
#4151=CARTESIAN_POINT('Origin',(107.,-7.00000010430813,10.5000001564622));
#4152=CARTESIAN_POINT('',(109.,-8.00000011920929,19.4442720647953));
#4153=CARTESIAN_POINT('',(107.,-8.00000011920929,19.4442720647953));
#4154=CARTESIAN_POINT('',(109.,-16.0000002384186,10.5000001564622));
#4155=CARTESIAN_POINT('Origin',(109.,-7.00000010430813,10.5000001564622));
#4156=CARTESIAN_POINT('',(109.,-8.00000011920929,1.55572824812903));
#4157=CARTESIAN_POINT('Origin',(109.,-7.00000010430813,10.5000001564622));
#4158=CARTESIAN_POINT('',(107.,-8.00000011920929,1.55572824812903));
#4159=CARTESIAN_POINT('',(107.,-8.00000011920929,1.55572824812903));
#4160=CARTESIAN_POINT('Origin',(107.,-7.00000010430813,10.5000001564622));
#4161=CARTESIAN_POINT('Origin',(144.000002086163,-18.,-1.00000001490116));
#4162=CARTESIAN_POINT('',(132.,-16.0000002384186,-0.999999977648258));
#4163=CARTESIAN_POINT('',(132.,-8.00000011920929,-1.00000001490116));
#4164=CARTESIAN_POINT('',(132.,-18.0000002682209,-1.00000001490116));
#4165=CARTESIAN_POINT('',(134.,-8.00000011920929,-1.00000001490116));
#4166=CARTESIAN_POINT('',(132.,-8.00000011920929,-1.00000001490116));
#4167=CARTESIAN_POINT('',(134.,-16.0000002384186,-0.999999977648258));
#4168=CARTESIAN_POINT('',(134.,-18.0000002682209,-1.00000001490116));
#4169=CARTESIAN_POINT('',(142.000002115965,-16.,-1.00000001490116));
#4170=CARTESIAN_POINT('',(73.0000010281801,-16.,-1.00000001490116));
#4171=CARTESIAN_POINT('',(142.000002115965,-18.,-1.00000001490116));
#4172=CARTESIAN_POINT('',(142.000002115965,-3.99999992549419,-1.00000001490116));
#4173=CARTESIAN_POINT('',(73.0000010281801,-18.,-1.00000001490116));
#4174=CARTESIAN_POINT('',(73.0000010281801,-18.,-1.00000001490116));
#4175=CARTESIAN_POINT('',(73.0000010281801,-16.,-1.00000001490116));
#4176=CARTESIAN_POINT('',(73.0000010281801,-18.,-1.00000001490116));
#4177=CARTESIAN_POINT('',(78.,-16.0000002384186,-0.999999977648258));
#4178=CARTESIAN_POINT('',(73.0000010281801,-16.,-1.00000001490116));
#4179=CARTESIAN_POINT('',(78.,-8.00000011920929,-1.00000001490116));
#4180=CARTESIAN_POINT('',(78.,-18.0000002682209,-1.00000001490116));
#4181=CARTESIAN_POINT('',(80.,-8.00000011920929,-1.00000001490116));
#4182=CARTESIAN_POINT('',(78.,-8.00000011920929,-1.00000001490116));
#4183=CARTESIAN_POINT('',(80.,-16.0000002384186,-0.999999977648258));
#4184=CARTESIAN_POINT('',(80.,-18.0000002682209,-1.00000001490116));
#4185=CARTESIAN_POINT('',(107.,-16.0000002384186,-0.999999977648258));
#4186=CARTESIAN_POINT('',(73.0000010281801,-16.,-1.00000001490116));
#4187=CARTESIAN_POINT('',(107.,-8.00000011920929,-1.00000001490116));
#4188=CARTESIAN_POINT('',(107.,-18.0000002682209,-1.00000001490116));
#4189=CARTESIAN_POINT('',(109.,-8.00000011920929,-1.00000001490116));
#4190=CARTESIAN_POINT('',(107.,-8.00000011920929,-1.00000001490116));
#4191=CARTESIAN_POINT('',(109.,-16.0000002384186,-0.999999977648258));
#4192=CARTESIAN_POINT('',(109.,-18.0000002682209,-1.00000001490116));
#4193=CARTESIAN_POINT('',(73.0000010281801,-16.,-1.00000001490116));
#4194=CARTESIAN_POINT('Origin',(78.,-7.00000010430813,10.5000001564622));
#4195=CARTESIAN_POINT('',(78.,-8.00000011920929,19.4442720647953));
#4196=CARTESIAN_POINT('',(78.,-16.0000002384186,10.5000001564622));
#4197=CARTESIAN_POINT('Origin',(78.,-7.00000010430813,10.5000001564622));
#4198=CARTESIAN_POINT('',(80.,-8.00000011920929,19.4442720647953));
#4199=CARTESIAN_POINT('',(78.,-8.00000011920929,19.4442720647953));
#4200=CARTESIAN_POINT('',(80.,-16.0000002384186,10.5000001564622));
#4201=CARTESIAN_POINT('Origin',(80.,-7.00000010430813,10.5000001564622));
#4202=CARTESIAN_POINT('',(80.,-8.00000011920929,1.55572824812903));
#4203=CARTESIAN_POINT('Origin',(80.,-7.00000010430813,10.5000001564622));
#4204=CARTESIAN_POINT('',(78.,-8.00000011920929,1.55572824812903));
#4205=CARTESIAN_POINT('',(78.,-8.00000011920929,1.55572824812903));
#4206=CARTESIAN_POINT('Origin',(78.,-7.00000010430813,10.5000001564622));
#4207=CARTESIAN_POINT('Origin',(100.,-13.7542564088032,1.38151971217193));
#4208=CARTESIAN_POINT('',(109.,-15.6142564088032,1.38151971217193));
#4209=CARTESIAN_POINT('Origin',(109.,-13.7542564088032,1.38151971217193));
#4210=CARTESIAN_POINT('',(107.,-15.6142564088032,1.38151971217193));
#4211=CARTESIAN_POINT('',(100.,-15.6142564088032,1.38151971217193));
#4212=CARTESIAN_POINT('Origin',(107.,-13.7542564088032,1.38151971217193));
#4213=CARTESIAN_POINT('Origin',(107.,-8.00000011920929,19.4442720647953));
#4214=CARTESIAN_POINT('',(107.,-8.00000011920929,22.0000003278255));
#4215=CARTESIAN_POINT('',(107.,-8.00000011920929,22.0000003278255));
#4216=CARTESIAN_POINT('',(109.,-8.00000011920929,22.0000003278255));
#4217=CARTESIAN_POINT('',(107.,-8.00000011920929,22.0000003278255));
#4218=CARTESIAN_POINT('',(109.,-8.00000011920929,22.0000003278255));
#4219=CARTESIAN_POINT('Origin',(109.,-12.0000001788139,16.2500002421439));
#4220=CARTESIAN_POINT('',(109.,-16.0000002384186,22.0000003278255));
#4221=CARTESIAN_POINT('',(109.,2.39999994635582,22.0000003278255));
#4222=CARTESIAN_POINT('',(109.,-16.,13.375000199303));
#4223=CARTESIAN_POINT('Origin',(107.,-12.0000001788139,16.2500002421439));
#4224=CARTESIAN_POINT('',(107.,-16.0000002384186,22.0000003278255));
#4225=CARTESIAN_POINT('',(107.,2.39999994635582,22.0000003278255));
#4226=CARTESIAN_POINT('',(107.,-16.,13.375000199303));
#4227=CARTESIAN_POINT('Origin',(107.,-8.00000011920929,-1.00000001490116));
#4228=CARTESIAN_POINT('',(107.,-8.00000011920929,1.55572824812903));
#4229=CARTESIAN_POINT('',(109.,-8.00000011920929,1.55572824812903));
#4230=CARTESIAN_POINT('Origin',(109.,-12.0000001788139,4.75000007078052));
#4231=CARTESIAN_POINT('',(109.,-16.,7.62500011362135));
#4232=CARTESIAN_POINT('Origin',(107.,-12.0000001788139,4.75000007078052));
#4233=CARTESIAN_POINT('',(107.,-16.,7.62500011362135));
#4234=CARTESIAN_POINT('Origin',(108.500001557171,-16.,10.5000001564622));
#4235=CARTESIAN_POINT('',(80.,-16.,7.62500011362135));
#4236=CARTESIAN_POINT('',(80.,-16.0000002384186,22.0000003278255));
#4237=CARTESIAN_POINT('',(80.,-16.,13.375000199303));
#4238=CARTESIAN_POINT('',(144.000002086163,-16.,22.0000003278255));
#4239=CARTESIAN_POINT('Origin',(94.,-13.7542564088032,1.38151971217193));
#4240=CARTESIAN_POINT('',(134.,-15.6142564088032,1.38151971217192));
#4241=CARTESIAN_POINT('Origin',(134.,-13.7542564088032,1.38151971217192));
#4242=CARTESIAN_POINT('',(132.,-15.6142564088032,1.38151971217192));
#4243=CARTESIAN_POINT('',(94.,-15.6142564088032,1.38151971217193));
#4244=CARTESIAN_POINT('Origin',(132.,-13.7542564088032,1.38151971217192));
#4245=CARTESIAN_POINT('Origin',(132.,-8.00000011920929,19.4442720647953));
#4246=CARTESIAN_POINT('',(132.,-8.00000011920929,22.0000003278255));
#4247=CARTESIAN_POINT('',(132.,-8.00000011920929,22.0000003278255));
#4248=CARTESIAN_POINT('',(134.,-8.00000011920929,22.0000003278255));
#4249=CARTESIAN_POINT('',(132.,-8.00000011920929,22.0000003278255));
#4250=CARTESIAN_POINT('',(134.,-8.00000011920929,22.0000003278255));
#4251=CARTESIAN_POINT('Origin',(134.,-12.0000001788139,16.2500002421439));
#4252=CARTESIAN_POINT('',(134.,-16.0000002384186,22.0000003278255));
#4253=CARTESIAN_POINT('',(134.,2.39999994635582,22.0000003278255));
#4254=CARTESIAN_POINT('',(134.,-16.,13.375000199303));
#4255=CARTESIAN_POINT('Origin',(132.,-12.0000001788139,16.2500002421439));
#4256=CARTESIAN_POINT('',(132.,-16.0000002384186,22.0000003278255));
#4257=CARTESIAN_POINT('',(132.,2.39999994635582,22.0000003278255));
#4258=CARTESIAN_POINT('',(132.,-16.,13.375000199303));
#4259=CARTESIAN_POINT('Origin',(132.,-8.00000011920929,-1.00000001490116));
#4260=CARTESIAN_POINT('',(132.,-8.00000011920929,1.55572824812903));
#4261=CARTESIAN_POINT('',(134.,-8.00000011920929,1.55572824812903));
#4262=CARTESIAN_POINT('Origin',(134.,-12.0000001788139,4.75000007078052));
#4263=CARTESIAN_POINT('',(134.,-16.,7.62500011362135));
#4264=CARTESIAN_POINT('Origin',(132.,-12.0000001788139,4.75000007078052));
#4265=CARTESIAN_POINT('',(132.,-16.,7.62500011362135));
#4266=CARTESIAN_POINT('Origin',(108.500001557171,-16.,10.5000001564622));
#4267=CARTESIAN_POINT('',(144.000002086163,-16.,22.0000003278255));
#4268=CARTESIAN_POINT('Origin',(100.,-13.7542564088032,1.38151971217193));
#4269=CARTESIAN_POINT('',(80.,-15.6142564088032,1.38151971217194));
#4270=CARTESIAN_POINT('Origin',(80.,-13.7542564088032,1.38151971217194));
#4271=CARTESIAN_POINT('',(78.,-15.6142564088032,1.38151971217194));
#4272=CARTESIAN_POINT('',(100.,-15.6142564088032,1.38151971217193));
#4273=CARTESIAN_POINT('Origin',(78.,-13.7542564088032,1.38151971217194));
#4274=CARTESIAN_POINT('Origin',(78.,-8.00000011920929,19.4442720647953));
#4275=CARTESIAN_POINT('',(78.,-8.00000011920929,22.0000003278255));
#4276=CARTESIAN_POINT('',(78.,-8.00000011920929,22.0000003278255));
#4277=CARTESIAN_POINT('',(80.,-8.00000011920929,22.0000003278255));
#4278=CARTESIAN_POINT('',(78.,-8.00000011920929,22.0000003278255));
#4279=CARTESIAN_POINT('',(80.,-8.00000011920929,22.0000003278255));
#4280=CARTESIAN_POINT('Origin',(80.,-12.0000001788139,16.2500002421439));
#4281=CARTESIAN_POINT('',(80.,2.39999994635582,22.0000003278255));
#4282=CARTESIAN_POINT('Origin',(78.,-8.00000011920929,-1.00000001490116));
#4283=CARTESIAN_POINT('',(78.,-8.00000011920929,1.55572824812903));
#4284=CARTESIAN_POINT('',(80.,-8.00000011920929,1.55572824812903));
#4285=CARTESIAN_POINT('Origin',(80.,-12.0000001788139,4.75000007078052));
#4286=CARTESIAN_POINT('Origin',(78.,-12.0000001788139,4.75000007078052));
#4287=CARTESIAN_POINT('',(78.,-16.,7.62500011362135));
#4288=CARTESIAN_POINT('Origin',(108.500001557171,-16.,10.5000001564622));
#4289=CARTESIAN_POINT('',(142.000002115965,-16.,22.0000003278255));
#4290=CARTESIAN_POINT('',(144.000002086163,-16.,22.0000003278255));
#4291=CARTESIAN_POINT('',(142.000002115965,-16.,5.2500000782311));
#4292=CARTESIAN_POINT('Origin',(108.500001557171,-16.,10.5000001564622));
#4293=CARTESIAN_POINT('',(73.0000010281801,-16.,22.0000003278255));
#4294=CARTESIAN_POINT('',(73.0000010281801,-16.,22.0000003278255));
#4295=CARTESIAN_POINT('',(78.,-16.0000002384186,22.0000003278255));
#4296=CARTESIAN_POINT('',(144.000002086163,-16.,22.0000003278255));
#4297=CARTESIAN_POINT('',(78.,-16.,13.375000199303));
#4298=CARTESIAN_POINT('Origin',(142.000002115965,10.0000001490116,0.));
#4299=CARTESIAN_POINT('',(142.000002115965,-18.,22.0000003278255));
#4300=CARTESIAN_POINT('',(142.000002115965,-3.99999992549419,22.0000003278255));
#4301=CARTESIAN_POINT('',(142.000002115965,-18.,5.2500000782311));
#4302=CARTESIAN_POINT('Origin',(73.0000010281801,-18.,22.0000003278255));
#4303=CARTESIAN_POINT('',(78.,2.39999994635582,22.0000003278255));
#4304=CARTESIAN_POINT('',(73.0000010281801,-18.,22.0000003278255));
#4305=CARTESIAN_POINT('',(73.0000010281801,-18.,22.0000003278255));
#4306=CARTESIAN_POINT('',(144.000002086163,-18.,22.0000003278255));
#4307=CARTESIAN_POINT('Origin',(108.500001557171,-18.,10.5000001564622));
#4308=CARTESIAN_POINT('',(73.0000010281801,-18.,22.0000003278255));
#4309=CARTESIAN_POINT('Origin',(78.,-13.8408427588383,19.7382888633543));
#4310=CARTESIAN_POINT('Origin',(73.0000010281801,-18.,-1.00000001490116));
#4311=CARTESIAN_POINT('Origin',(72.7590341814387,4.8,-1.39467810270306));
#4312=CARTESIAN_POINT('',(73.,4.8,-0.619779577549555));
#4313=CARTESIAN_POINT('',(73.,4.8,-1.00000001490116));
#4314=CARTESIAN_POINT('',(73.,4.8,4.55266102687956));
#4315=CARTESIAN_POINT('',(73.46809091895,4.8,-1.00000001490142));
#4316=CARTESIAN_POINT('Origin',(72.7590341814387,4.8,-1.39467810270306));
#4317=CARTESIAN_POINT('',(68.3795170907194,4.8,-1.00000001490116));
#4318=CARTESIAN_POINT('Origin',(72.7590341814387,10.8,-1.39467810270306));
#4319=CARTESIAN_POINT('',(73.,8.75000010430813,-0.619779577549555));
#4320=CARTESIAN_POINT('',(73.,10.8,-0.619779577549555));
#4321=CARTESIAN_POINT('',(73.46809091895,8.75000010430813,-1.00000001490142));
#4322=CARTESIAN_POINT('Origin',(72.7590341814387,8.75000010430813,-1.39467810270306));
#4323=CARTESIAN_POINT('',(73.4680909189492,10.8,-1.00000001490116));
#4324=CARTESIAN_POINT('Origin',(142.119564133762,4.8,22.2953394623561));
#4325=CARTESIAN_POINT('',(142.000002115965,4.8,21.4926955974321));
#4326=CARTESIAN_POINT('',(142.000002115965,4.8,22.0000003278255));
#4327=CARTESIAN_POINT('',(142.000002115965,4.8,11.1476697311781));
#4328=CARTESIAN_POINT('',(141.363715573788,4.8,22.0000003278255));
#4329=CARTESIAN_POINT('Origin',(142.119564133762,4.8,22.2953394623561));
#4330=CARTESIAN_POINT('',(103.059782066881,4.8,22.0000003278255));
#4331=CARTESIAN_POINT('Origin',(142.119564133762,10.8,22.2953394623561));
#4332=CARTESIAN_POINT('',(142.000002115965,8.75000010430813,21.4926955974321));
#4333=CARTESIAN_POINT('',(142.000002115965,10.8,21.4926955974321));
#4334=CARTESIAN_POINT('',(141.363715573788,8.75000010430813,22.0000003278255));
#4335=CARTESIAN_POINT('Origin',(142.119564133762,8.75000010430813,22.2953394623561));
#4336=CARTESIAN_POINT('',(141.363715573788,10.8,22.0000003278255));
#4337=CARTESIAN_POINT('Origin',(73.2324152638347,4.8,22.1529347382126));
#4338=CARTESIAN_POINT('',(74.029374055818,4.8,22.0000003278255));
#4339=CARTESIAN_POINT('',(73.,4.8,22.0000003278255));
#4340=CARTESIAN_POINT('',(68.6162076319173,4.8,22.0000003278255));
#4341=CARTESIAN_POINT('',(73.,4.8,21.375428857118));
#4342=CARTESIAN_POINT('Origin',(73.2324152638347,4.8,22.1529347382126));
#4343=CARTESIAN_POINT('',(73.,4.8,16.3264674473374));
#4344=CARTESIAN_POINT('Origin',(73.2324152638347,10.8,22.1529347382126));
#4345=CARTESIAN_POINT('',(74.029374055818,8.75000010430813,22.0000003278255));
#4346=CARTESIAN_POINT('',(74.029374055818,10.8,22.0000003278255));
#4347=CARTESIAN_POINT('',(73.,8.75000010430813,21.375428857118));
#4348=CARTESIAN_POINT('Origin',(73.2324152638347,8.75000010430813,22.1529347382126));
#4349=CARTESIAN_POINT('',(73.,10.8,21.375428857118));
#4350=CARTESIAN_POINT('Origin',(142.181957897525,4.8,-1.27464589991665));
#4351=CARTESIAN_POINT('',(141.41834681337,4.8,-1.00000001490116));
#4352=CARTESIAN_POINT('',(142.000002115965,4.8,-1.00000001490116));
#4353=CARTESIAN_POINT('',(103.090978948762,4.8,-1.00000001490116));
#4354=CARTESIAN_POINT('',(142.000002115965,4.8,-0.483808151982863));
#4355=CARTESIAN_POINT('Origin',(142.181957897525,4.8,-1.27464589991665));
#4356=CARTESIAN_POINT('',(142.000002115965,4.8,-0.637322949958324));
#4357=CARTESIAN_POINT('Origin',(142.181957897525,10.8,-1.27464589991665));
#4358=CARTESIAN_POINT('',(141.41834681337,8.75000010430813,-1.00000001490116));
#4359=CARTESIAN_POINT('',(141.41834681337,10.8,-1.00000001490116));
#4360=CARTESIAN_POINT('',(142.000002115965,8.75000010430813,-0.483808151982863));
#4361=CARTESIAN_POINT('Origin',(142.181957897525,8.75000010430813,-1.27464589991665));
#4362=CARTESIAN_POINT('',(142.000002115965,10.8,-0.483808151982863));
#4363=CARTESIAN_POINT('Origin',(64.,2.39999994635582,22.0000003278255));
#4364=CARTESIAN_POINT('',(64.,8.75000010430813,22.0000003278255));
#4365=CARTESIAN_POINT('',(73.,-8.00000011920929,22.0000003278255));
#4366=CARTESIAN_POINT('',(73.,-0.200000070035458,22.0000003278255));
#4367=CARTESIAN_POINT('',(142.000002115965,-8.00000011920929,22.0000003278255));
#4368=CARTESIAN_POINT('',(64.,-8.00000011920929,22.0000003278255));
#4369=CARTESIAN_POINT('',(142.000002115965,6.20000004768372,22.0000003278255));
#4370=CARTESIAN_POINT('',(86.9097797724213,6.47555925237981,22.0000003278255));
#4371=CARTESIAN_POINT('',(86.9097797724213,6.67555925237981,22.0000003278255));
#4372=CARTESIAN_POINT('',(86.9097797724213,4.53777959936781,22.0000003278255));
#4373=CARTESIAN_POINT('',(87.4097797724214,7.17555925237981,22.0000003278255));
#4374=CARTESIAN_POINT('Origin',(87.4097797724214,6.6755592523798,22.0000003278255));
#4375=CARTESIAN_POINT('',(89.1097797724213,7.1755592523798,22.0000003278255));
#4376=CARTESIAN_POINT('',(76.5548898862107,7.17555925237981,22.0000003278255));
#4377=CARTESIAN_POINT('',(89.6097797724213,6.67555925237981,22.0000003278255));
#4378=CARTESIAN_POINT('Origin',(89.1097797724213,6.67555925237978,22.0000003278255));
#4379=CARTESIAN_POINT('',(89.6097797724213,6.47555925237981,22.0000003278255));
#4380=CARTESIAN_POINT('',(89.6097797724213,4.43777959936781,22.0000003278255));
#4381=CARTESIAN_POINT('',(89.1097797724213,5.97555925237981,22.0000003278255));
#4382=CARTESIAN_POINT('Origin',(89.1097797724213,6.47555925237984,22.0000003278255));
#4383=CARTESIAN_POINT('',(87.4097797724214,5.97555925237981,22.0000003278255));
#4384=CARTESIAN_POINT('',(75.7048898862107,5.9755592523798,22.0000003278255));
#4385=CARTESIAN_POINT('Origin',(87.4097797724214,6.47555925237982,22.0000003278255));
#4386=CARTESIAN_POINT('Origin',(64.,-8.00000011920929,-1.00000001490116));
#4387=CARTESIAN_POINT('',(64.,8.75000010430813,-1.00000001490116));
#4388=CARTESIAN_POINT('',(142.000002115965,-8.00000011920929,-1.00000001490116));
#4389=CARTESIAN_POINT('',(142.000002115965,1.00000001490116,-1.00000001490116));
#4390=CARTESIAN_POINT('',(73.,-8.00000011920929,-1.00000001490116));
#4391=CARTESIAN_POINT('',(64.,-8.00000011920929,-1.00000001490116));
#4392=CARTESIAN_POINT('',(73.,7.00000010430813,-1.00000001490116));
#4393=CARTESIAN_POINT('Origin',(142.000002115965,10.0000001490116,0.));
#4394=CARTESIAN_POINT('',(142.000002115965,8.75000010430813,1.50000002235174));
#4395=CARTESIAN_POINT('',(142.000002115965,8.75000010430813,-0.500000007450581));
#4396=CARTESIAN_POINT('',(142.000002115965,2.39999994635582,1.50000002235174));
#4397=CARTESIAN_POINT('',(142.000002115965,8.50000012665987,1.50000002235174));
#4398=CARTESIAN_POINT('',(142.000002115965,2.39999994635582,2.00000014901161));
#4399=CARTESIAN_POINT('',(142.000002115965,2.39999994635582,-0.500000007450581));
#4400=CARTESIAN_POINT('',(142.000002115965,-4.04196023416775,2.00000014901161));
#4401=CARTESIAN_POINT('',(142.000002115965,4.45000004768372,2.00000014901161));
#4402=CARTESIAN_POINT('',(142.000002115965,-8.00000011920929,1.55572824812903));
#4403=CARTESIAN_POINT('Origin',(142.000002115965,-7.00000010430813,10.5000001564622));
#4404=CARTESIAN_POINT('',(142.000002115965,-8.00000011920929,0.777864124064517));
#4405=CARTESIAN_POINT('Origin',(89.6097797724213,6.4755592523798,19.1302802686912));
#4406=CARTESIAN_POINT('',(89.6097797724213,6.6755592523798,19.5999995619059));
#4407=CARTESIAN_POINT('',(89.6097797724213,6.6755592523798,19.1302802686912));
#4408=CARTESIAN_POINT('',(89.6097797724213,6.4755592523798,19.5999995619059));
#4409=CARTESIAN_POINT('',(89.6097797724213,4.4277172814978,19.5999995619059));
#4410=CARTESIAN_POINT('',(89.6097797724213,6.4755592523798,19.1302802686912));
#4411=CARTESIAN_POINT('Origin',(89.1097797724213,6.47555925237983,19.1302802686912));
#4412=CARTESIAN_POINT('',(89.1097797724213,5.9755592523798,19.5999995619059));
#4413=CARTESIAN_POINT('Origin',(89.1097797724213,6.47555925237983,19.5999995619059));
#4414=CARTESIAN_POINT('',(89.1097797724213,5.9755592523798,19.1302802686912));
#4415=CARTESIAN_POINT('Origin',(87.4097797724214,5.9755592523798,19.1302802686912));
#4416=CARTESIAN_POINT('',(87.4097797724214,5.9755592523798,19.5999995619059));
#4417=CARTESIAN_POINT('',(75.7048898862107,5.97555925237979,19.5999995619059));
#4418=CARTESIAN_POINT('',(87.4097797724214,5.9755592523798,19.1302802686912));
#4419=CARTESIAN_POINT('Origin',(87.4097797724214,6.47555925237981,19.1302802686912));
#4420=CARTESIAN_POINT('',(86.9097797724213,6.4755592523798,19.5999995619059));
#4421=CARTESIAN_POINT('Origin',(87.4097797724214,6.47555925237981,19.5999995619059));
#4422=CARTESIAN_POINT('',(86.9097797724213,6.4755592523798,19.1302802686912));
#4423=CARTESIAN_POINT('Origin',(86.9097797724213,6.6755592523798,19.1302802686912));
#4424=CARTESIAN_POINT('',(86.9097797724213,6.6755592523798,19.5999995619059));
#4425=CARTESIAN_POINT('',(86.9097797724213,4.52771728149779,19.5999995619059));
#4426=CARTESIAN_POINT('',(86.9097797724213,6.6755592523798,19.1302802686912));
#4427=CARTESIAN_POINT('Origin',(87.4097797724214,6.67555925237979,19.1302802686912));
#4428=CARTESIAN_POINT('',(87.4097797724214,7.1755592523798,19.5999995619059));
#4429=CARTESIAN_POINT('Origin',(87.4097797724214,6.67555925237979,19.5999995619059));
#4430=CARTESIAN_POINT('',(87.4097797724214,7.1755592523798,19.1302802686912));
#4431=CARTESIAN_POINT('Origin',(89.1097797724213,7.1755592523798,19.1302802686912));
#4432=CARTESIAN_POINT('',(89.1097797724213,7.1755592523798,19.5999995619059));
#4433=CARTESIAN_POINT('',(76.5548898862107,7.1755592523798,19.5999995619059));
#4434=CARTESIAN_POINT('',(89.1097797724213,7.1755592523798,19.1302802686912));
#4435=CARTESIAN_POINT('Origin',(89.1097797724213,6.67555925237977,19.1302802686912));
#4436=CARTESIAN_POINT('Origin',(89.1097797724213,6.67555925237977,19.5999995619059));
#4437=CARTESIAN_POINT('Origin',(64.,8.75000010430813,-1.00000001490116));
#4438=CARTESIAN_POINT('',(73.,8.75000010430813,1.50000002235174));
#4439=CARTESIAN_POINT('',(73.,8.75000010430813,-0.375000005587935));
#4440=CARTESIAN_POINT('',(64.,8.75000010430813,1.50000002235174));
#4441=CARTESIAN_POINT('Origin',(64.,8.75000010430813,19.5999995619059));
#4442=CARTESIAN_POINT('',(142.000002115965,8.75,10.0000001490116));
#4443=CARTESIAN_POINT('',(142.000002115965,8.75000010430813,9.79999978095293));
#4444=CARTESIAN_POINT('',(122.742560948846,8.75,10.0000001490116));
#4445=CARTESIAN_POINT('',(144.000002145767,8.75,10.0000001490116));
#4446=CARTESIAN_POINT('',(122.742560948846,8.75000010430813,19.5999995619059));
#4447=CARTESIAN_POINT('',(122.742560948846,8.75,10.0000001490116));
#4448=CARTESIAN_POINT('',(73.,8.75000010430813,19.5999995619059));
#4449=CARTESIAN_POINT('',(64.,8.75000010430813,19.5999995619059));
#4450=CARTESIAN_POINT('',(73.,8.75000010430813,20.1999997533858));
#4451=CARTESIAN_POINT('Origin',(142.000002115965,10.0000001490116,0.));
#4452=CARTESIAN_POINT('',(142.000002115965,-8.00000011920929,19.4442720647953));
#4453=CARTESIAN_POINT('',(142.000002115965,-8.00000011920929,11.0000001639128));
#4454=CARTESIAN_POINT('',(142.000002115965,1.98610027308302,10.0000001490116));
#4455=CARTESIAN_POINT('Origin',(142.000002115965,-7.00000010430813,10.5000001564622));
#4456=CARTESIAN_POINT('',(142.000002115965,4.45000004768372,10.0000001490116));
#4457=CARTESIAN_POINT('Origin',(64.,-8.00000011920929,22.0000003278255));
#4458=CARTESIAN_POINT('',(73.,-8.00000011920929,19.4442720647953));
#4459=CARTESIAN_POINT('',(73.,-8.00000011920929,16.2500002421439));
#4460=CARTESIAN_POINT('',(64.,-8.00000011920929,19.4442720647953));
#4461=CARTESIAN_POINT('Origin',(139.500002145767,-1.10000005364418,2.00000014901161));
#4462=CARTESIAN_POINT('',(135.000002145767,2.39999994635582,2.00000014901161));
#4463=CARTESIAN_POINT('',(101.750001072884,2.39999994635582,2.00000014901161));
#4464=CARTESIAN_POINT('',(135.000002145767,-4.04196023416775,2.00000014901161));
#4465=CARTESIAN_POINT('',(135.000002145767,-1.10000005364418,2.00000014901161));
#4466=CARTESIAN_POINT('',(64.,-4.04196023416775,2.00000014901161));
#4467=CARTESIAN_POINT('Origin',(64.,2.39999994635582,-1.00000001490116));
#4468=CARTESIAN_POINT('',(73.,2.39999994635582,1.50000002235174));
#4469=CARTESIAN_POINT('',(64.,2.39999994635582,1.50000002235174));
#4470=CARTESIAN_POINT('',(73.,2.39999994635582,19.5999995619059));
#4471=CARTESIAN_POINT('',(73.,2.39999994635582,4.75000007078052));
#4472=CARTESIAN_POINT('',(122.742560948846,2.39999994635582,19.5999995619059));
#4473=CARTESIAN_POINT('',(64.,2.39999994635582,19.5999995619059));
#4474=CARTESIAN_POINT('',(122.742560948846,2.39999994635582,10.0000001490116));
#4475=CARTESIAN_POINT('',(122.742560948846,2.39999994635582,4.50000006705523));
#4476=CARTESIAN_POINT('',(135.000002145767,2.39999994635582,10.0000001490116));
#4477=CARTESIAN_POINT('',(104.000001072884,2.39999994635582,10.0000001490116));
#4478=CARTESIAN_POINT('',(135.000002145767,2.39999994635582,2.50000006705523));
#4479=CARTESIAN_POINT('Origin',(64.,7.00000010430813,1.50000002235174));
#4480=CARTESIAN_POINT('',(73.,5.84496890588504,1.50000002235174));
#4481=CARTESIAN_POINT('Origin',(122.742560948846,0.,10.0000001490116));
#4482=CARTESIAN_POINT('',(122.742560948846,1.1899376553079,19.5999995619059));
#4483=CARTESIAN_POINT('',(122.742560948846,0.,10.0000001490116));
#4484=CARTESIAN_POINT('Origin',(64.,2.37987531061579,19.5999995619059));
#4485=CARTESIAN_POINT('',(73.,7.00000010430813,19.5999995619059));
#4486=CARTESIAN_POINT('Origin',(135.000002145767,-1.10000005364418,6.00000014901161));
#4487=CARTESIAN_POINT('',(135.000002145767,1.98610027308302,10.0000001490116));
#4488=CARTESIAN_POINT('Origin',(135.000002145767,-7.00000010430813,10.5000001564622));
#4489=CARTESIAN_POINT('',(135.000002145767,-1.10000005364418,10.0000001490116));
#4490=CARTESIAN_POINT('Origin',(139.500002145767,-1.10000005364418,10.0000001490116));
#4491=CARTESIAN_POINT('',(64.,1.98610027308302,10.0000001490116));
#4492=CARTESIAN_POINT('Origin',(64.,-7.00000010430813,10.5000001564622));
#4493=CARTESIAN_POINT('',(73.,-8.00000011920929,1.55572824812903));
#4494=CARTESIAN_POINT('Origin',(73.,-7.00000010430813,10.5000001564622));
#4495=CARTESIAN_POINT('',(64.,-8.00000011920929,1.55572824812903));
#4496=CARTESIAN_POINT('Origin',(73.,-2.80000008642673,10.5000001564622));
#4497=CARTESIAN_POINT('',(73.,-8.00000011920929,6.02786420229561));
#4498=CARTESIAN_POINT('Origin',(64.,-8.00000011920929,1.55572824812903));
#4499=CARTESIAN_POINT('Origin',(72.7590341814387,10.8,-1.39467810270306));
#4500=CARTESIAN_POINT('',(73.0000010579825,4.8,-0.619779906545175));
#4501=CARTESIAN_POINT('',(73.0000010579825,7.5,-0.619779906545176));
#4502=CARTESIAN_POINT('',(73.0000010579825,10.8,-0.619779906545174));
#4503=CARTESIAN_POINT('',(73.4680909355387,4.8,-1.00000004470373));
#4504=CARTESIAN_POINT('Origin',(72.7590341814387,4.8,-1.39467810270306));
#4505=CARTESIAN_POINT('',(73.4680909355387,7.5,-1.00000004470373));
#4506=CARTESIAN_POINT('',(73.4680909355379,10.8,-1.00000004470347));
#4507=CARTESIAN_POINT('Origin',(72.7590341814387,7.5,-1.39467810270306));
#4508=CARTESIAN_POINT('Origin',(72.7590341814387,4.8,-1.39467810270306));
#4509=CARTESIAN_POINT('',(73.0000010579825,4.8,-1.00000004470347));
#4510=CARTESIAN_POINT('',(73.0000010579825,4.8,10.3026611274624));
#4511=CARTESIAN_POINT('',(72.8795176197106,4.8,-1.00000004470347));
#4512=CARTESIAN_POINT('Origin',(142.119564133762,10.8,22.2953394623561));
#4513=CARTESIAN_POINT('',(142.000002145767,4.8,21.4926955929927));
#4514=CARTESIAN_POINT('',(142.000002145767,7.5,21.4926955929927));
#4515=CARTESIAN_POINT('',(142.000002145767,10.8,21.4926955929927));
#4516=CARTESIAN_POINT('',(141.363715562143,4.8,22.0000003576279));
#4517=CARTESIAN_POINT('Origin',(142.119564133762,4.8,22.2953394623561));
#4518=CARTESIAN_POINT('',(141.363715562143,7.5,22.0000003576279));
#4519=CARTESIAN_POINT('',(141.363715562143,10.8,22.0000003576279));
#4520=CARTESIAN_POINT('Origin',(142.119564133762,7.5,22.2953394623561));
#4521=CARTESIAN_POINT('Origin',(142.119564133762,4.8,22.2953394623561));
#4522=CARTESIAN_POINT('',(142.000002145767,4.8,22.0000003576279));
#4523=CARTESIAN_POINT('',(142.000002145767,4.8,10.6476697088263));
#4524=CARTESIAN_POINT('',(142.059783139765,4.8,22.0000003576279));
#4525=CARTESIAN_POINT('Origin',(73.2324152638347,4.8,22.1529347382126));
#4526=CARTESIAN_POINT('',(73.0000010579825,4.8,21.3754285408623));
#4527=CARTESIAN_POINT('',(73.0000010579825,4.8,22.0000003576279));
#4528=CARTESIAN_POINT('',(73.0000010579825,4.8,22.0764675479202));
#4529=CARTESIAN_POINT('',(74.029374061537,4.8,22.0000003576279));
#4530=CARTESIAN_POINT('Origin',(73.2324152638347,4.8,22.1529347382126));
#4531=CARTESIAN_POINT('',(107.616208704801,4.8,22.0000003576279));
#4532=CARTESIAN_POINT('Origin',(73.2324152638347,10.8,22.1529347382126));
#4533=CARTESIAN_POINT('',(73.0000010579825,7.5,21.3754285408623));
#4534=CARTESIAN_POINT('',(73.0000010579825,10.8,21.3754285408623));
#4535=CARTESIAN_POINT('',(74.029374061537,7.5,22.0000003576279));
#4536=CARTESIAN_POINT('Origin',(73.2324152638347,7.5,22.1529347382126));
#4537=CARTESIAN_POINT('',(74.029374061537,10.8,22.0000003576279));
#4538=CARTESIAN_POINT('Origin',(142.181957897525,4.8,-1.27464589991665));
#4539=CARTESIAN_POINT('',(142.000002145767,4.8,-0.483808145125949));
#4540=CARTESIAN_POINT('',(142.000002145767,4.8,-1.00000004470347));
#4541=CARTESIAN_POINT('',(142.000002145767,4.8,-1.13732297231006));
#4542=CARTESIAN_POINT('',(141.418346802651,4.8,-1.00000004470347));
#4543=CARTESIAN_POINT('Origin',(142.181957897525,4.8,-1.27464589991665));
#4544=CARTESIAN_POINT('',(107.590979477754,4.8,-1.00000004470347));
#4545=CARTESIAN_POINT('Origin',(142.181957897525,10.8,-1.27464589991665));
#4546=CARTESIAN_POINT('',(142.000002145767,7.5,-0.483808145125949));
#4547=CARTESIAN_POINT('',(142.000002145767,10.8,-0.48380814512595));
#4548=CARTESIAN_POINT('',(141.418346802651,7.5,-1.00000004470347));
#4549=CARTESIAN_POINT('Origin',(142.181957897525,7.5,-1.27464589991665));
#4550=CARTESIAN_POINT('',(141.418346802651,10.8,-1.00000004470347));
#4551=CARTESIAN_POINT('Origin',(73.0000010579825,0.,22.0000003576279));
#4552=CARTESIAN_POINT('',(73.0000010579825,7.5,2.38196593442841));
#4553=CARTESIAN_POINT('',(73.0000010579825,7.5,22.0000003576279));
#4554=CARTESIAN_POINT('',(73.0000010579825,6.50000011920929,2.00000002980232));
#4555=CARTESIAN_POINT('Origin',(73.0000010579825,6.50000011920929,3.50000002980232));
#4556=CARTESIAN_POINT('',(73.0000010579825,4.00000004470348,2.00000002980232));
#4557=CARTESIAN_POINT('',(73.0000010579825,2.00000002235174,2.00000002980232));
#4558=CARTESIAN_POINT('',(73.0000010579825,3.00000004470348,3.00000002980232));
#4559=CARTESIAN_POINT('Origin',(73.0000010579825,4.00000004470348,3.00000002980232));
#4560=CARTESIAN_POINT('',(73.0000010579825,3.00000004470348,12.0000001937151));
#4561=CARTESIAN_POINT('',(73.0000010579825,3.00000004470348,17.0000002756715));
#4562=CARTESIAN_POINT('',(73.0000010579825,4.00000004470348,13.0000001937151));
#4563=CARTESIAN_POINT('Origin',(73.0000010579825,4.00000004470349,12.0000001937151));
#4564=CARTESIAN_POINT('',(73.0000010579825,7.00000011920929,13.0000001937151));
#4565=CARTESIAN_POINT('',(73.0000010579825,3.50000005960464,13.0000001937151));
#4566=CARTESIAN_POINT('',(73.0000010579825,7.5,12.866025666325));
#4567=CARTESIAN_POINT('Origin',(73.0000010579825,7.00000011920929,12.0000001937151));
#4568=CARTESIAN_POINT('',(73.0000010579825,7.5,22.0000003576279));
#4569=CARTESIAN_POINT('',(73.0000010579825,-18.,22.0000003576279));
#4570=CARTESIAN_POINT('',(73.0000010579825,0.,22.0000003576279));
#4571=CARTESIAN_POINT('',(73.0000010579825,-18.,-1.00000004470347));
#4572=CARTESIAN_POINT('',(73.0000010579825,-18.,22.0000003576279));
#4573=CARTESIAN_POINT('',(73.0000010579825,0.,-1.00000004470347));
#4574=CARTESIAN_POINT('Origin',(107.500001601875,7.5,10.5000001564622));
#4575=CARTESIAN_POINT('',(73.0000010579825,7.5,-1.00000004470347));
#4576=CARTESIAN_POINT('',(142.000002145767,7.5,-1.00000004470347));
#4577=CARTESIAN_POINT('',(142.000002145767,7.5,22.0000003576279));
#4578=CARTESIAN_POINT('',(71.0000010579825,7.5,12.866025666325));
#4579=CARTESIAN_POINT('',(0.,7.5,12.866025666325));
#4580=CARTESIAN_POINT('',(71.0000010579824,7.5,22.0000003576279));
#4581=CARTESIAN_POINT('',(71.0000010579824,7.5,22.0000003576279));
#4582=CARTESIAN_POINT('',(73.0000010579824,7.5,24.0000003576279));
#4583=CARTESIAN_POINT('Origin',(73.0000010579825,7.5,22.0000003576279));
#4584=CARTESIAN_POINT('',(142.000002145767,7.5,24.0000003576279));
#4585=CARTESIAN_POINT('',(142.000002145767,7.5,24.0000003576279));
#4586=CARTESIAN_POINT('',(144.000002145767,7.5,22.0000003576279));
#4587=CARTESIAN_POINT('Origin',(142.000002145767,7.5,22.0000003576279));
#4588=CARTESIAN_POINT('',(144.000002145767,7.5,-1.00000004470349));
#4589=CARTESIAN_POINT('',(144.000002145767,7.5,-1.00000004470348));
#4590=CARTESIAN_POINT('',(142.000002145767,7.5,-3.00000004470349));
#4591=CARTESIAN_POINT('Origin',(142.000002145767,7.5,-1.0000000447035));
#4592=CARTESIAN_POINT('',(73.0000010579824,7.5,-3.00000004470348));
#4593=CARTESIAN_POINT('',(73.0000010579824,7.5,-3.00000004470348));
#4594=CARTESIAN_POINT('',(71.0000010579824,7.5,-1.00000004470348));
#4595=CARTESIAN_POINT('Origin',(73.0000010579825,7.5,-1.00000004470347));
#4596=CARTESIAN_POINT('',(71.0000010579824,7.5,2.38196593442841));
#4597=CARTESIAN_POINT('',(71.0000010579824,7.5,22.0000003576279));
#4598=CARTESIAN_POINT('',(0.,7.5,2.38196593442841));
#4599=CARTESIAN_POINT('Origin',(142.000002145767,0.,-1.00000004470347));
#4600=CARTESIAN_POINT('',(142.000002145767,-18.,-1.00000004470347));
#4601=CARTESIAN_POINT('',(142.000002145767,0.,-1.00000004470347));
#4602=CARTESIAN_POINT('',(142.000002145767,-18.,22.0000003576279));
#4603=CARTESIAN_POINT('',(142.000002145767,-18.,-1.00000004470347));
#4604=CARTESIAN_POINT('',(142.000002145767,0.,22.0000003576279));
#4605=CARTESIAN_POINT('Origin',(0.,7.00000011920929,12.0000001937151));
#4606=CARTESIAN_POINT('',(71.0000010579824,7.00000011920929,13.0000001937151));
#4607=CARTESIAN_POINT('',(0.,7.00000011920929,13.0000001937151));
#4608=CARTESIAN_POINT('Origin',(71.0000010579824,7.00000011920929,12.0000001937151));
#4609=CARTESIAN_POINT('Origin',(0.,6.50000011920929,3.50000002980232));
#4610=CARTESIAN_POINT('',(71.0000010579824,6.50000011920929,2.00000002980232));
#4611=CARTESIAN_POINT('Origin',(71.0000010579824,6.50000011920929,3.50000002980232));
#4612=CARTESIAN_POINT('',(0.,6.50000011920929,2.00000002980232));
#4613=CARTESIAN_POINT('Origin',(0.,7.00000011920929,13.0000001937151));
#4614=CARTESIAN_POINT('',(71.0000010579824,4.00000004470348,13.0000001937151));
#4615=CARTESIAN_POINT('',(71.0000010579824,3.50000005960464,13.0000001937151));
#4616=CARTESIAN_POINT('',(0.,4.00000004470348,13.0000001937151));
#4617=CARTESIAN_POINT('Origin',(0.,4.00000004470349,12.0000001937151));
#4618=CARTESIAN_POINT('',(71.0000010579824,3.00000004470348,12.0000001937151));
#4619=CARTESIAN_POINT('Origin',(71.0000010579824,4.00000004470349,12.0000001937151));
#4620=CARTESIAN_POINT('',(0.,3.00000004470348,12.0000001937151));
#4621=CARTESIAN_POINT('Origin',(0.,3.00000004470348,12.0000001937151));
#4622=CARTESIAN_POINT('',(71.0000010579824,3.00000004470348,3.00000002980232));
#4623=CARTESIAN_POINT('',(71.0000010579824,3.00000004470348,5.50000007450581));
#4624=CARTESIAN_POINT('',(0.,3.00000004470348,3.00000002980232));
#4625=CARTESIAN_POINT('Origin',(0.,4.00000004470348,3.00000002980232));
#4626=CARTESIAN_POINT('',(71.0000010579824,4.00000004470348,2.00000002980232));
#4627=CARTESIAN_POINT('Origin',(71.0000010579824,4.00000004470348,3.00000002980232));
#4628=CARTESIAN_POINT('',(0.,4.00000004470348,2.00000002980232));
#4629=CARTESIAN_POINT('Origin',(0.,4.00000004470348,2.00000002980232));
#4630=CARTESIAN_POINT('',(71.0000010579824,2.00000002235174,2.00000002980232));
#4631=CARTESIAN_POINT('Origin',(71.0000010579824,0.,-1.00000004470348));
#4632=CARTESIAN_POINT('',(71.0000010579824,-18.,-1.00000004470348));
#4633=CARTESIAN_POINT('',(71.0000010579824,0.,-1.00000004470348));
#4634=CARTESIAN_POINT('',(71.0000010579824,-18.,22.0000003576279));
#4635=CARTESIAN_POINT('',(71.0000010579824,-18.,22.0000003576279));
#4636=CARTESIAN_POINT('',(71.0000010579824,0.,22.0000003576279));
#4637=CARTESIAN_POINT('Origin',(89.6097797724213,6.4755592523798,19.1302802686912));
#4638=CARTESIAN_POINT('',(89.6097797724213,6.47555925237981,22.0000003576279));
#4639=CARTESIAN_POINT('',(89.6097797724213,6.67555925237981,22.0000003576279));
#4640=CARTESIAN_POINT('',(89.6097797724213,3.2377796261899,22.0000003576279));
#4641=CARTESIAN_POINT('',(89.6097797724213,6.47555925237982,24.0000003576279));
#4642=CARTESIAN_POINT('',(89.6097797724213,6.4755592523798,19.1302802686912));
#4643=CARTESIAN_POINT('',(89.6097797724213,6.67555925237981,24.0000003576279));
#4644=CARTESIAN_POINT('',(89.6097797724213,3.2377796261899,24.0000003576279));
#4645=CARTESIAN_POINT('',(89.6097797724213,6.6755592523798,19.1302802686912));
#4646=CARTESIAN_POINT('Origin',(89.1097797724213,6.67555925237977,19.1302802686912));
#4647=CARTESIAN_POINT('',(89.1097797724213,7.1755592523798,22.0000003576279));
#4648=CARTESIAN_POINT('Origin',(89.1097797724213,6.67555925237978,22.0000003576278));
#4649=CARTESIAN_POINT('',(89.1097797724213,7.17555925237981,24.0000003576279));
#4650=CARTESIAN_POINT('Origin',(89.1097797724213,6.67555925237979,24.0000003576279));
#4651=CARTESIAN_POINT('',(89.1097797724213,7.1755592523798,19.1302802686912));
#4652=CARTESIAN_POINT('Origin',(89.1097797724213,7.1755592523798,19.1302802686912));
#4653=CARTESIAN_POINT('',(87.4097797724214,7.17555925237981,22.0000003576279));
#4654=CARTESIAN_POINT('',(115.554890959094,7.17555925237981,22.0000003576279));
#4655=CARTESIAN_POINT('',(87.4097797724214,7.17555925237981,24.0000003576279));
#4656=CARTESIAN_POINT('',(81.0548904152019,7.17555925237981,24.0000003576279));
#4657=CARTESIAN_POINT('',(87.4097797724214,7.1755592523798,19.1302802686912));
#4658=CARTESIAN_POINT('Origin',(87.4097797724214,6.67555925237979,19.1302802686912));
#4659=CARTESIAN_POINT('',(86.9097797724213,6.67555925237981,22.0000003576279));
#4660=CARTESIAN_POINT('Origin',(87.4097797724214,6.6755592523798,22.0000003576278));
#4661=CARTESIAN_POINT('',(86.9097797724213,6.67555925237981,24.0000003576279));
#4662=CARTESIAN_POINT('Origin',(87.4097797724214,6.6755592523798,24.0000003576279));
#4663=CARTESIAN_POINT('',(86.9097797724213,6.6755592523798,19.1302802686912));
#4664=CARTESIAN_POINT('Origin',(86.9097797724213,6.6755592523798,19.1302802686912));
#4665=CARTESIAN_POINT('',(86.9097797724213,6.47555925237981,22.0000003576279));
#4666=CARTESIAN_POINT('',(86.9097797724213,3.3377796261899,22.0000003576279));
#4667=CARTESIAN_POINT('',(86.9097797724213,6.47555925237982,24.0000003576279));
#4668=CARTESIAN_POINT('',(86.9097797724213,3.3377796261899,24.0000003576279));
#4669=CARTESIAN_POINT('',(86.9097797724213,6.4755592523798,19.1302802686912));
#4670=CARTESIAN_POINT('Origin',(89.1097797724213,6.47555925237983,19.1302802686912));
#4671=CARTESIAN_POINT('',(89.1097797724213,5.97555925237981,22.0000003576279));
#4672=CARTESIAN_POINT('Origin',(89.1097797724213,6.47555925237984,22.0000003576278));
#4673=CARTESIAN_POINT('',(89.1097797724213,5.97555925237982,24.0000003576279));
#4674=CARTESIAN_POINT('',(89.1097797724213,5.9755592523798,19.1302802686912));
#4675=CARTESIAN_POINT('Origin',(89.1097797724213,6.47555925237984,24.0000003576279));
#4676=CARTESIAN_POINT('Origin',(87.4097797724214,5.9755592523798,19.1302802686912));
#4677=CARTESIAN_POINT('',(87.4097797724214,5.97555925237981,22.0000003576279));
#4678=CARTESIAN_POINT('',(114.704890959094,5.97555925237983,22.0000003576279));
#4679=CARTESIAN_POINT('',(87.4097797724214,5.97555925237982,24.0000003576279));
#4680=CARTESIAN_POINT('',(87.4097797724214,5.9755592523798,19.1302802686912));
#4681=CARTESIAN_POINT('',(80.2048904152019,5.97555925237981,24.0000003576279));
#4682=CARTESIAN_POINT('Origin',(87.4097797724214,6.47555925237981,19.1302802686912));
#4683=CARTESIAN_POINT('Origin',(87.4097797724214,6.47555925237982,22.0000003576278));
#4684=CARTESIAN_POINT('Origin',(87.4097797724214,6.47555925237983,24.0000003576279));
#4685=CARTESIAN_POINT('Origin',(107.500001601875,-18.,10.5000001564622));
#4686=CARTESIAN_POINT('',(73.0000010579824,-18.,-3.00000004470348));
#4687=CARTESIAN_POINT('Origin',(73.0000010579825,-18.,-1.00000004470347));
#4688=CARTESIAN_POINT('',(142.000002145767,-18.,-3.00000004470349));
#4689=CARTESIAN_POINT('',(73.0000010579824,-18.,-3.00000004470348));
#4690=CARTESIAN_POINT('',(144.000002145767,-18.,-1.00000004470349));
#4691=CARTESIAN_POINT('Origin',(142.000002145767,-18.,-1.0000000447035));
#4692=CARTESIAN_POINT('',(144.000002145767,-18.,22.0000003576279));
#4693=CARTESIAN_POINT('',(144.000002145767,-18.,-1.00000004470348));
#4694=CARTESIAN_POINT('',(142.000002145767,-18.,24.0000003576279));
#4695=CARTESIAN_POINT('Origin',(142.000002145767,-18.,22.0000003576279));
#4696=CARTESIAN_POINT('',(73.0000010579824,-18.,24.0000003576279));
#4697=CARTESIAN_POINT('',(142.000002145767,-18.,24.0000003576279));
#4698=CARTESIAN_POINT('Origin',(73.0000010579825,-18.,22.0000003576279));
#4699=CARTESIAN_POINT('',(142.000002145767,-18.,22.0000003576279));
#4700=CARTESIAN_POINT('',(73.0000010579825,-18.,-1.00000004470347));
#4701=CARTESIAN_POINT('Origin',(73.0000010579825,0.,-1.00000004470347));
#4702=CARTESIAN_POINT('Origin',(142.000002145767,0.,22.0000003576279));
#4703=CARTESIAN_POINT('Origin',(142.000002145767,0.,-3.00000004470348));
#4704=CARTESIAN_POINT('',(73.0000010579824,0.,-3.00000004470348));
#4705=CARTESIAN_POINT('',(142.000002145767,0.,-3.00000004470349));
#4706=CARTESIAN_POINT('Origin',(142.000002145767,0.,-1.0000000447035));
#4707=CARTESIAN_POINT('',(144.000002145767,0.,-1.00000004470348));
#4708=CARTESIAN_POINT('Origin',(144.000002145767,0.,22.0000003576279));
#4709=CARTESIAN_POINT('',(144.000002145767,0.,22.0000003576279));
#4710=CARTESIAN_POINT('Origin',(142.000002145767,0.,22.0000003576279));
#4711=CARTESIAN_POINT('',(142.000002145767,0.,24.0000003576279));
#4712=CARTESIAN_POINT('Origin',(73.0000010579824,0.,24.0000003576279));
#4713=CARTESIAN_POINT('',(73.0000010579824,0.,24.0000003576279));
#4714=CARTESIAN_POINT('Origin',(73.0000010579825,0.,22.0000003576279));
#4715=CARTESIAN_POINT('Origin',(73.0000010579825,0.,-1.00000004470347));
#4716=CARTESIAN_POINT('Origin',(72.7590341814387,10.8,-1.39467810270306));
#4717=CARTESIAN_POINT('',(71.9475341814387,10.75,-1.39467810270306));
#4718=CARTESIAN_POINT('Origin',(72.7590341814387,10.75,-1.39467810270306));
#4719=CARTESIAN_POINT('',(71.9475341814387,8.75000000000001,-1.39467810270306));
#4720=CARTESIAN_POINT('',(71.9475341814387,10.8,-1.39467810270306));
#4721=CARTESIAN_POINT('Origin',(72.7590341814387,8.75000000000001,-1.39467810270306));
#4722=CARTESIAN_POINT('Origin',(142.119564133762,10.8,22.2953394623561));
#4723=CARTESIAN_POINT('',(141.308064133762,10.75,22.2953394623561));
#4724=CARTESIAN_POINT('Origin',(142.119564133762,10.75,22.2953394623561));
#4725=CARTESIAN_POINT('',(141.308064133762,8.75000000000001,22.2953394623561));
#4726=CARTESIAN_POINT('',(141.308064133762,10.8,22.2953394623561));
#4727=CARTESIAN_POINT('Origin',(142.119564133762,8.75000000000001,22.2953394623561));
#4728=CARTESIAN_POINT('Origin',(73.2324152638347,10.8,22.1529347382126));
#4729=CARTESIAN_POINT('',(72.4209152638347,10.75,22.1529347382126));
#4730=CARTESIAN_POINT('Origin',(73.2324152638347,10.75,22.1529347382126));
#4731=CARTESIAN_POINT('',(72.4209152638347,8.75000000000001,22.1529347382126));
#4732=CARTESIAN_POINT('',(72.4209152638347,10.8,22.1529347382126));
#4733=CARTESIAN_POINT('Origin',(73.2324152638347,8.75000000000001,22.1529347382126));
#4734=CARTESIAN_POINT('Origin',(142.181957897525,10.8,-1.27464589991665));
#4735=CARTESIAN_POINT('',(141.370457897525,10.75,-1.27464589991665));
#4736=CARTESIAN_POINT('Origin',(142.181957897525,10.75,-1.27464589991665));
#4737=CARTESIAN_POINT('',(141.370457897525,8.75000000000001,-1.27464589991665));
#4738=CARTESIAN_POINT('',(141.370457897525,10.8,-1.27464589991665));
#4739=CARTESIAN_POINT('Origin',(142.181957897525,8.75000000000001,-1.27464589991665));
#4740=CARTESIAN_POINT('Origin',(71.0000010579824,8.75,-0.994786377032239));
#4741=CARTESIAN_POINT('',(71.000001057983,8.75,-0.994786377032239));
#4742=CARTESIAN_POINT('',(71.0000010579824,8.75,22.0000003576279));
#4743=CARTESIAN_POINT('',(71.0000010579824,8.75,-0.994786377032239));
#4744=CARTESIAN_POINT('',(71.0000010579824,10.75,22.0000003576279));
#4745=CARTESIAN_POINT('',(71.0000010579824,8.75,22.0000003576279));
#4746=CARTESIAN_POINT('',(71.000001057983,10.75,-0.99478637703224));
#4747=CARTESIAN_POINT('',(71.0000010579824,10.75,-0.994786377032239));
#4748=CARTESIAN_POINT('',(71.000001057983,8.75,-0.994786377032239));
#4749=CARTESIAN_POINT('Origin',(73.0000010579825,8.75,-0.994786377032239));
#4750=CARTESIAN_POINT('',(73.0000010579824,8.74999999999999,-2.99478637703166));
#4751=CARTESIAN_POINT('Origin',(73.0000010579825,8.75,-0.994786377032239));
#4752=CARTESIAN_POINT('',(73.0000010579824,10.75,-2.99478637703166));
#4753=CARTESIAN_POINT('Origin',(73.0000010579825,10.75,-0.994786377032239));
#4754=CARTESIAN_POINT('',(73.0000010579824,8.74999999999999,-2.99478637703166));
#4755=CARTESIAN_POINT('Origin',(142.000002145767,8.75,-2.99478637703224));
#4756=CARTESIAN_POINT('',(142.000002145767,8.75,-2.99478637703224));
#4757=CARTESIAN_POINT('',(142.000002145767,8.75,-2.99478637703224));
#4758=CARTESIAN_POINT('',(142.000002145767,10.75,-2.99478637703224));
#4759=CARTESIAN_POINT('',(142.000002145767,10.75,-2.99478637703224));
#4760=CARTESIAN_POINT('',(142.000002145767,8.75,-2.99478637703224));
#4761=CARTESIAN_POINT('Origin',(142.000002145767,8.75,-0.994786377032248));
#4762=CARTESIAN_POINT('',(144.000002145767,8.75,-0.994786377032248));
#4763=CARTESIAN_POINT('Origin',(142.000002145767,8.75,-0.994786377032248));
#4764=CARTESIAN_POINT('',(144.000002145767,10.75,-0.994786377032248));
#4765=CARTESIAN_POINT('Origin',(142.000002145767,10.75,-0.994786377032248));
#4766=CARTESIAN_POINT('',(144.000002145767,8.75,-0.994786377032248));
#4767=CARTESIAN_POINT('Origin',(144.000002145767,8.74999999999999,22.0000003576272));
#4768=CARTESIAN_POINT('',(144.000002145767,8.75,22.0000003576272));
#4769=CARTESIAN_POINT('',(144.000002145767,8.74999999999999,22.0000003576272));
#4770=CARTESIAN_POINT('',(144.000002145767,10.75,22.0000003576272));
#4771=CARTESIAN_POINT('',(144.000002145767,10.75,22.0000003576272));
#4772=CARTESIAN_POINT('',(144.000002145767,8.75,22.0000003576272));
#4773=CARTESIAN_POINT('Origin',(142.000002145767,8.75,22.0000003576279));
#4774=CARTESIAN_POINT('',(142.000002145767,8.75,24.0000003576279));
#4775=CARTESIAN_POINT('Origin',(142.000002145767,8.75,22.0000003576279));
#4776=CARTESIAN_POINT('',(142.000002145767,10.75,24.0000003576279));
#4777=CARTESIAN_POINT('Origin',(142.000002145767,10.75,22.0000003576279));
#4778=CARTESIAN_POINT('',(142.000002145767,8.75,24.0000003576279));
#4779=CARTESIAN_POINT('Origin',(73.0000010579824,8.75,24.0000003576279));
#4780=CARTESIAN_POINT('',(73.0000010579824,8.75,24.0000003576279));
#4781=CARTESIAN_POINT('',(73.0000010579824,8.75,24.0000003576279));
#4782=CARTESIAN_POINT('',(73.0000010579824,10.75,24.0000003576279));
#4783=CARTESIAN_POINT('',(73.0000010579824,10.75,24.0000003576279));
#4784=CARTESIAN_POINT('',(73.0000010579824,8.75,24.0000003576279));
#4785=CARTESIAN_POINT('Origin',(73.0000010579825,8.75,22.0000003576279));
#4786=CARTESIAN_POINT('Origin',(73.0000010579825,8.75,22.0000003576279));
#4787=CARTESIAN_POINT('Origin',(73.0000010579825,10.75,22.0000003576279));
#4788=CARTESIAN_POINT('Origin',(107.500001601875,10.75,10.5026069902978));
#4789=CARTESIAN_POINT('',(76.1763914995749,10.75,17.2999996133149));
#4790=CARTESIAN_POINT('Origin',(76.3999982923269,10.75,17.2999996133149));
#4791=CARTESIAN_POINT('',(73.5763915576895,10.75,17.2999996133149));
#4792=CARTESIAN_POINT('Origin',(73.7999983504415,10.75,17.2999996133149));
#4793=CARTESIAN_POINT('',(78.7763914414604,10.75,17.2999996133149));
#4794=CARTESIAN_POINT('Origin',(78.9999982342124,10.75,17.2999996133149));
#4795=CARTESIAN_POINT('',(81.3764981760979,10.75,17.2999996133149));
#4796=CARTESIAN_POINT('Origin',(81.5999981760979,10.75,17.2999996133149));
#4797=CARTESIAN_POINT('Origin',(107.500001601875,8.75000000000001,10.5026069902978));
#4798=CARTESIAN_POINT('',(82.4818974736068,8.75,18.6984827432432));
#4799=CARTESIAN_POINT('',(82.4818974736068,8.75,15.9344334014986));
#4800=CARTESIAN_POINT('',(82.4818974736068,8.75,14.6005448667705));
#4801=CARTESIAN_POINT('',(73.0000010877848,8.75,15.9344334014986));
#4802=CARTESIAN_POINT('',(94.9909495377408,8.75,15.9344334014986));
#4803=CARTESIAN_POINT('',(73.0000010877848,8.75,18.6984827432432));
#4804=CARTESIAN_POINT('',(73.0000010877848,8.75,13.2185201958982));
#4805=CARTESIAN_POINT('',(90.2500013448298,8.75,18.6984827432432));
#4806=CARTESIAN_POINT('Origin',(76.3999982923269,7.5,17.2999996133149));
#4807=CARTESIAN_POINT('',(76.1763914995749,5.2,17.2999996133149));
#4808=CARTESIAN_POINT('Origin',(76.3999982923269,5.2,17.2999996133149));
#4809=CARTESIAN_POINT('',(76.1763914995749,7.5,17.2999996133149));
#4810=CARTESIAN_POINT('Origin',(81.5999981760979,7.5,17.2999996133149));
#4811=CARTESIAN_POINT('',(81.3764981760979,5.2,17.2999996133149));
#4812=CARTESIAN_POINT('Origin',(81.5999981760979,5.2,17.2999996133149));
#4813=CARTESIAN_POINT('',(81.3764981760979,7.5,17.2999996133149));
#4814=CARTESIAN_POINT('Origin',(73.7999983504415,7.5,17.2999996133149));
#4815=CARTESIAN_POINT('',(73.5763915576895,5.2,17.2999996133149));
#4816=CARTESIAN_POINT('Origin',(73.7999983504415,5.2,17.2999996133149));
#4817=CARTESIAN_POINT('',(73.5763915576895,7.5,17.2999996133149));
#4818=CARTESIAN_POINT('Origin',(78.9999982342124,7.5,17.2999996133149));
#4819=CARTESIAN_POINT('',(78.7763914414604,5.2,17.2999996133149));
#4820=CARTESIAN_POINT('Origin',(78.9999982342124,5.2,17.2999996133149));
#4821=CARTESIAN_POINT('',(78.7763914414604,7.5,17.2999996133149));
#4822=CARTESIAN_POINT('Origin',(73.0000010877848,7.5,18.6984827432432));
#4823=CARTESIAN_POINT('',(73.0000010877848,5.2,15.9344334014986));
#4824=CARTESIAN_POINT('',(73.0000010877848,7.5,15.9344334014986));
#4825=CARTESIAN_POINT('',(73.0000010877848,5.2,18.6984827432432));
#4826=CARTESIAN_POINT('',(73.0000010877848,5.2,18.6984827432432));
#4827=CARTESIAN_POINT('',(73.0000010877848,7.5,18.6984827432432));
#4828=CARTESIAN_POINT('Origin',(82.4818974736068,7.5,18.6984827432432));
#4829=CARTESIAN_POINT('',(82.4818974736068,5.2,18.6984827432432));
#4830=CARTESIAN_POINT('',(82.4818974736068,5.2,18.6984827432432));
#4831=CARTESIAN_POINT('',(82.4818974736068,7.5,18.6984827432432));
#4832=CARTESIAN_POINT('Origin',(82.4818974736068,7.5,15.9344334014986));
#4833=CARTESIAN_POINT('',(82.4818974736068,5.2,15.9344334014986));
#4834=CARTESIAN_POINT('',(82.4818974736068,5.2,15.9344334014986));
#4835=CARTESIAN_POINT('',(82.4818974736068,7.5,15.9344334014986));
#4836=CARTESIAN_POINT('Origin',(73.0000010877848,7.5,15.9344334014986));
#4837=CARTESIAN_POINT('',(73.0000010877848,5.2,15.9344334014986));
#4838=CARTESIAN_POINT('Origin',(77.7409492806958,5.2,17.3164580723709));
#4839=CARTESIAN_POINT('Origin',(72.7590341814387,10.8,-1.39467810270306));
#4840=CARTESIAN_POINT('',(73.0000010579825,7.5,-0.619779906545176));
#4841=CARTESIAN_POINT('',(73.0000010579825,8.75,-0.619779906545176));
#4842=CARTESIAN_POINT('',(73.0000010579825,10.8,-0.619779906545174));
#4843=CARTESIAN_POINT('',(73.4680909355387,7.5,-1.00000004470373));
#4844=CARTESIAN_POINT('Origin',(72.7590341814387,7.5,-1.39467810270306));
#4845=CARTESIAN_POINT('',(73.4680909355387,8.75,-1.00000004470373));
#4846=CARTESIAN_POINT('',(73.4680909355379,10.8,-1.00000004470347));
#4847=CARTESIAN_POINT('Origin',(72.7590341814387,8.75,-1.39467810270306));
#4848=CARTESIAN_POINT('Origin',(142.119564133762,10.8,22.2953394623561));
#4849=CARTESIAN_POINT('',(141.363715562143,7.5,22.0000003576279));
#4850=CARTESIAN_POINT('',(142.000002145767,7.5,21.4926955929927));
#4851=CARTESIAN_POINT('Origin',(142.119564133762,7.5,22.2953394623561));
#4852=CARTESIAN_POINT('',(141.363715562143,8.75,22.0000003576279));
#4853=CARTESIAN_POINT('',(141.363715562143,10.8,22.0000003576279));
#4854=CARTESIAN_POINT('',(142.000002145767,8.75,21.4926955929927));
#4855=CARTESIAN_POINT('Origin',(142.119564133762,8.75,22.2953394623561));
#4856=CARTESIAN_POINT('',(142.000002145767,10.8,21.4926955929927));
#4857=CARTESIAN_POINT('Origin',(73.2324152638347,10.8,22.1529347382126));
#4858=CARTESIAN_POINT('',(73.0000010579825,8.75,21.3754285408623));
#4859=CARTESIAN_POINT('',(73.0000010579825,7.5,21.3754285408623));
#4860=CARTESIAN_POINT('',(73.0000010579825,10.8,21.3754285408623));
#4861=CARTESIAN_POINT('',(74.029374061537,8.75,22.0000003576279));
#4862=CARTESIAN_POINT('Origin',(73.2324152638347,8.75,22.1529347382126));
#4863=CARTESIAN_POINT('',(74.029374061537,7.5,22.0000003576279));
#4864=CARTESIAN_POINT('',(74.029374061537,10.8,22.0000003576279));
#4865=CARTESIAN_POINT('Origin',(73.2324152638347,7.5,22.1529347382126));
#4866=CARTESIAN_POINT('Origin',(142.181957897525,10.8,-1.27464589991665));
#4867=CARTESIAN_POINT('',(142.000002145767,7.5,-0.483808145125949));
#4868=CARTESIAN_POINT('',(141.418346802651,7.5,-1.00000004470347));
#4869=CARTESIAN_POINT('Origin',(142.181957897525,7.5,-1.27464589991665));
#4870=CARTESIAN_POINT('',(142.000002145767,8.75,-0.483808145125949));
#4871=CARTESIAN_POINT('',(142.000002145767,10.8,-0.48380814512595));
#4872=CARTESIAN_POINT('',(141.418346802651,8.75,-1.00000004470347));
#4873=CARTESIAN_POINT('Origin',(142.181957897525,8.75,-1.27464589991665));
#4874=CARTESIAN_POINT('',(141.418346802651,10.8,-1.00000004470347));
#4875=CARTESIAN_POINT('Origin',(142.000002145767,7.5,22.0000003576279));
#4876=CARTESIAN_POINT('',(142.000002145767,7.5,22.0000003576279));
#4877=CARTESIAN_POINT('',(142.000002145767,8.75,22.0000003576279));
#4878=CARTESIAN_POINT('Origin',(73.0000010579825,7.5,-1.00000004470347));
#4879=CARTESIAN_POINT('',(73.0000010579825,7.5,-1.00000004470347));
#4880=CARTESIAN_POINT('',(73.0000010579825,8.75,-1.00000004470347));
#4881=CARTESIAN_POINT('Origin',(107.500001601875,7.5,10.5000001564622));
#4882=CARTESIAN_POINT('',(73.0000010579825,7.5,2.38196593442841));
#4883=CARTESIAN_POINT('',(73.0000010579825,7.5,22.0000003576279));
#4884=CARTESIAN_POINT('',(71.0000010579824,7.5,2.38196593442841));
#4885=CARTESIAN_POINT('',(0.,7.5,2.38196593442841));
#4886=CARTESIAN_POINT('',(71.0000010579824,7.5,-1.00000004470348));
#4887=CARTESIAN_POINT('',(71.0000010579824,7.5,22.0000003576279));
#4888=CARTESIAN_POINT('',(73.0000010579824,7.5,-3.00000004470348));
#4889=CARTESIAN_POINT('Origin',(73.0000010579825,7.5,-1.00000004470347));
#4890=CARTESIAN_POINT('',(142.000002145767,7.5,-3.00000004470349));
#4891=CARTESIAN_POINT('',(73.0000010579824,7.5,-3.00000004470348));
#4892=CARTESIAN_POINT('',(144.000002145767,7.5,-1.00000004470349));
#4893=CARTESIAN_POINT('Origin',(142.000002145767,7.5,-1.0000000447035));
#4894=CARTESIAN_POINT('',(144.000002145767,7.5,22.0000003576279));
#4895=CARTESIAN_POINT('',(144.000002145767,7.5,-1.00000004470348));
#4896=CARTESIAN_POINT('',(142.000002145767,7.5,24.0000003576279));
#4897=CARTESIAN_POINT('Origin',(142.000002145767,7.5,22.0000003576279));
#4898=CARTESIAN_POINT('',(73.0000010579824,7.5,24.0000003576279));
#4899=CARTESIAN_POINT('',(142.000002145767,7.5,24.0000003576279));
#4900=CARTESIAN_POINT('',(71.0000010579824,7.5,22.0000003576279));
#4901=CARTESIAN_POINT('Origin',(73.0000010579825,7.5,22.0000003576279));
#4902=CARTESIAN_POINT('',(71.0000010579825,7.5,12.866025666325));
#4903=CARTESIAN_POINT('',(71.0000010579824,7.5,22.0000003576279));
#4904=CARTESIAN_POINT('',(73.0000010579825,7.5,12.866025666325));
#4905=CARTESIAN_POINT('',(0.,7.5,12.866025666325));
#4906=CARTESIAN_POINT('',(73.0000010579825,7.5,22.0000003576279));
#4907=CARTESIAN_POINT('',(142.000002145767,7.5,-1.00000004470347));
#4908=CARTESIAN_POINT('Origin',(0.,6.50000011920929,3.50000002980232));
#4909=CARTESIAN_POINT('',(73.0000010579825,8.00000011920929,3.50000002980232));
#4910=CARTESIAN_POINT('Origin',(73.0000010579825,6.50000011920929,3.50000002980232));
#4911=CARTESIAN_POINT('',(71.0000010579824,8.00000011920929,3.50000002980232));
#4912=CARTESIAN_POINT('',(0.,8.00000011920929,3.50000002980232));
#4913=CARTESIAN_POINT('Origin',(71.0000010579824,6.50000011920929,3.50000002980232));
#4914=CARTESIAN_POINT('Origin',(0.,7.00000011920929,12.0000001937151));
#4915=CARTESIAN_POINT('',(71.0000010579824,8.00000011920929,12.0000001937151));
#4916=CARTESIAN_POINT('Origin',(71.0000010579824,7.00000011920929,12.0000001937151));
#4917=CARTESIAN_POINT('',(73.0000010579825,8.00000011920929,12.0000001937151));
#4918=CARTESIAN_POINT('',(0.,8.00000011920929,12.0000001937151));
#4919=CARTESIAN_POINT('Origin',(73.0000010579825,7.00000011920929,12.0000001937151));
#4920=CARTESIAN_POINT('Origin',(73.0000010579825,7.5,22.0000003576279));
#4921=CARTESIAN_POINT('',(73.0000010579825,8.75,22.0000003576279));
#4922=CARTESIAN_POINT('',(73.0000010579825,8.00000011920929,12.7500001937151));
#4923=CARTESIAN_POINT('Origin',(0.,8.00000011920929,3.50000002980232));
#4924=CARTESIAN_POINT('',(71.0000010579824,8.00000011920929,1.24999999254942));
#4925=CARTESIAN_POINT('Origin',(142.000002145767,7.5,-1.00000004470347));
#4926=CARTESIAN_POINT('',(142.000002145767,8.75,-1.00000004470347));
#4927=CARTESIAN_POINT('Origin',(142.000002145767,7.5,-3.00000004470348));
#4928=CARTESIAN_POINT('',(73.0000010579824,8.75,-3.00000004470348));
#4929=CARTESIAN_POINT('',(73.0000010579824,7.5,-3.00000004470348));
#4930=CARTESIAN_POINT('',(142.000002145767,8.75,-3.00000004470349));
#4931=CARTESIAN_POINT('',(73.0000010579824,8.75,-3.00000004470348));
#4932=CARTESIAN_POINT('',(142.000002145767,7.5,-3.00000004470349));
#4933=CARTESIAN_POINT('Origin',(142.000002145767,7.5,-1.0000000447035));
#4934=CARTESIAN_POINT('',(144.000002145767,8.75,-1.00000004470349));
#4935=CARTESIAN_POINT('Origin',(142.000002145767,8.75,-1.0000000447035));
#4936=CARTESIAN_POINT('',(144.000002145767,7.5,-1.00000004470349));
#4937=CARTESIAN_POINT('Origin',(144.000002145767,7.5,22.0000003576279));
#4938=CARTESIAN_POINT('',(144.000002145767,8.75,22.0000003576279));
#4939=CARTESIAN_POINT('',(144.000002145767,8.75,-1.00000004470348));
#4940=CARTESIAN_POINT('',(144.000002145767,7.5,22.0000003576279));
#4941=CARTESIAN_POINT('Origin',(142.000002145767,7.5,22.0000003576279));
#4942=CARTESIAN_POINT('',(142.000002145767,8.75,24.0000003576279));
#4943=CARTESIAN_POINT('Origin',(142.000002145767,8.75,22.0000003576279));
#4944=CARTESIAN_POINT('',(142.000002145767,7.5,24.0000003576279));
#4945=CARTESIAN_POINT('Origin',(73.0000010579824,7.5,24.0000003576279));
#4946=CARTESIAN_POINT('',(73.0000010579824,8.75,24.0000003576279));
#4947=CARTESIAN_POINT('',(142.000002145767,8.75,24.0000003576279));
#4948=CARTESIAN_POINT('',(73.0000010579824,7.5,24.0000003576279));
#4949=CARTESIAN_POINT('Origin',(73.0000010579825,7.5,22.0000003576279));
#4950=CARTESIAN_POINT('',(71.0000010579824,8.75,22.0000003576279));
#4951=CARTESIAN_POINT('Origin',(73.0000010579825,8.75,22.0000003576279));
#4952=CARTESIAN_POINT('',(71.0000010579824,7.5,22.0000003576279));
#4953=CARTESIAN_POINT('Origin',(71.0000010579824,7.5,-1.00000004470348));
#4954=CARTESIAN_POINT('',(71.0000010579824,8.75,-1.00000004470348));
#4955=CARTESIAN_POINT('',(71.0000010579824,8.75,22.0000003576279));
#4956=CARTESIAN_POINT('',(71.0000010579824,7.5,-1.00000004470348));
#4957=CARTESIAN_POINT('Origin',(73.0000010579825,7.5,-1.00000004470347));
#4958=CARTESIAN_POINT('Origin',(73.0000010579825,8.75,-1.00000004470347));
#4959=CARTESIAN_POINT('Origin',(107.500001601875,8.75,10.5000001564622));
#4960=CARTESIAN_POINT('Origin',(78.9999982342124,5.2,17.2999996133149));
#4961=CARTESIAN_POINT('',(78.7763914414604,5.2,17.2999996133149));
#4962=CARTESIAN_POINT('Origin',(78.9999982342124,5.2,17.2999996133149));
#4963=CARTESIAN_POINT('Origin',(78.9999982342124,7.5,17.2999996133149));
#4964=CARTESIAN_POINT('',(78.7763914414604,10.75,17.2999996133149));
#4965=CARTESIAN_POINT('Origin',(78.9999982342124,10.75,17.2999996133149));
#4966=CARTESIAN_POINT('',(78.7763914414604,7.5,17.2999996133149));
#4967=CARTESIAN_POINT('Origin',(78.9999982342124,10.75,17.2999996133149));
#4968=CARTESIAN_POINT('Origin',(76.3999982923269,5.2,17.2999996133149));
#4969=CARTESIAN_POINT('',(76.1763914995749,5.2,17.2999996133149));
#4970=CARTESIAN_POINT('Origin',(76.3999982923269,5.2,17.2999996133149));
#4971=CARTESIAN_POINT('Origin',(76.3999982923269,7.5,17.2999996133149));
#4972=CARTESIAN_POINT('',(76.1763914995749,10.75,17.2999996133149));
#4973=CARTESIAN_POINT('Origin',(76.3999982923269,10.75,17.2999996133149));
#4974=CARTESIAN_POINT('',(76.1763914995749,7.5,17.2999996133149));
#4975=CARTESIAN_POINT('Origin',(76.3999982923269,10.75,17.2999996133149));
#4976=CARTESIAN_POINT('Origin',(81.5999981760979,5.2,17.2999996133149));
#4977=CARTESIAN_POINT('',(81.3764981760979,5.2,17.2999996133149));
#4978=CARTESIAN_POINT('Origin',(81.5999981760979,5.2,17.2999996133149));
#4979=CARTESIAN_POINT('Origin',(81.5999981760979,7.5,17.2999996133149));
#4980=CARTESIAN_POINT('',(81.3764981760979,10.75,17.2999996133149));
#4981=CARTESIAN_POINT('Origin',(81.5999981760979,10.75,17.2999996133149));
#4982=CARTESIAN_POINT('',(81.3764981760979,7.5,17.2999996133149));
#4983=CARTESIAN_POINT('Origin',(81.5999981760979,10.75,17.2999996133149));
#4984=CARTESIAN_POINT('Origin',(73.7999983504415,5.2,17.2999996133149));
#4985=CARTESIAN_POINT('',(73.5763915576895,5.2,17.2999996133149));
#4986=CARTESIAN_POINT('Origin',(73.7999983504415,5.2,17.2999996133149));
#4987=CARTESIAN_POINT('Origin',(73.7999983504415,7.5,17.2999996133149));
#4988=CARTESIAN_POINT('',(73.5763915576895,10.75,17.2999996133149));
#4989=CARTESIAN_POINT('Origin',(73.7999983504415,10.75,17.2999996133149));
#4990=CARTESIAN_POINT('',(73.5763915576895,7.5,17.2999996133149));
#4991=CARTESIAN_POINT('Origin',(73.7999983504415,10.75,17.2999996133149));
#4992=UNCERTAINTY_MEASURE_WITH_UNIT(LENGTH_MEASURE(0.01),#4996,
'DISTANCE_ACCURACY_VALUE',
'Maximum model space distance between geometric entities at asserted c
onnectivities');
#4993=UNCERTAINTY_MEASURE_WITH_UNIT(LENGTH_MEASURE(0.01),#4996,
'DISTANCE_ACCURACY_VALUE',
'Maximum model space distance between geometric entities at asserted c
onnectivities');
#4994=(
GEOMETRIC_REPRESENTATION_CONTEXT(3)
GLOBAL_UNCERTAINTY_ASSIGNED_CONTEXT((#4992))
GLOBAL_UNIT_ASSIGNED_CONTEXT((#4996,#4997,#4998))
REPRESENTATION_CONTEXT('','3D')
);
#4995=(
GEOMETRIC_REPRESENTATION_CONTEXT(3)
GLOBAL_UNCERTAINTY_ASSIGNED_CONTEXT((#4993))
GLOBAL_UNIT_ASSIGNED_CONTEXT((#4996,#4997,#4998))
REPRESENTATION_CONTEXT('','3D')
);
#4996=(
LENGTH_UNIT()
NAMED_UNIT(*)
SI_UNIT(.MILLI.,.METRE.)
);
#4997=(
NAMED_UNIT(*)
PLANE_ANGLE_UNIT()
SI_UNIT($,.RADIAN.)
);
#4998=(
NAMED_UNIT(*)
SI_UNIT($,.STERADIAN.)
SOLID_ANGLE_UNIT()
);
#4999=SHAPE_DEFINITION_REPRESENTATION(#5000,#5001);
#5000=PRODUCT_DEFINITION_SHAPE('',$,#5003);
#5001=SHAPE_REPRESENTATION('',(#2990),#4994);
#5002=PRODUCT_DEFINITION_CONTEXT('part definition',#5007,'design');
#5003=PRODUCT_DEFINITION('casing','casing v17',#5004,#5002);
#5004=PRODUCT_DEFINITION_FORMATION('',$,#5009);
#5005=PRODUCT_RELATED_PRODUCT_CATEGORY('casing v17','casing v17',(#5009));
#5006=APPLICATION_PROTOCOL_DEFINITION('international standard',
'automotive_design',2009,#5007);
#5007=APPLICATION_CONTEXT(
'Core Data for Automotive Mechanical Design Process');
#5008=PRODUCT_CONTEXT('part definition',#5007,'mechanical');
#5009=PRODUCT('casing','casing v17',$,(#5008));
#5010=PRESENTATION_STYLE_ASSIGNMENT((#5013));
#5011=PRESENTATION_STYLE_ASSIGNMENT((#5014));
#5012=PRESENTATION_STYLE_ASSIGNMENT((#5015));
#5013=SURFACE_STYLE_USAGE(.BOTH.,#5016);
#5014=SURFACE_STYLE_USAGE(.BOTH.,#5017);
#5015=SURFACE_STYLE_USAGE(.BOTH.,#5018);
#5016=SURFACE_SIDE_STYLE('',(#5019));
#5017=SURFACE_SIDE_STYLE('',(#5020));
#5018=SURFACE_SIDE_STYLE('',(#5021));
#5019=SURFACE_STYLE_FILL_AREA(#5022);
#5020=SURFACE_STYLE_FILL_AREA(#5023);
#5021=SURFACE_STYLE_FILL_AREA(#5024);
#5022=FILL_AREA_STYLE('Steel - Satin',(#5025));
#5023=FILL_AREA_STYLE('EPX 82 (with Carbon M2 M3 L1 3D Printers)',(#5026));
#5024=FILL_AREA_STYLE('Acrylic (Clear)',(#5027));
#5025=FILL_AREA_STYLE_COLOUR('Steel - Satin',#5028);
#5026=FILL_AREA_STYLE_COLOUR(
'EPX 82 (with Carbon M2 M3 L1 3D Printers)',#5029);
#5027=FILL_AREA_STYLE_COLOUR('Acrylic (Clear)',#5030);
#5028=COLOUR_RGB('Steel - Satin',0.627450980392157,0.627450980392157,0.627450980392157);
#5029=COLOUR_RGB('EPX 82 (with Carbon M2 M3 L1 3D Printers)',0.247058823529412,
0.247058823529412,0.247058823529412);
#5030=COLOUR_RGB('Acrylic (Clear)',0.964705882352941,0.964705882352941,
0.952941176470588);
ENDSEC;
END-ISO-10303-21;
