#VRML V2.0 utf8
# 3D model generated by Easy ECAD Downloader

Shape{
    appearance Appearance {
        material  Material {
            diffuseColor 0.8509803921568627 0.8509803921568627 0.8509803921568627
            specularColor 0.4235294117647059 0.4235294117647059 0.4235294117647059
            ambientIntensity 0.2
            transparency 0
            shininess 0.5
        }
    }
    geometry IndexedFaceSet {
        ccw TRUE
        solid FALSE
        coord DEF co Coordinate {
            point [
                0.5687 -1.0591 2.6949, 0.5853 -1.0591 2.6891, 1.3091 -1.0591 3.0709, 0.6221 -1.0591 2.0721, 0.6127 -1.0591 2.0572, 1.3091 -1.0591 1.6535, -0.2808 -1.0591 1.6457, -0.2659 -1.0591 1.6364, 0.5512 -1.0591 2.0276, -0.2534 -1.0591 1.6239, -0.2440 -1.0591 1.6090, -1.3091 -1.0591 3.0709, -0.5687 -1.0591 2.6949, -0.5512 -1.0591 2.6969, 0.6003 -1.0591 2.6797, 0.6127 -1.0591 2.6672, 0.6221 -1.0591 2.6523, 0.6279 -1.0591 2.0888, 0.6003 -1.0591 2.0447, 0.5853 -1.0591 2.0354, 0.3150 -1.0591 1.6535, 0.5687 -1.0591 2.0295, 0.2974 -1.0591 1.6516, 0.2808 -1.0591 1.6457, -0.6003 -1.0591 2.0447, -0.6127 -1.0591 2.0572, -1.3091 -1.0591 1.6535, -0.6221 -1.0591 2.0721, -0.2382 -1.0591 1.5923, 0.2382 -1.0591 1.5923, -0.2362 -1.0591 1.5748, 0.2440 -1.0591 1.6090, 0.2534 -1.0591 1.6239, 0.2659 -1.0591 1.6364, 0.5512 -1.0591 2.6969, -0.2974 -1.0591 1.6516, -0.5512 -1.0591 2.0276, -0.3150 -1.0591 1.6535, -0.5687 -1.0591 2.0295, -0.5853 -1.0591 2.0354, -0.6127 -1.0591 2.6672, -0.6221 -1.0591 2.6523, -0.6279 -1.0591 2.6356, -0.6003 -1.0591 2.6797, -0.5853 -1.0591 2.6891, 0.2257 -1.0591 1.4173, 0.2335 -1.0591 1.4363, 0.2362 -1.0591 1.4567, -0.6279 -1.0591 2.0888, -0.6299 -1.0591 2.1063, -0.6299 -1.0591 2.6181, -0.2362 -1.0591 1.4567, 0.2362 -1.0591 1.5748, 0.6279 -1.0591 2.6356, 0.6299 -1.0591 2.6181, 0.6299 -1.0591 2.1063, 0.1779 -1.0591 1.3806, 0.1969 -1.0591 1.3885, 0.2132 -1.0591 1.4010, -0.2335 -1.0591 1.4363, -0.1779 -1.0591 1.3806, -0.1575 -1.0591 1.3780, 0.1575 -1.0591 1.3780, -0.2257 -1.0591 1.4173, -0.2132 -1.0591 1.4010, -0.1969 -1.0591 1.3885, 0.5687 -0.9409 2.6949, 0.5512 -0.9409 2.6969, 1.3091 -0.9409 3.0709, -0.5687 -0.9409 2.6949, -0.5853 -0.9409 2.6891, -1.3091 -0.9409 3.0709, -0.5512 -0.9409 2.6969, -0.5853 -0.9409 2.0354, -0.5687 -0.9409 2.0295, -0.2534 -0.9409 1.6239, -0.6003 -0.9409 2.0447, -0.2659 -0.9409 1.6364, -0.6127 -0.9409 2.0572, -0.2808 -0.9409 1.6457, -0.2974 -0.9409 1.6516, 0.3150 -0.9409 1.6535, 0.5687 -0.9409 2.0295, 1.3091 -0.9409 1.6535, 0.5853 -0.9409 2.0354, 0.6003 -0.9409 2.0447, 0.6127 -0.9409 2.0572, 0.6221 -0.9409 2.0721, 0.6279 -0.9409 2.6356, 0.6221 -0.9409 2.6523, 0.6127 -0.9409 2.6672, -0.6003 -0.9409 2.6797, -0.6127 -0.9409 2.6672, -0.6221 -0.9409 2.6523, 0.2440 -0.9409 1.6090, 0.2382 -0.9409 1.5923, -0.2440 -0.9409 1.6090, 0.5512 -0.9409 2.0276, -0.5512 -0.9409 2.0276, 0.6003 -0.9409 2.6797, 0.5853 -0.9409 2.6891, -0.6279 -0.9409 2.6356, -0.6299 -0.9409 2.6181, -1.3091 -0.9409 1.6535, -0.6299 -0.9409 2.1063, -0.6279 -0.9409 2.0888, 0.2534 -0.9409 1.6239, -0.6221 -0.9409 2.0721, -0.3150 -0.9409 1.6535, 0.2974 -0.9409 1.6516, 0.2808 -0.9409 1.6457, 0.2659 -0.9409 1.6364, 0.6279 -0.9409 2.0888, 0.6299 -0.9409 2.1063, 0.6299 -0.9409 2.6181, 0.2362 -0.9409 1.4567, -0.2362 -0.9409 1.4567, 0.2362 -0.9409 1.5748, -0.2362 -0.9409 1.5748, -0.2382 -0.9409 1.5923, 0.2335 -0.9409 1.4363, 0.2257 -0.9409 1.4173, 0.2132 -0.9409 1.4010, 0.1969 -0.9409 1.3885, 0.1779 -0.9409 1.3806, 0.1575 -0.9409 1.3780, -0.1575 -0.9409 1.3780, -0.1779 -0.9409 1.3806, -0.1969 -0.9409 1.3885, -0.2132 -0.9409 1.4010, -0.2257 -0.9409 1.4173, -0.2335 -0.9409 1.4363, 1.3484 0.6732 1.6535, 1.4665 0.6732 1.6535, 1.3484 -0.9016 1.6535, 1.4665 -0.9016 1.6535, 1.3471 -0.9118 1.6535, 1.4612 -0.9423 1.6535, 1.3432 -0.9213 1.6535, 1.4454 -0.9803 1.6535, 1.3369 -0.9294 1.6535, 1.4204 -1.0129 1.6535, 1.3287 -0.9357 1.6535, 1.3878 -1.0380 1.6535, 1.3192 -0.9396 1.6535, 1.3498 -1.0537 1.6535, 1.4665 -0.2683 2.1884, 1.4665 -0.2808 2.2047, 1.4665 -0.2126 2.1654, 1.4665 -0.2330 2.1680, 1.4665 -0.2520 2.1759, 1.4665 0.6907 1.6516, 1.4665 0.7074 1.6457, 1.4665 0.3386 2.1654, 1.4665 0.7223 1.6364, 1.4665 1.1457 1.1811, 1.4665 0.7348 1.6239, 1.4665 0.7442 1.6090, 1.4665 0.7500 1.5923, 1.4665 0.7520 1.5748, 1.4665 0.7520 1.1811, 1.4665 0.3561 2.1673, 1.4665 1.1457 1.3780, 1.4665 0.3727 2.1732, 1.4665 -0.2887 2.2237, 1.4665 -0.2913 2.2441, 1.4665 -0.9016 3.0709, 1.4665 -0.2913 2.4803, 1.4665 -0.2887 2.5007, 1.4665 -0.2808 2.5197, 1.4665 -0.2683 2.5360, 1.4665 -0.2520 2.5485, 1.4665 0.4146 2.5007, 1.4665 1.4805 2.9594, 1.4665 1.4571 2.9968, 1.4665 0.3590 2.5564, 1.4665 0.3780 2.5485, 1.4665 1.3031 3.0709, 1.4665 0.3943 2.5360, 1.4665 1.3470 3.0659, 1.4665 0.4068 2.5197, 1.4665 1.3886 3.0514, 1.4665 1.4259 3.0279, 1.4665 0.4173 2.2441, 1.4665 1.5000 1.4567, 1.4665 0.4173 2.4803, 1.4665 1.5000 2.8740, 1.4665 1.4951 2.9178, 1.4665 0.4095 2.2099, 1.4665 1.4388 1.3799, 1.4665 1.4554 1.3858, 1.4665 1.4213 1.3780, 1.4665 0.4001 2.1950, 1.4665 0.3877 2.1825, 1.4665 -0.2330 2.5564, 1.4665 -0.2126 2.5591, 1.4665 0.3386 2.5591, 1.4665 1.4704 1.3951, 1.4665 1.4828 1.4076, 1.4665 1.4922 1.4225, 1.4665 0.4153 2.2266, 1.4665 1.4980 1.4392, 1.3484 1.3031 3.0709, 1.3484 -0.9016 3.0709, 1.4612 -0.9423 3.0709, 1.3471 -0.9118 3.0709, 1.4454 -0.9803 3.0709, 1.3432 -0.9213 3.0709, 1.4204 -1.0129 3.0709, 1.3369 -0.9294 3.0709, 1.3878 -1.0380 3.0709, 1.3287 -0.9357 3.0709, 1.3498 -1.0537 3.0709, 1.3192 -0.9396 3.0709, -1.3498 -1.0537 3.0709, -1.3178 -0.9400 3.0709, -1.3878 -1.0380 3.0709, -1.3261 -0.9370 3.0709, -1.4204 -1.0129 3.0709, -1.3484 1.3031 3.0709, -1.4665 1.3031 3.0709, -1.3484 -0.9016 3.0709, -1.4665 -0.9016 3.0709, -1.3474 -0.9103 3.0709, -1.4612 -0.9423 3.0709, -1.3445 -0.9187 3.0709, -1.4454 -0.9803 3.0709, -1.3398 -0.9261 3.0709, -1.3336 -0.9324 3.0709, -1.4665 0.3943 2.5360, -1.4665 0.3780 2.5485, -1.4665 0.3590 2.5564, -1.4665 0.3386 2.5591, -1.4665 -0.2126 2.5591, -1.4665 -0.2330 2.5564, -1.4665 -0.2520 2.5485, -1.4665 -0.2683 2.5360, -1.4665 -0.2808 2.5197, -1.4665 0.7223 1.6364, -1.4665 0.3561 2.1673, -1.4665 1.1457 1.3780, -1.4665 1.4259 3.0279, -1.4665 1.4571 2.9968, -1.4665 0.4146 2.5007, -1.4665 1.4805 2.9594, -1.4665 -0.2887 2.2237, -1.4665 -0.2808 2.2047, -1.4665 -0.9016 1.6535, -1.4665 -0.2683 2.1884, -1.4665 -0.2520 2.1759, -1.4665 0.4068 2.5197, -1.4665 1.3470 3.0659, -1.4665 1.3886 3.0514, -1.4665 1.4951 2.9178, -1.4665 1.5000 2.8740, -1.4665 0.4173 2.4803, -1.4665 0.4173 2.2441, -1.4665 1.5000 1.4567, -1.4665 0.4153 2.2266, -1.4665 -0.2887 2.5007, -1.4665 -0.2913 2.4803, -1.4665 -0.2913 2.2441, -1.4665 0.7500 1.5923, -1.4665 0.7442 1.6090, -1.4665 0.7348 1.6239, -1.4665 0.7074 1.6457, -1.4665 0.6907 1.6516, -1.4665 0.6732 1.6535, -1.4665 0.3727 2.1732, -1.4665 0.3877 2.1825, -1.4665 1.4213 1.3780, -1.4665 0.4001 2.1950, -1.4665 1.4388 1.3799, -1.4665 0.4095 2.2099, -1.4665 1.1457 1.1811, -1.4665 0.7520 1.1811, -1.4665 0.7520 1.5748, -1.4665 1.4922 1.4225, -1.4665 1.4828 1.4076, -1.4665 -0.2330 2.1680, -1.4665 -0.2126 2.1654, -1.4665 0.3386 2.1654, -1.4665 1.4704 1.3951, -1.4665 1.4554 1.3858, -1.4665 1.4980 1.4392, -1.3484 0.6732 1.6535, -1.3484 -0.9016 1.6535, -1.4612 -0.9423 1.6535, -1.3474 -0.9103 1.6535, -1.4454 -0.9803 1.6535, -1.3445 -0.9187 1.6535, -1.4204 -1.0129 1.6535, -1.3178 -0.9400 1.6535, -1.3498 -1.0537 1.6535, -1.3261 -0.9370 1.6535, -1.3878 -1.0380 1.6535, -1.3336 -0.9324 1.6535, -1.3398 -0.9261 1.6535, 1.3484 1.3470 3.0659, 1.3484 1.3886 3.0514, 1.3484 1.4259 3.0279, 1.3484 1.4571 2.9968, 1.3484 1.4805 2.9594, 1.3484 1.4951 2.9178, 1.3484 1.5000 2.8740, 1.3484 1.5000 1.4567, 1.3484 1.4980 1.4392, 1.3484 1.4922 1.4225, 1.3484 1.4828 1.4076, 1.3484 1.4704 1.3951, 1.3484 1.4554 1.3858, 1.3484 1.4388 1.3799, 1.3484 1.4213 1.3780, 1.3484 1.1457 1.3780, 1.3484 0.7520 1.5748, 1.3484 0.7520 1.1811, 1.3484 0.7500 1.5923, 1.3484 0.7442 1.6090, 1.3484 0.7348 1.6239, 1.3484 0.7223 1.6364, 1.3484 0.7074 1.6457, 1.3484 0.6907 1.6516, 1.3484 0.3943 2.5360, 1.3484 0.3780 2.5485, 1.3484 -0.2330 2.5564, 1.3484 -0.2520 2.5485, 1.3484 -0.2683 2.5360, 1.3484 -0.2808 2.5197, 1.3484 0.4146 2.5007, 1.3484 0.3590 2.5564, 1.3484 0.3386 2.5591, 1.3484 -0.2126 2.5591, 1.3484 -0.2887 2.2237, 1.3484 -0.2808 2.2047, 1.3484 -0.2683 2.1884, 1.3484 -0.2520 2.1759, 1.3484 0.4068 2.5197, 1.3484 0.4095 2.2099, 1.3484 0.4153 2.2266, 1.3484 0.4173 2.2441, 1.3484 0.4173 2.4803, 1.3484 -0.2887 2.5007, 1.3484 -0.2913 2.4803, 1.3484 -0.2913 2.2441, 1.3484 1.1457 1.1811, 1.3484 0.3561 2.1673, 1.3484 0.3386 2.1654, 1.3484 -0.2126 2.1654, 1.3484 -0.2330 2.1680, 1.3484 0.3727 2.1732, 1.3484 0.3877 2.1825, 1.3484 0.4001 2.1950, 1.4063 1.1457 0.9979, 1.4063 0.7520 0.9979, 1.3746 0.7520 1.0546, 1.3746 1.1457 1.0546, 1.3550 0.7520 1.1165, 1.3550 1.1457 1.1165, 1.5030 1.1457 1.0658, 1.4830 1.1457 1.1015, 1.4707 1.1457 1.1404, 1.4707 0.7520 1.1404, 1.4830 0.7520 1.1015, 1.5030 0.7520 1.0658, 1.5315 0.7520 0.8196, 1.5315 1.1457 0.8196, 1.6282 1.1457 0.8875, 1.6282 0.7520 0.8875, 1.5455 0.7520 0.7939, 1.5455 1.1457 0.7939, 1.5534 0.7520 0.7657, 1.5534 1.1457 0.7657, 1.5548 0.7520 0.7365, 1.5548 1.1457 0.7365, 1.5497 0.7520 0.7077, 1.5497 1.1457 0.7077, 1.5382 0.7520 0.6808, 1.5382 1.1457 0.6808, 1.6549 1.1457 0.8385, 1.6700 1.1457 0.7847, 1.6727 1.1457 0.7289, 1.6629 1.1457 0.6739, 1.6410 1.1457 0.6226, 1.6410 0.7520 0.6226, 1.6629 0.7520 0.6739, 1.6727 0.7520 0.7289, 1.6700 0.7520 0.7847, 1.6549 0.7520 0.8385, 1.3666 0.7520 0.3780, 1.3666 1.1457 0.3780, 1.4694 1.1457 0.3198, 1.4694 0.7520 0.3198, 1.3189 1.1457 0.1969, 1.3189 0.7520 0.1969, 1.3310 0.7520 0.2905, 1.3310 1.1457 0.2905, 1.4370 1.1457 0.1969, 1.4452 1.1457 0.2604, 1.4452 0.7520 0.2604, 1.4370 0.7520 0.1969, 1.3189 1.1390 0.1459, 1.3189 1.1193 0.0984, 1.3189 1.0880 0.0577, 1.3189 0.7587 0.1459, 1.3189 0.7783 0.0984, 1.3189 1.0472 0.0264, 1.3189 0.9998 0.0067, 1.3189 0.8504 0.0264, 1.3189 0.9488 0.0000, 1.3189 0.8979 0.0067, 1.3189 0.8096 0.0577, 1.4370 1.1390 0.1459, 1.4370 1.1193 0.0984, 1.4370 1.0880 0.0577, 1.4370 0.7587 0.1459, 1.4370 0.7783 0.0984, 1.4370 0.8979 0.0067, 1.4370 0.9488 0.0000, 1.4370 0.9998 0.0067, 1.4370 1.0472 0.0264, 1.4370 0.8096 0.0577, 1.4370 0.8504 0.0264, -1.3484 -0.2683 2.1884, -1.3484 -0.2808 2.2047, -1.3484 -0.2126 2.1654, -1.3484 -0.2330 2.1680, -1.3484 -0.2520 2.1759, -1.3484 0.7348 1.6239, -1.3484 0.7442 1.6090, -1.3484 1.1457 1.1811, -1.3484 1.4805 2.9594, -1.3484 1.4571 2.9968, -1.3484 0.4146 2.5007, -1.3484 0.7223 1.6364, -1.3484 0.3386 2.1654, -1.3484 0.7074 1.6457, -1.3484 0.6907 1.6516, -1.3484 0.7500 1.5923, -1.3484 0.7520 1.5748, -1.3484 0.7520 1.1811, -1.3484 -0.2887 2.5007, -1.3484 -0.2808 2.5197, -1.3484 -0.2683 2.5360, -1.3484 -0.2520 2.5485, -1.3484 0.3590 2.5564, -1.3484 0.3780 2.5485, -1.3484 0.3943 2.5360, -1.3484 1.3470 3.0659, -1.3484 0.4068 2.5197, -1.3484 1.3886 3.0514, -1.3484 1.4259 3.0279, -1.3484 0.3561 2.1673, -1.3484 1.1457 1.3780, -1.3484 0.3727 2.1732, -1.3484 0.3877 2.1825, -1.3484 -0.2887 2.2237, -1.3484 -0.2913 2.2441, -1.3484 -0.2913 2.4803, -1.3484 -0.2330 2.5564, -1.3484 -0.2126 2.5591, -1.3484 0.3386 2.5591, -1.3484 0.4173 2.2441, -1.3484 1.5000 1.4567, -1.3484 0.4173 2.4803, -1.3484 1.5000 2.8740, -1.3484 1.4951 2.9178, -1.3484 0.4153 2.2266, -1.3484 0.4095 2.2099, -1.3484 1.4980 1.4392, -1.3484 1.4922 1.4225, -1.3484 0.4001 2.1950, -1.3484 1.4213 1.3780, -1.3484 1.4388 1.3799, -1.3484 1.4554 1.3858, -1.3484 1.4704 1.3951, -1.3484 1.4828 1.4076, -1.4707 0.7520 1.1404, -1.4707 1.1457 1.1404, -1.4830 0.7520 1.1015, -1.4830 1.1457 1.1015, -1.5030 0.7520 1.0658, -1.5030 1.1457 1.0658, -1.3550 1.1457 1.1165, -1.3746 1.1457 1.0546, -1.4063 1.1457 0.9979, -1.4063 0.7520 0.9979, -1.3746 0.7520 1.0546, -1.3550 0.7520 1.1165, -1.6282 0.7520 0.8875, -1.6282 1.1457 0.8875, -1.5315 1.1457 0.8196, -1.5315 0.7520 0.8196, -1.6410 1.1457 0.6226, -1.6410 0.7520 0.6226, -1.6629 0.7520 0.6739, -1.6629 1.1457 0.6739, -1.6727 0.7520 0.7289, -1.6727 1.1457 0.7289, -1.6700 0.7520 0.7847, -1.6700 1.1457 0.7847, -1.6549 0.7520 0.8385, -1.6549 1.1457 0.8385, -1.5382 1.1457 0.6808, -1.5497 1.1457 0.7077, -1.5548 1.1457 0.7365, -1.5534 1.1457 0.7657, -1.5455 1.1457 0.7939, -1.5455 0.7520 0.7939, -1.5534 0.7520 0.7657, -1.5548 0.7520 0.7365, -1.5497 0.7520 0.7077, -1.5382 0.7520 0.6808, -1.4694 0.7520 0.3198, -1.4694 1.1457 0.3198, -1.3666 1.1457 0.3780, -1.3666 0.7520 0.3780, -1.4452 0.7520 0.2604, -1.4452 1.1457 0.2604, -1.4370 0.7520 0.1969, -1.4370 1.1457 0.1969, -1.3310 1.1457 0.2905, -1.3189 1.1457 0.1969, -1.3189 0.7520 0.1969, -1.3310 0.7520 0.2905, -1.4370 1.1390 0.1459, -1.4370 1.1193 0.0984, -1.4370 1.0880 0.0577, -1.4370 0.7587 0.1459, -1.4370 0.7783 0.0984, -1.4370 1.0472 0.0264, -1.4370 0.9998 0.0067, -1.4370 0.8504 0.0264, -1.4370 0.9488 0.0000, -1.4370 0.8979 0.0067, -1.4370 0.8096 0.0577, -1.3189 1.1390 0.1459, -1.3189 1.1193 0.0984, -1.3189 1.0880 0.0577, -1.3189 0.7587 0.1459, -1.3189 0.7783 0.0984, -1.3189 0.8979 0.0067, -1.3189 0.9488 0.0000, -1.3189 0.9998 0.0067, -1.3189 1.0472 0.0264, -1.3189 0.8096 0.0577, -1.3189 0.8504 0.0264, -1.3189 0.8504 0.0264
            ]
        }
        coordIndex [
            0 1 2 -1,3 4 5 -1,6 7 8 -1,8 7 9 -1,8 9 10 -1,11 12 13 -1,1 14 2 -1,2 14 15 -1,2 15 16 -1,3 5 17 -1,4 18 5 -1,5 18 19 -1,5 19 20 -1,20 19 21 -1,20 21 22 -1,22 21 8 -1,22 8 23 -1,24 25 26 -1,26 25 27 -1,10 28 29 -1,29 28 30 -1,29 31 10 -1,10 31 32 -1,10 32 8 -1,8 32 33 -1,8 33 23 -1,11 13 2 -1,2 13 34 -1,2 34 0 -1,6 8 35 -1,35 8 36 -1,35 36 37 -1,37 36 38 -1,37 38 26 -1,26 38 39 -1,26 39 24 -1,40 11 41 -1,41 11 42 -1,40 43 11 -1,11 43 44 -1,11 44 12 -1,45 46 47 -1,27 48 26 -1,26 48 49 -1,26 49 11 -1,11 49 50 -1,11 50 42 -1,51 47 30 -1,30 47 52 -1,30 52 29 -1,16 53 2 -1,2 53 54 -1,2 54 5 -1,5 54 55 -1,5 55 17 -1,56 57 47 -1,47 57 58 -1,47 58 45 -1,59 60 51 -1,51 60 61 -1,51 61 47 -1,47 61 62 -1,47 62 56 -1,59 63 60 -1,60 63 64 -1,60 64 65 -1,66 67 68 -1,69 70 71 -1,68 67 71 -1,71 67 72 -1,71 72 69 -1,73 74 75 -1,73 75 76 -1,76 75 77 -1,76 77 78 -1,78 77 79 -1,78 79 80 -1,81 82 83 -1,83 82 84 -1,84 85 83 -1,83 85 86 -1,83 86 87 -1,88 89 68 -1,68 89 90 -1,70 91 71 -1,71 91 92 -1,71 92 93 -1,94 95 96 -1,82 96 97 -1,97 96 75 -1,97 75 98 -1,98 75 74 -1,90 99 68 -1,68 99 100 -1,68 100 66 -1,93 101 71 -1,71 101 102 -1,71 102 103 -1,103 102 104 -1,103 104 105 -1,94 96 106 -1,105 107 103 -1,103 107 78 -1,103 78 108 -1,108 78 80 -1,81 109 82 -1,82 109 110 -1,82 110 96 -1,96 110 111 -1,96 111 106 -1,87 112 83 -1,83 112 113 -1,83 113 68 -1,68 113 114 -1,68 114 88 -1,115 116 117 -1,117 116 118 -1,117 118 95 -1,95 118 119 -1,95 119 96 -1,120 121 115 -1,115 121 122 -1,115 122 123 -1,123 124 115 -1,115 124 125 -1,115 125 116 -1,125 126 116 -1,116 126 127 -1,116 127 128 -1,128 129 116 -1,116 129 130 -1,116 130 131 -1,132 133 134 -1,134 133 135 -1,134 135 136 -1,136 135 137 -1,136 137 138 -1,138 137 139 -1,138 139 140 -1,140 139 141 -1,140 141 142 -1,142 141 143 -1,142 143 144 -1,144 143 145 -1,144 145 83 -1,83 145 5 -1,83 5 81 -1,81 5 20 -1,135 146 147 -1,148 149 135 -1,135 149 150 -1,135 150 146 -1,151 152 153 -1,153 152 154 -1,155 156 157 -1,157 158 155 -1,155 158 159 -1,155 159 160 -1,154 156 153 -1,153 156 155 -1,153 155 161 -1,161 155 162 -1,161 162 163 -1,147 164 135 -1,135 164 165 -1,135 165 166 -1,166 165 167 -1,166 167 168 -1,168 169 166 -1,166 169 170 -1,166 170 171 -1,172 173 174 -1,148 135 153 -1,153 135 133 -1,153 133 151 -1,175 176 177 -1,177 176 178 -1,177 178 179 -1,179 178 180 -1,179 180 181 -1,181 180 172 -1,181 172 182 -1,182 172 174 -1,183 184 185 -1,185 184 186 -1,185 186 172 -1,172 186 187 -1,172 187 173 -1,188 189 190 -1,189 188 191 -1,191 188 192 -1,191 192 162 -1,162 192 193 -1,162 193 163 -1,171 194 166 -1,166 194 195 -1,166 195 177 -1,177 195 196 -1,177 196 175 -1,190 197 188 -1,188 197 198 -1,188 198 199 -1,183 200 184 -1,184 200 188 -1,184 188 201 -1,201 188 199 -1,177 202 166 -1,166 202 203 -1,166 203 204 -1,204 203 205 -1,204 205 206 -1,206 205 207 -1,206 207 208 -1,208 207 209 -1,208 209 210 -1,210 209 211 -1,210 211 212 -1,212 211 213 -1,212 213 2 -1,2 213 68 -1,2 68 11 -1,11 68 71 -1,11 71 214 -1,214 71 215 -1,214 215 216 -1,216 215 217 -1,216 217 218 -1,219 220 221 -1,221 220 222 -1,221 222 223 -1,223 222 224 -1,223 224 225 -1,225 224 226 -1,225 226 227 -1,227 226 218 -1,227 218 228 -1,228 218 217 -1,220 229 230 -1,230 231 220 -1,220 231 232 -1,220 232 222 -1,222 232 233 -1,222 233 234 -1,234 235 222 -1,222 235 236 -1,222 236 237 -1,238 239 240 -1,241 242 243 -1,243 242 244 -1,245 246 247 -1,247 246 248 -1,247 248 249 -1,229 220 250 -1,250 220 251 -1,250 251 243 -1,243 251 252 -1,243 252 241 -1,244 253 243 -1,243 253 254 -1,243 254 255 -1,255 254 256 -1,256 254 257 -1,256 257 258 -1,237 259 222 -1,222 259 260 -1,222 260 247 -1,247 260 261 -1,247 261 245 -1,262 263 240 -1,240 263 264 -1,240 264 238 -1,238 265 239 -1,239 265 266 -1,239 266 267 -1,239 268 240 -1,240 268 269 -1,240 269 270 -1,270 269 271 -1,270 271 272 -1,272 271 273 -1,274 275 240 -1,240 275 276 -1,240 276 262 -1,277 278 273 -1,249 279 247 -1,247 279 280 -1,247 280 267 -1,267 280 281 -1,267 281 239 -1,278 282 273 -1,273 282 283 -1,273 283 272 -1,258 257 273 -1,273 257 284 -1,273 284 277 -1,267 285 247 -1,247 285 286 -1,247 286 287 -1,287 286 288 -1,287 288 289 -1,289 288 290 -1,289 290 291 -1,108 37 103 -1,103 37 26 -1,103 26 292 -1,292 26 293 -1,292 293 294 -1,294 293 295 -1,294 295 296 -1,296 295 291 -1,296 291 297 -1,297 291 290 -1,37 108 35 -1,35 108 80 -1,35 80 6 -1,6 80 79 -1,6 79 7 -1,7 79 77 -1,7 77 9 -1,9 77 75 -1,9 75 10 -1,10 75 96 -1,10 96 28 -1,28 96 119 -1,28 119 30 -1,30 119 118 -1,51 30 116 -1,116 30 118 -1,51 116 131 -1,51 131 59 -1,59 131 130 -1,59 130 63 -1,63 130 129 -1,63 129 64 -1,64 129 128 -1,64 128 65 -1,65 128 127 -1,65 127 60 -1,60 127 126 -1,60 126 61 -1,62 61 125 -1,125 61 126 -1,62 125 124 -1,62 124 56 -1,56 124 123 -1,56 123 57 -1,57 123 122 -1,57 122 58 -1,58 122 121 -1,58 121 45 -1,45 121 120 -1,45 120 46 -1,46 120 115 -1,46 115 47 -1,52 47 117 -1,117 47 115 -1,52 117 29 -1,29 117 95 -1,29 95 31 -1,31 95 94 -1,31 94 32 -1,32 94 106 -1,32 106 33 -1,33 106 111 -1,33 111 23 -1,23 111 110 -1,23 110 22 -1,22 110 109 -1,22 109 20 -1,20 109 81 -1,55 113 17 -1,17 113 112 -1,17 112 3 -1,3 112 87 -1,3 87 4 -1,4 87 86 -1,4 86 18 -1,18 86 85 -1,18 85 19 -1,19 85 84 -1,19 84 21 -1,21 84 82 -1,21 82 8 -1,8 82 97 -1,55 54 113 -1,113 54 114 -1,34 67 0 -1,0 67 66 -1,0 66 1 -1,1 66 100 -1,1 100 14 -1,14 100 99 -1,14 99 15 -1,15 99 90 -1,15 90 16 -1,16 90 89 -1,16 89 53 -1,53 89 88 -1,53 88 54 -1,54 88 114 -1,34 13 67 -1,67 13 72 -1,50 102 42 -1,42 102 101 -1,42 101 41 -1,41 101 93 -1,41 93 40 -1,40 93 92 -1,40 92 43 -1,43 92 91 -1,43 91 44 -1,44 91 70 -1,44 70 12 -1,12 70 69 -1,12 69 13 -1,13 69 72 -1,50 49 102 -1,102 49 104 -1,36 98 38 -1,38 98 74 -1,38 74 39 -1,39 74 73 -1,39 73 24 -1,24 73 76 -1,24 76 25 -1,25 76 78 -1,25 78 27 -1,27 78 107 -1,27 107 48 -1,48 107 105 -1,48 105 49 -1,49 105 104 -1,36 8 98 -1,98 8 97 -1,202 177 179 -1,202 179 298 -1,298 179 181 -1,298 181 299 -1,299 181 182 -1,299 182 300 -1,300 182 174 -1,300 174 301 -1,301 174 173 -1,301 173 302 -1,302 173 187 -1,302 187 303 -1,303 187 186 -1,303 186 304 -1,305 304 184 -1,184 304 186 -1,305 184 201 -1,305 201 306 -1,306 201 199 -1,306 199 307 -1,307 199 198 -1,307 198 308 -1,308 198 197 -1,308 197 309 -1,309 197 190 -1,309 190 310 -1,310 190 189 -1,310 189 311 -1,311 189 191 -1,311 191 312 -1,312 191 313 -1,313 191 162 -1,314 315 159 -1,159 315 160 -1,314 159 316 -1,316 159 158 -1,316 158 317 -1,317 158 157 -1,317 157 318 -1,318 157 156 -1,318 156 319 -1,319 156 154 -1,319 154 320 -1,320 154 152 -1,320 152 321 -1,321 152 151 -1,321 151 132 -1,132 151 133 -1,202 322 323 -1,324 325 203 -1,203 325 326 -1,203 326 327 -1,328 300 301 -1,323 329 202 -1,202 329 330 -1,202 330 203 -1,203 330 331 -1,203 331 324 -1,332 333 134 -1,134 333 334 -1,134 334 335 -1,322 202 336 -1,336 202 298 -1,336 298 328 -1,328 298 299 -1,328 299 300 -1,313 316 317 -1,337 305 306 -1,337 338 305 -1,305 338 339 -1,305 339 304 -1,304 339 340 -1,304 340 328 -1,301 302 328 -1,328 302 303 -1,328 303 304 -1,327 341 203 -1,203 341 342 -1,203 342 134 -1,134 342 343 -1,134 343 332 -1,344 315 313 -1,313 315 314 -1,313 314 316 -1,306 307 337 -1,337 307 308 -1,337 308 309 -1,317 318 313 -1,313 318 319 -1,313 319 345 -1,319 320 345 -1,345 320 321 -1,345 321 346 -1,346 321 132 -1,346 132 347 -1,347 132 134 -1,347 134 348 -1,348 134 335 -1,345 349 313 -1,313 349 350 -1,313 350 312 -1,312 350 351 -1,312 351 311 -1,311 351 337 -1,311 337 310 -1,310 337 309 -1,340 185 328 -1,328 185 172 -1,328 172 336 -1,336 172 180 -1,336 180 322 -1,322 180 178 -1,322 178 323 -1,323 178 176 -1,323 176 329 -1,329 176 175 -1,329 175 330 -1,330 175 196 -1,340 339 185 -1,185 339 183 -1,346 153 345 -1,345 153 161 -1,345 161 349 -1,349 161 163 -1,349 163 350 -1,350 163 193 -1,350 193 351 -1,351 193 192 -1,351 192 337 -1,337 192 188 -1,337 188 338 -1,338 188 200 -1,338 200 339 -1,339 200 183 -1,346 347 153 -1,153 347 148 -1,343 165 332 -1,332 165 164 -1,332 164 333 -1,333 164 147 -1,333 147 334 -1,334 147 146 -1,334 146 335 -1,335 146 150 -1,335 150 348 -1,348 150 149 -1,348 149 347 -1,347 149 148 -1,343 342 165 -1,165 342 167 -1,331 195 324 -1,324 195 194 -1,324 194 325 -1,325 194 171 -1,325 171 326 -1,326 171 170 -1,326 170 327 -1,327 170 169 -1,327 169 341 -1,341 169 168 -1,341 168 342 -1,342 168 167 -1,331 330 195 -1,195 330 196 -1,344 313 155 -1,155 313 162 -1,352 353 354 -1,352 354 355 -1,355 354 356 -1,355 356 357 -1,357 356 315 -1,357 315 344 -1,358 352 359 -1,359 352 355 -1,359 355 360 -1,360 355 357 -1,360 357 155 -1,155 357 344 -1,155 160 360 -1,360 160 361 -1,360 361 359 -1,359 361 362 -1,359 362 358 -1,358 362 363 -1,160 315 361 -1,361 315 356 -1,361 356 362 -1,362 356 354 -1,362 354 363 -1,363 354 353 -1,364 353 365 -1,365 353 352 -1,365 352 366 -1,366 352 358 -1,366 358 367 -1,367 358 363 -1,363 353 367 -1,367 353 364 -1,364 365 368 -1,368 365 369 -1,368 369 370 -1,370 369 371 -1,370 371 372 -1,372 371 373 -1,372 373 374 -1,374 373 375 -1,374 375 376 -1,376 375 377 -1,365 366 369 -1,369 366 378 -1,369 378 371 -1,371 378 379 -1,371 379 373 -1,373 379 380 -1,373 380 375 -1,375 380 381 -1,375 381 377 -1,377 381 382 -1,383 382 381 -1,383 381 384 -1,384 381 380 -1,384 380 385 -1,385 380 379 -1,385 379 386 -1,386 379 378 -1,386 378 387 -1,387 378 366 -1,387 366 367 -1,376 383 374 -1,374 383 384 -1,374 384 372 -1,372 384 385 -1,372 385 370 -1,370 385 386 -1,370 386 368 -1,368 386 387 -1,368 387 364 -1,364 387 367 -1,388 376 389 -1,389 376 377 -1,389 377 390 -1,390 377 382 -1,390 382 391 -1,391 382 383 -1,383 376 391 -1,391 376 388 -1,392 393 394 -1,392 394 395 -1,395 394 388 -1,395 388 389 -1,396 392 397 -1,397 392 395 -1,397 395 390 -1,390 395 389 -1,390 391 397 -1,397 391 398 -1,397 398 396 -1,396 398 399 -1,391 388 398 -1,398 388 394 -1,398 394 399 -1,399 394 393 -1,393 392 400 -1,400 401 393 -1,393 401 402 -1,393 402 403 -1,403 402 404 -1,405 406 407 -1,407 406 408 -1,407 408 409 -1,405 407 402 -1,402 407 410 -1,402 410 404 -1,411 396 399 -1,411 399 412 -1,412 399 413 -1,413 399 414 -1,413 414 415 -1,416 417 413 -1,413 417 418 -1,413 418 419 -1,415 420 413 -1,413 420 421 -1,413 421 416 -1,417 408 406 -1,417 406 418 -1,418 406 405 -1,418 405 419 -1,419 405 402 -1,419 402 413 -1,413 402 401 -1,413 401 412 -1,412 401 400 -1,412 400 411 -1,411 400 392 -1,411 392 396 -1,408 417 416 -1,408 416 409 -1,409 416 421 -1,409 421 407 -1,407 421 420 -1,407 420 410 -1,410 420 415 -1,410 415 404 -1,404 415 414 -1,404 414 403 -1,403 414 399 -1,403 399 393 -1,422 423 286 -1,424 425 286 -1,286 425 426 -1,286 426 422 -1,427 428 429 -1,430 431 432 -1,433 434 435 -1,435 434 436 -1,428 437 429 -1,429 437 438 -1,429 438 439 -1,440 441 221 -1,221 441 442 -1,221 442 443 -1,444 445 219 -1,219 445 446 -1,219 446 447 -1,447 446 448 -1,447 448 449 -1,449 448 432 -1,449 432 450 -1,450 432 431 -1,433 427 434 -1,434 427 429 -1,434 429 451 -1,451 429 452 -1,451 452 453 -1,453 452 454 -1,424 286 434 -1,434 286 285 -1,434 285 436 -1,423 455 286 -1,286 455 456 -1,286 456 221 -1,221 456 457 -1,221 457 440 -1,443 458 221 -1,221 458 459 -1,221 459 219 -1,219 459 460 -1,219 460 444 -1,461 462 463 -1,463 462 464 -1,463 464 432 -1,432 464 465 -1,432 465 430 -1,461 466 462 -1,462 466 467 -1,462 467 468 -1,468 467 469 -1,454 452 470 -1,470 452 471 -1,470 471 467 -1,467 471 472 -1,467 472 473 -1,473 474 467 -1,467 474 475 -1,467 475 469 -1,285 267 436 -1,436 267 266 -1,436 266 435 -1,435 266 265 -1,435 265 433 -1,433 265 238 -1,433 238 427 -1,427 238 264 -1,427 264 428 -1,428 264 263 -1,428 263 437 -1,437 263 262 -1,437 262 438 -1,438 262 276 -1,439 438 275 -1,275 438 276 -1,240 270 452 -1,452 270 471 -1,471 270 272 -1,471 272 472 -1,472 272 283 -1,472 283 473 -1,473 283 282 -1,473 282 474 -1,474 282 278 -1,474 278 475 -1,475 278 277 -1,475 277 469 -1,469 277 284 -1,469 284 468 -1,468 284 257 -1,468 257 462 -1,464 462 254 -1,254 462 257 -1,464 254 253 -1,464 253 465 -1,465 253 244 -1,465 244 430 -1,430 244 242 -1,430 242 431 -1,431 242 241 -1,431 241 450 -1,450 241 252 -1,450 252 449 -1,449 252 251 -1,449 251 447 -1,447 251 220 -1,447 220 219 -1,460 232 444 -1,444 232 231 -1,444 231 445 -1,445 231 230 -1,445 230 446 -1,446 230 229 -1,446 229 448 -1,448 229 250 -1,448 250 432 -1,432 250 243 -1,432 243 463 -1,463 243 255 -1,460 459 232 -1,232 459 233 -1,457 260 440 -1,440 260 259 -1,440 259 441 -1,441 259 237 -1,441 237 442 -1,442 237 236 -1,442 236 443 -1,443 236 235 -1,443 235 458 -1,458 235 234 -1,458 234 459 -1,459 234 233 -1,457 456 260 -1,260 456 261 -1,424 280 425 -1,425 280 279 -1,425 279 426 -1,426 279 249 -1,426 249 422 -1,422 249 248 -1,422 248 423 -1,423 248 246 -1,423 246 455 -1,455 246 245 -1,455 245 456 -1,456 245 261 -1,424 434 280 -1,280 434 281 -1,461 256 466 -1,466 256 258 -1,466 258 467 -1,467 258 273 -1,467 273 470 -1,470 273 271 -1,470 271 454 -1,454 271 269 -1,454 269 453 -1,453 269 268 -1,453 268 451 -1,451 268 239 -1,451 239 434 -1,434 239 281 -1,461 463 256 -1,256 463 255 -1,274 240 429 -1,429 240 452 -1,275 274 476 -1,476 274 477 -1,476 477 478 -1,478 477 479 -1,478 479 480 -1,480 479 481 -1,274 429 477 -1,477 429 482 -1,477 482 479 -1,479 482 483 -1,479 483 481 -1,481 483 484 -1,485 484 483 -1,485 483 486 -1,486 483 482 -1,486 482 487 -1,487 482 429 -1,487 429 439 -1,480 485 478 -1,478 485 486 -1,478 486 476 -1,476 486 487 -1,476 487 275 -1,275 487 439 -1,488 480 489 -1,489 480 481 -1,489 481 490 -1,490 481 484 -1,490 484 491 -1,491 484 485 -1,485 480 491 -1,491 480 488 -1,492 493 494 -1,492 494 495 -1,495 494 496 -1,495 496 497 -1,497 496 498 -1,497 498 499 -1,499 498 500 -1,499 500 501 -1,501 500 488 -1,501 488 489 -1,502 492 503 -1,503 492 495 -1,503 495 504 -1,504 495 497 -1,504 497 505 -1,505 497 499 -1,505 499 506 -1,506 499 501 -1,506 501 490 -1,490 501 489 -1,490 491 506 -1,506 491 507 -1,506 507 505 -1,505 507 508 -1,505 508 504 -1,504 508 509 -1,504 509 503 -1,503 509 510 -1,503 510 502 -1,502 510 511 -1,491 488 507 -1,507 488 500 -1,507 500 508 -1,508 500 498 -1,508 498 509 -1,509 498 496 -1,509 496 510 -1,510 496 494 -1,510 494 511 -1,511 494 493 -1,512 493 513 -1,513 493 492 -1,513 492 514 -1,514 492 502 -1,514 502 515 -1,515 502 511 -1,511 493 515 -1,515 493 512 -1,512 513 516 -1,516 513 517 -1,516 517 518 -1,518 517 519 -1,513 514 517 -1,517 514 520 -1,517 520 519 -1,519 520 521 -1,522 521 520 -1,522 520 523 -1,523 520 514 -1,523 514 515 -1,518 522 516 -1,516 522 523 -1,516 523 512 -1,512 523 515 -1,518 519 524 -1,524 525 518 -1,518 525 526 -1,518 526 527 -1,527 526 528 -1,529 530 531 -1,531 530 532 -1,531 532 533 -1,529 531 526 -1,526 531 534 -1,526 534 528 -1,535 521 522 -1,535 522 536 -1,536 522 537 -1,537 522 538 -1,537 538 539 -1,540 541 537 -1,537 541 542 -1,537 542 543 -1,539 544 537 -1,537 544 545 -1,537 545 540 -1,541 532 530 -1,541 530 542 -1,542 530 529 -1,542 529 543 -1,543 529 526 -1,543 526 537 -1,537 526 525 -1,537 525 536 -1,536 525 524 -1,536 524 535 -1,535 524 519 -1,535 519 521 -1,532 541 540 -1,532 540 533 -1,533 540 545 -1,533 545 531 -1,531 545 544 -1,531 544 534 -1,534 544 539 -1,534 539 528 -1,528 539 538 -1,528 538 527 -1,527 538 522 -1,527 522 518 -1,26 11 214 -1,26 214 293 -1,293 214 216 -1,293 216 295 -1,295 216 218 -1,295 218 291 -1,291 218 226 -1,291 226 289 -1,289 226 224 -1,289 224 287 -1,287 224 222 -1,287 222 247 -1,2 5 145 -1,2 145 212 -1,212 145 143 -1,212 143 210 -1,210 143 141 -1,210 141 208 -1,208 141 139 -1,208 139 206 -1,206 139 137 -1,206 137 204 -1,204 137 135 -1,204 135 166 -1,203 134 205 -1,205 134 136 -1,205 136 207 -1,207 136 138 -1,207 138 209 -1,209 138 140 -1,209 140 211 -1,211 140 142 -1,211 142 213 -1,213 142 144 -1,213 144 68 -1,68 144 83 -1,71 103 215 -1,215 103 292 -1,215 292 217 -1,217 292 294 -1,217 294 228 -1,228 294 296 -1,228 296 227 -1,227 296 297 -1,227 297 225 -1,225 297 290 -1,225 290 223 -1,223 290 288 -1,223 288 221 -1,221 288 286 -1,
        ]
    }
}
Shape{
    appearance Appearance {
        material  Material {
            diffuseColor 0.2235294117647059 0.2235294117647059 0.2235294117647059
            specularColor 0.11372549019607843 0.11372549019607843 0.11372549019607843
            ambientIntensity 0.2
            transparency 0
            shininess 0.5
        }
    }
    geometry IndexedFaceSet {
        ccw TRUE
        solid FALSE
        coord DEF co Coordinate {
            point [
                -1.1959 -0.9409 1.6535, -1.3091 -0.9409 1.6535, -1.3091 -0.3127 1.6535, 1.3091 -0.9409 1.6535, 0.6362 -0.9409 1.6535, 0.6362 -0.3127 1.6535, 0.8366 0.4173 1.6535, 1.3091 0.4173 1.6535, 0.8366 0.3386 1.6535, 1.3091 -0.0935 1.6535, 0.8858 0.0039 1.6535, 0.8858 -0.0748 1.6535, 0.6362 -0.0935 1.6535, 1.0827 -0.0748 1.6535, 1.0827 0.0039 1.6535, 0.6362 0.3386 1.6535, 0.2773 0.3386 1.6535, 0.2773 -0.0935 1.6535, 0.1032 0.3386 1.6535, -0.6482 0.3386 1.6535, -0.8858 -0.0748 1.6535, -0.8366 0.3386 1.6535, -0.8858 0.0039 1.6535, -1.0827 0.0039 1.6535, -1.1959 -0.0935 1.6535, -0.6482 -0.0935 1.6535, -0.2257 -0.0935 1.6535, -0.2257 0.3386 1.6535, -0.0408 -0.0935 1.6535, -0.0408 0.3386 1.6535, 0.1032 -0.0935 1.6535, -0.8366 0.4173 1.6535, -1.1959 0.4173 1.6535, -1.0827 -0.0748 1.6535, 0.1032 -0.1134 1.6535, 0.1224 -0.2797 1.6535, 0.1032 -0.3127 1.6535, 0.1224 -0.3013 1.6535, 0.1434 -0.3099 1.6535, 0.1514 -0.1134 1.6535, 0.1452 -0.1139 1.6535, 0.1224 -0.1200 1.6535, 0.1224 -0.1464 1.6535, 0.1446 -0.1369 1.6535, 0.1260 -0.2816 1.6535, 0.1685 -0.1338 1.6535, 0.1879 -0.1360 1.6535, 0.2026 -0.1413 1.6535, 0.2163 -0.1504 1.6535, 0.2282 -0.1636 1.6535, 0.2425 -0.2152 1.6535, 0.2405 -0.2365 1.6535, 0.2351 -0.2534 1.6535, 0.1913 -0.2902 1.6535, 0.1730 -0.2923 1.6535, 0.2057 -0.2849 1.6535, 0.2177 -0.2768 1.6535, 0.2270 -0.2670 1.6535, 0.1468 -0.2894 1.6535, 0.2363 -0.1788 1.6535, 0.2415 -0.1998 1.6535, 0.1688 -0.1122 1.6535, 0.1835 -0.1134 1.6535, 0.2585 -0.1665 1.6535, 0.2469 -0.1481 1.6535, 0.2773 -0.1134 1.6535, 0.2199 -0.3048 1.6535, 0.2358 -0.2947 1.6535, 0.2773 -0.3127 1.6535, 0.2506 -0.2791 1.6535, 0.2610 -0.2604 1.6535, 0.2292 -0.1310 1.6535, 0.2105 -0.1202 1.6535, 0.1885 -0.1138 1.6535, 0.2670 -0.2396 1.6535, 0.2689 -0.2168 1.6535, 0.2660 -0.1888 1.6535, 0.1633 -0.3127 1.6535, 0.1712 -0.3138 1.6535, 0.1032 -0.9409 1.6535, 0.2773 -0.9409 1.6535, 0.1766 -0.3139 1.6535, 0.1882 -0.3127 1.6535, 0.2009 -0.3114 1.6535, -1.1959 -0.3127 1.6535, -0.6482 -0.9409 1.6535, -0.6482 -0.3127 1.6535, -0.2257 -0.9409 1.6535, -0.2257 -0.3127 1.6535, -0.0408 -0.9409 1.6535, -0.0408 -0.3127 1.6535, 1.3091 -0.3127 1.6535, 0.6362 -0.1134 1.6535, 1.3091 -0.1134 1.6535, 0.2857 -0.2899 1.6535, 0.2857 -0.3115 1.6535, 0.3865 -0.3115 1.6535, 0.3601 -0.2899 1.6535, 0.3601 -0.1146 1.6535, 0.3865 -0.1146 1.6535, -0.0168 -0.1146 1.6535, -0.0408 -0.1134 1.6535, -0.0168 -0.1362 1.6535, -0.0216 -0.2899 1.6535, -0.0216 -0.3115 1.6535, 0.0840 -0.3115 1.6535, 0.0840 -0.1146 1.6535, 0.0576 -0.2227 1.6535, 0.0576 -0.2899 1.6535, -0.0120 -0.2227 1.6535, -0.0120 -0.2011 1.6535, 0.0576 -0.2011 1.6535, 0.0576 -0.1362 1.6535, -0.2086 -0.2575 1.6535, -0.2157 -0.2369 1.6535, -0.2185 -0.2106 1.6535, -0.1440 -0.1177 1.6535, -0.2257 -0.1134 1.6535, -0.1156 -0.1146 1.6535, -0.1973 -0.2751 1.6535, -0.1811 -0.2907 1.6535, -0.1606 -0.3026 1.6535, -0.1670 -0.1258 1.6535, -0.1885 -0.1401 1.6535, -0.1887 -0.1403 1.6535, -0.2026 -0.1557 1.6535, -0.2117 -0.1727 1.6535, -0.2170 -0.1921 1.6535, -0.1379 -0.3094 1.6535, -0.1135 -0.3115 1.6535, -0.0600 -0.3115 1.6535, -0.0600 -0.1146 1.6535, -0.3817 -0.3115 1.6535, -0.3618 -0.2563 1.6535, -0.2805 -0.2563 1.6535, -0.2617 -0.3115 1.6535, -0.2329 -0.3115 1.6535, -0.4105 -0.3115 1.6535, -0.3337 -0.1146 1.6535, -1.1959 -0.1134 1.6535, -0.6482 -0.1134 1.6535, -0.3073 -0.1146 1.6535, -1.3091 -0.1134 1.6535, -1.3091 -0.0935 1.6535, -1.3091 0.4173 1.6535, 0.5468 -0.9409 2.0689, 0.5315 -0.9409 2.0669, -0.9362 -0.9409 1.9739, -0.9770 -0.9409 1.9685, 0.5610 -0.9409 2.6496, 0.5733 -0.9409 2.6402, 1.3091 -0.9409 3.0709, 0.8656 -0.9409 2.0146, 0.8982 -0.9409 1.9896, 0.9362 -0.9409 1.9739, -0.5315 -0.9409 2.0669, -0.5468 -0.9409 2.0689, -0.5610 -0.9409 2.0748, 1.0557 -0.9409 1.9685, 0.9770 -0.9409 1.9685, 0.8406 -0.9409 2.0472, 0.5826 -0.9409 2.0965, 0.5733 -0.9409 2.0842, 0.5610 -0.9409 2.0748, -0.8982 -0.9409 1.9896, -1.1671 -0.9409 2.0146, -1.1921 -0.9409 2.0472, 0.5468 -0.9409 2.6555, -0.5885 -0.9409 2.6137, -0.9362 -0.9409 2.7505, -0.8982 -0.9409 2.7348, -0.5826 -0.9409 2.6280, -0.5733 -0.9409 2.6402, -1.3091 -0.9409 3.0709, -0.5610 -0.9409 2.6496, 0.5906 -0.9409 2.5984, 0.5906 -0.9409 2.1260, 0.5885 -0.9409 2.1107, -0.5906 -0.9409 2.5984, -0.8656 -0.9409 2.7098, -0.8406 -0.9409 2.6772, -0.5733 -0.9409 2.0842, -0.5826 -0.9409 2.0965, -0.8656 -0.9409 2.0146, 0.9362 -0.9409 2.7505, 0.8982 -0.9409 2.7348, 0.8656 -0.9409 2.7098, 0.8406 -0.9409 2.6772, -1.0557 -0.9409 1.9685, -1.0965 -0.9409 1.9739, -1.1345 -0.9409 1.9896, -1.2078 -0.9409 2.6392, -1.1921 -0.9409 2.6772, -1.1671 -0.9409 2.7098, 0.8249 -0.9409 2.6392, 0.5826 -0.9409 2.6280, 0.8195 -0.9409 2.5984, 0.9770 -0.9409 2.7559, 1.0557 -0.9409 2.7559, 1.0965 -0.9409 2.7505, 1.1345 -0.9409 2.7348, 1.1671 -0.9409 2.7098, 1.1921 -0.9409 2.6772, 1.2078 -0.9409 2.0852, 1.1921 -0.9409 2.0472, 1.1671 -0.9409 2.0146, 1.1345 -0.9409 1.9896, 1.0965 -0.9409 1.9739, 0.5885 -0.9409 2.6137, 0.8249 -0.9409 2.0852, 0.8195 -0.9409 2.1260, -1.2078 -0.9409 2.0852, -1.2132 -0.9409 2.1260, -1.2132 -0.9409 2.5984, -1.1345 -0.9409 2.7348, -1.0965 -0.9409 2.7505, -1.0557 -0.9409 2.7559, -0.5468 -0.9409 2.6555, -0.5315 -0.9409 2.6575, 0.5315 -0.9409 2.6575, -0.8249 -0.9409 2.6392, -0.8195 -0.9409 2.5984, -0.5906 -0.9409 2.1260, -0.8195 -0.9409 2.1260, -0.5885 -0.9409 2.1107, -0.8249 -0.9409 2.0852, -0.8406 -0.9409 2.0472, -0.9770 -0.9409 2.7559, 1.2078 -0.9409 2.6392, 1.2132 -0.9409 2.5984, 1.2132 -0.9409 2.1260, 1.3091 -0.2126 2.1654, 1.3091 0.3386 2.1654, 1.3091 0.3386 2.5591, 1.3091 0.4173 3.0709, 1.3091 -0.2126 2.5591, -1.3091 0.4173 3.0709, -0.8366 0.4173 3.0709, 0.8366 0.4173 3.0709, -1.3091 0.3386 2.1654, -1.3091 0.3386 2.5591, -1.3091 -0.2126 2.1654, -1.3091 -0.2126 2.5591, -0.8366 0.3386 3.0709, 0.8366 0.3386 3.0709, 0.6237 0.3386 2.4858, 0.5906 0.3386 2.4902, -0.5906 0.3386 2.4902, -0.6237 0.3386 2.4858, -0.5574 0.3386 2.4858, -0.6545 0.3386 2.4730, -0.6810 0.3386 2.4527, -0.7014 0.3386 2.4262, -0.7014 0.3386 2.2982, -0.6810 0.3386 2.2717, 0.0000 0.3386 2.4902, 0.6545 0.3386 2.2514, 0.6810 0.3386 2.2717, 0.7014 0.3386 2.2982, 0.7014 0.3386 2.4262, 0.6810 0.3386 2.4527, 0.6545 0.3386 2.4730, -0.7141 0.3386 2.3953, -0.7185 0.3386 2.3622, -0.7141 0.3386 2.3291, -0.0331 0.3386 2.4858, -0.0640 0.3386 2.4730, -0.0905 0.3386 2.4527, 0.7141 0.3386 2.3291, 0.7185 0.3386 2.3622, 0.7141 0.3386 2.3953, 0.5574 0.3386 2.4858, 0.5266 0.3386 2.4730, 0.5001 0.3386 2.4527, 0.0331 0.3386 2.4858, 0.0640 0.3386 2.4730, -0.0905 0.3386 2.2717, -0.0640 0.3386 2.2514, 0.1236 0.3386 2.3953, 0.1108 0.3386 2.4262, 0.0905 0.3386 2.4527, 0.4797 0.3386 2.2982, 0.5001 0.3386 2.2717, 0.1236 0.3386 2.3291, -0.6545 0.3386 2.2514, -0.6237 0.3386 2.2386, -0.5906 0.3386 2.2343, -0.5574 0.3386 2.2386, -0.0331 0.3386 2.2386, 0.0000 0.3386 2.2343, 0.0331 0.3386 2.2386, 0.5266 0.3386 2.2514, 0.5574 0.3386 2.2386, 0.5906 0.3386 2.2343, 0.6237 0.3386 2.2386, -0.1108 0.3386 2.2982, -0.1236 0.3386 2.3291, -0.5266 0.3386 2.2514, -0.5001 0.3386 2.2717, 0.0640 0.3386 2.2514, 0.0905 0.3386 2.2717, 0.1108 0.3386 2.2982, 0.4797 0.3386 2.4262, 0.4670 0.3386 2.3953, 0.1280 0.3386 2.3622, 0.4626 0.3386 2.3622, 0.4670 0.3386 2.3291, -0.4670 0.3386 2.3953, -0.4797 0.3386 2.4262, -0.5001 0.3386 2.4527, -0.5266 0.3386 2.4730, -0.4797 0.3386 2.2982, -0.4670 0.3386 2.3291, -0.1280 0.3386 2.3622, -0.4626 0.3386 2.3622, -0.1236 0.3386 2.3953, -0.1108 0.3386 2.4262, -0.5906 0.1417 2.4902, -0.5574 0.1417 2.4858, -0.5266 0.1417 2.4730, -0.5001 0.1417 2.4527, -0.4797 0.1417 2.4262, -0.4670 0.1417 2.3953, -0.4626 0.1417 2.3622, -0.4670 0.1417 2.3291, -0.4797 0.1417 2.2982, -0.5001 0.1417 2.2717, -0.5266 0.1417 2.2514, -0.5574 0.1417 2.2386, -0.5906 0.1417 2.2343, -0.6237 0.1417 2.2386, -0.6545 0.1417 2.2514, -0.6810 0.1417 2.2717, -0.7014 0.1417 2.2982, -0.7141 0.1417 2.3291, -0.7185 0.1417 2.3622, -0.7141 0.1417 2.3953, -0.7014 0.1417 2.4262, -0.6810 0.1417 2.4527, -0.6545 0.1417 2.4730, -0.6237 0.1417 2.4858, -0.5906 0.1417 2.3622, 0.0000 0.1417 2.4902, 0.0331 0.1417 2.4858, 0.0640 0.1417 2.4730, 0.0905 0.1417 2.4527, 0.1108 0.1417 2.4262, 0.1236 0.1417 2.3953, 0.1280 0.1417 2.3622, 0.1236 0.1417 2.3291, 0.1108 0.1417 2.2982, 0.0905 0.1417 2.2717, 0.0640 0.1417 2.2514, 0.0331 0.1417 2.2386, 0.0000 0.1417 2.2343, -0.0331 0.1417 2.2386, -0.0640 0.1417 2.2514, -0.0905 0.1417 2.2717, -0.1108 0.1417 2.2982, -0.1236 0.1417 2.3291, -0.1280 0.1417 2.3622, -0.1236 0.1417 2.3953, -0.1108 0.1417 2.4262, -0.0905 0.1417 2.4527, -0.0640 0.1417 2.4730, -0.0331 0.1417 2.4858, 0.0000 0.1417 2.3622, 0.5906 0.1417 2.4902, 0.6237 0.1417 2.4858, 0.6545 0.1417 2.4730, 0.6810 0.1417 2.4527, 0.7014 0.1417 2.4262, 0.7141 0.1417 2.3953, 0.7185 0.1417 2.3622, 0.7141 0.1417 2.3291, 0.7014 0.1417 2.2982, 0.6810 0.1417 2.2717, 0.6545 0.1417 2.2514, 0.6237 0.1417 2.2386, 0.5906 0.1417 2.2343, 0.5574 0.1417 2.2386, 0.5266 0.1417 2.2514, 0.5001 0.1417 2.2717, 0.4797 0.1417 2.2982, 0.4670 0.1417 2.3291, 0.4626 0.1417 2.3622, 0.4670 0.1417 2.3953, 0.4797 0.1417 2.4262, 0.5001 0.1417 2.4527, 0.5266 0.1417 2.4730, 0.5574 0.1417 2.4858, 0.5906 0.1417 2.3622, 1.5059 -0.0157 2.5591, 1.5059 0.1417 2.5591, 1.5059 -0.0157 2.1654, 1.5059 0.1417 2.1654, 1.5059 0.1417 2.1654
            ]
        }
        coordIndex [
            0 1 2 -1,3 4 5 -1,6 7 8 -1,8 7 9 -1,10 11 12 -1,12 11 9 -1,11 13 9 -1,9 13 14 -1,9 14 8 -1,8 14 15 -1,14 10 15 -1,15 10 12 -1,15 12 16 -1,16 12 17 -1,16 17 18 -1,19 20 21 -1,21 20 22 -1,21 22 23 -1,24 20 25 -1,25 20 19 -1,25 19 26 -1,26 19 27 -1,26 27 28 -1,28 27 29 -1,28 29 30 -1,31 21 32 -1,32 21 23 -1,32 23 24 -1,24 23 33 -1,24 33 20 -1,34 35 36 -1,36 35 37 -1,36 37 38 -1,34 39 40 -1,40 41 34 -1,34 41 42 -1,34 42 35 -1,35 42 43 -1,35 43 44 -1,44 43 45 -1,44 45 46 -1,46 47 44 -1,44 47 48 -1,44 48 49 -1,50 51 44 -1,44 51 52 -1,53 54 55 -1,55 54 56 -1,52 57 44 -1,44 57 56 -1,44 56 58 -1,58 56 54 -1,49 59 44 -1,44 59 60 -1,44 60 50 -1,29 18 30 -1,30 18 17 -1,30 17 61 -1,61 17 62 -1,63 64 65 -1,66 67 68 -1,68 67 69 -1,68 69 70 -1,64 71 65 -1,65 71 72 -1,65 72 73 -1,70 74 68 -1,68 74 75 -1,68 75 65 -1,65 75 76 -1,65 76 63 -1,77 78 79 -1,79 78 80 -1,78 81 80 -1,80 81 82 -1,80 82 68 -1,68 82 83 -1,68 83 66 -1,0 84 85 -1,85 84 86 -1,85 86 87 -1,87 86 88 -1,87 88 89 -1,89 88 90 -1,89 90 79 -1,79 90 36 -1,79 36 77 -1,77 36 38 -1,3 5 91 -1,91 5 92 -1,91 92 93 -1,65 94 68 -1,68 94 95 -1,68 95 96 -1,97 94 98 -1,98 94 65 -1,98 65 99 -1,99 65 92 -1,99 92 96 -1,96 92 5 -1,96 5 68 -1,68 5 4 -1,68 4 80 -1,100 101 34 -1,100 102 101 -1,101 102 103 -1,101 103 90 -1,90 103 104 -1,90 104 36 -1,36 104 105 -1,36 105 34 -1,34 105 106 -1,34 106 100 -1,107 108 109 -1,109 108 103 -1,109 103 110 -1,110 103 102 -1,110 102 111 -1,111 102 112 -1,113 88 114 -1,114 88 115 -1,116 117 118 -1,118 117 101 -1,113 119 88 -1,88 119 120 -1,88 120 121 -1,116 122 117 -1,117 122 123 -1,117 123 124 -1,124 125 117 -1,117 125 126 -1,117 126 127 -1,121 128 88 -1,88 128 129 -1,88 129 90 -1,90 129 130 -1,90 130 101 -1,101 130 131 -1,101 131 118 -1,132 133 134 -1,135 136 88 -1,88 136 117 -1,88 117 115 -1,115 117 127 -1,134 135 132 -1,132 135 88 -1,132 88 137 -1,137 88 86 -1,137 86 138 -1,84 139 86 -1,86 139 140 -1,86 140 138 -1,138 140 117 -1,138 117 141 -1,141 117 136 -1,73 62 65 -1,65 62 17 -1,65 17 92 -1,92 17 12 -1,92 12 93 -1,93 12 9 -1,139 24 140 -1,140 24 25 -1,140 25 117 -1,117 25 26 -1,117 26 101 -1,101 26 28 -1,101 28 34 -1,34 28 30 -1,34 30 39 -1,39 30 61 -1,0 2 84 -1,84 2 142 -1,84 142 139 -1,139 142 143 -1,139 143 24 -1,24 143 144 -1,24 144 32 -1,145 146 4 -1,147 148 0 -1,4 146 80 -1,149 150 151 -1,152 4 153 -1,153 4 154 -1,155 156 85 -1,85 156 157 -1,85 157 0 -1,3 158 4 -1,4 158 159 -1,4 159 154 -1,160 161 152 -1,152 161 162 -1,152 162 4 -1,4 162 163 -1,4 163 145 -1,147 0 164 -1,165 166 1 -1,149 151 167 -1,168 169 170 -1,171 172 173 -1,173 172 174 -1,175 176 160 -1,160 176 177 -1,160 177 161 -1,85 87 155 -1,155 87 89 -1,155 89 146 -1,146 89 79 -1,146 79 80 -1,168 170 178 -1,178 170 179 -1,178 179 180 -1,157 181 0 -1,0 181 182 -1,0 182 164 -1,164 182 183 -1,184 151 185 -1,185 151 150 -1,185 150 186 -1,186 150 187 -1,148 188 0 -1,0 188 189 -1,0 189 1 -1,1 189 190 -1,1 190 165 -1,191 192 173 -1,173 192 193 -1,187 150 194 -1,194 150 195 -1,194 195 196 -1,184 197 151 -1,151 197 198 -1,151 198 199 -1,199 200 151 -1,151 200 201 -1,151 201 202 -1,203 204 3 -1,3 204 205 -1,205 206 3 -1,3 206 207 -1,3 207 158 -1,175 160 208 -1,208 160 209 -1,208 209 195 -1,195 209 210 -1,195 210 196 -1,166 211 1 -1,1 211 212 -1,1 212 173 -1,173 212 213 -1,173 213 191 -1,193 214 173 -1,173 214 215 -1,173 215 216 -1,174 217 173 -1,173 217 218 -1,173 218 151 -1,151 218 219 -1,151 219 167 -1,180 220 178 -1,178 220 221 -1,178 221 222 -1,222 221 223 -1,222 223 224 -1,224 223 225 -1,224 225 182 -1,182 225 226 -1,182 226 183 -1,168 171 169 -1,169 171 173 -1,169 173 227 -1,227 173 216 -1,202 228 151 -1,151 228 229 -1,151 229 3 -1,3 229 230 -1,3 230 203 -1,91 93 231 -1,231 93 9 -1,231 9 232 -1,232 9 7 -1,232 7 233 -1,233 7 234 -1,233 234 235 -1,235 234 151 -1,235 151 231 -1,231 151 3 -1,231 3 91 -1,144 236 32 -1,32 236 237 -1,32 237 31 -1,238 234 6 -1,6 234 7 -1,144 239 240 -1,239 144 241 -1,241 144 143 -1,241 143 142 -1,142 2 241 -1,241 2 1 -1,241 1 242 -1,242 1 173 -1,242 173 240 -1,240 173 236 -1,240 236 144 -1,237 236 243 -1,243 236 173 -1,243 173 244 -1,244 173 151 -1,244 151 238 -1,238 151 234 -1,243 21 237 -1,237 21 31 -1,8 244 6 -1,6 244 238 -1,245 246 244 -1,243 247 248 -1,247 243 249 -1,248 250 243 -1,243 250 251 -1,243 251 252 -1,253 254 21 -1,243 244 255 -1,256 257 8 -1,8 257 258 -1,259 260 244 -1,244 260 261 -1,244 261 245 -1,252 262 243 -1,243 262 263 -1,243 263 21 -1,21 263 264 -1,21 264 253 -1,255 265 243 -1,243 265 266 -1,243 266 267 -1,258 268 8 -1,8 268 269 -1,8 269 244 -1,244 269 270 -1,244 270 259 -1,246 271 244 -1,244 271 272 -1,244 272 255 -1,255 272 273 -1,255 273 274 -1,274 273 275 -1,19 276 277 -1,278 279 273 -1,273 279 280 -1,273 280 275 -1,281 282 283 -1,254 284 21 -1,21 284 285 -1,21 285 19 -1,19 285 286 -1,19 286 287 -1,19 277 27 -1,27 277 288 -1,27 288 29 -1,29 288 289 -1,29 289 18 -1,18 289 290 -1,18 290 16 -1,282 291 16 -1,16 291 292 -1,16 292 15 -1,15 292 293 -1,15 293 8 -1,8 293 294 -1,8 294 256 -1,276 19 295 -1,295 19 287 -1,295 287 296 -1,296 287 297 -1,296 297 298 -1,290 299 16 -1,16 299 300 -1,16 300 282 -1,282 300 301 -1,282 301 283 -1,273 302 278 -1,278 302 303 -1,278 303 304 -1,304 303 305 -1,304 305 283 -1,283 305 306 -1,283 306 281 -1,307 308 267 -1,267 308 309 -1,267 309 243 -1,243 309 310 -1,243 310 249 -1,298 311 296 -1,296 311 312 -1,296 312 313 -1,313 312 314 -1,313 314 315 -1,315 314 307 -1,315 307 316 -1,316 307 267 -1,317 247 318 -1,318 247 249 -1,318 249 319 -1,319 249 310 -1,319 310 320 -1,320 310 309 -1,320 309 321 -1,321 309 308 -1,321 308 322 -1,322 308 307 -1,322 307 323 -1,323 307 314 -1,323 314 324 -1,324 314 312 -1,324 312 325 -1,325 312 311 -1,325 311 326 -1,326 311 298 -1,326 298 327 -1,327 298 297 -1,327 297 328 -1,328 297 287 -1,328 287 329 -1,329 287 286 -1,329 286 330 -1,330 286 285 -1,330 285 331 -1,331 285 284 -1,331 284 332 -1,332 284 254 -1,332 254 333 -1,333 254 253 -1,333 253 334 -1,334 253 264 -1,334 264 335 -1,335 264 263 -1,335 263 336 -1,336 263 262 -1,336 262 337 -1,337 262 252 -1,337 252 338 -1,338 252 251 -1,338 251 339 -1,339 251 250 -1,339 250 340 -1,340 250 248 -1,340 248 317 -1,317 248 247 -1,339 340 341 -1,341 340 317 -1,341 317 318 -1,336 337 341 -1,341 337 338 -1,341 338 339 -1,333 334 341 -1,341 334 335 -1,341 335 336 -1,330 331 341 -1,341 331 332 -1,341 332 333 -1,327 328 341 -1,341 328 329 -1,341 329 330 -1,324 325 341 -1,341 325 326 -1,341 326 327 -1,321 322 341 -1,341 322 323 -1,341 323 324 -1,318 319 341 -1,341 319 320 -1,341 320 321 -1,342 255 343 -1,343 255 274 -1,343 274 344 -1,344 274 275 -1,344 275 345 -1,345 275 280 -1,345 280 346 -1,346 280 279 -1,346 279 347 -1,347 279 278 -1,347 278 348 -1,348 278 304 -1,348 304 349 -1,349 304 283 -1,349 283 350 -1,350 283 301 -1,350 301 351 -1,351 301 300 -1,351 300 352 -1,352 300 299 -1,352 299 353 -1,353 299 290 -1,353 290 354 -1,354 290 289 -1,354 289 355 -1,355 289 288 -1,355 288 356 -1,356 288 277 -1,356 277 357 -1,357 277 276 -1,357 276 358 -1,358 276 295 -1,358 295 359 -1,359 295 296 -1,359 296 360 -1,360 296 313 -1,360 313 361 -1,361 313 315 -1,361 315 362 -1,362 315 316 -1,362 316 363 -1,363 316 267 -1,363 267 364 -1,364 267 266 -1,364 266 365 -1,365 266 265 -1,365 265 342 -1,342 265 255 -1,364 365 366 -1,366 365 342 -1,366 342 343 -1,361 362 366 -1,366 362 363 -1,366 363 364 -1,358 359 366 -1,366 359 360 -1,366 360 361 -1,355 356 366 -1,366 356 357 -1,366 357 358 -1,352 353 366 -1,366 353 354 -1,366 354 355 -1,349 350 366 -1,366 350 351 -1,366 351 352 -1,346 347 366 -1,366 347 348 -1,366 348 349 -1,343 344 366 -1,366 344 345 -1,366 345 346 -1,367 246 368 -1,368 246 245 -1,368 245 369 -1,369 245 261 -1,369 261 370 -1,370 261 260 -1,370 260 371 -1,371 260 259 -1,371 259 372 -1,372 259 270 -1,372 270 373 -1,373 270 269 -1,373 269 374 -1,374 269 268 -1,374 268 375 -1,375 268 258 -1,375 258 376 -1,376 258 257 -1,376 257 377 -1,377 257 256 -1,377 256 378 -1,378 256 294 -1,378 294 379 -1,379 294 293 -1,379 293 380 -1,380 293 292 -1,380 292 381 -1,381 292 291 -1,381 291 382 -1,382 291 282 -1,382 282 383 -1,383 282 281 -1,383 281 384 -1,384 281 306 -1,384 306 385 -1,385 306 305 -1,385 305 386 -1,386 305 303 -1,386 303 387 -1,387 303 302 -1,387 302 388 -1,388 302 273 -1,388 273 389 -1,389 273 272 -1,389 272 390 -1,390 272 271 -1,390 271 367 -1,367 271 246 -1,389 390 391 -1,391 390 367 -1,391 367 368 -1,386 387 391 -1,391 387 388 -1,391 388 389 -1,383 384 391 -1,391 384 385 -1,391 385 386 -1,380 381 391 -1,391 381 382 -1,391 382 383 -1,377 378 391 -1,391 378 379 -1,391 379 380 -1,374 375 391 -1,391 375 376 -1,391 376 377 -1,371 372 391 -1,391 372 373 -1,391 373 374 -1,368 369 391 -1,391 369 370 -1,391 370 371 -1,392 393 235 -1,235 393 233 -1,231 232 394 -1,394 232 395 -1,394 395 392 -1,392 395 393 -1,231 394 235 -1,235 394 392 -1,233 393 232 -1,232 393 395 -1,
        ]
    }
}
Shape{
    appearance Appearance {
        material  Material {
            diffuseColor 0.8509803921568627 0.8509803921568627 0.8509803921568627
            specularColor 0.4235294117647059 0.4235294117647059 0.4235294117647059
            ambientIntensity 0.2
            transparency 0
            shininess 0.5
        }
    }
    geometry IndexedFaceSet {
        ccw TRUE
        solid FALSE
        coord DEF co Coordinate {
            point [
                0.8858 -0.0748 0.0984, 0.8858 -0.0748 1.6535, 0.8858 0.0039 0.0984, 0.8858 0.0039 1.6535, 1.0827 0.0039 1.6535, 1.0827 0.0039 0.0984, 1.0793 0.0039 0.0730, 1.0695 0.0039 0.0492, 1.0538 0.0039 0.0288, 1.0335 0.0039 0.0132, 1.0097 0.0039 0.0034, 0.9843 0.0039 0.0000, 0.9588 0.0039 0.0034, 0.9350 0.0039 0.0132, 0.9147 0.0039 0.0288, 0.8990 0.0039 0.0492, 0.8892 0.0039 0.0730, 1.0827 -0.0748 0.0984, 1.0827 -0.0748 1.6535, 0.8892 -0.0748 0.0730, 0.8990 -0.0748 0.0492, 0.9147 -0.0748 0.0288, 0.9350 -0.0748 0.0132, 0.9588 -0.0748 0.0034, 0.9843 -0.0748 0.0000, 1.0097 -0.0748 0.0034, 1.0335 -0.0748 0.0132, 1.0538 -0.0748 0.0288, 1.0793 -0.0748 0.0730, 1.0695 -0.0748 0.0492, 1.0695 -0.0748 0.0492
            ]
        }
        coordIndex [
            0 1 2 -1,2 1 3 -1,3 4 2 -1,2 4 5 -1,2 5 6 -1,6 7 2 -1,2 7 8 -1,2 8 9 -1,9 10 2 -1,2 10 11 -1,2 11 12 -1,12 13 14 -1,14 15 12 -1,12 15 16 -1,12 16 2 -1,5 4 17 -1,17 4 18 -1,18 1 17 -1,17 1 0 -1,17 0 19 -1,19 20 17 -1,17 20 21 -1,17 21 22 -1,22 23 17 -1,17 23 24 -1,17 24 25 -1,25 26 17 -1,17 26 27 -1,17 27 28 -1,28 27 29 -1,0 2 16 -1,0 16 19 -1,19 16 15 -1,19 15 20 -1,20 15 14 -1,20 14 21 -1,21 14 13 -1,21 13 22 -1,22 13 12 -1,22 12 23 -1,23 12 11 -1,23 11 24 -1,5 17 28 -1,5 28 6 -1,6 28 29 -1,6 29 7 -1,7 29 27 -1,7 27 8 -1,8 27 26 -1,8 26 9 -1,9 26 25 -1,9 25 10 -1,10 25 24 -1,10 24 11 -1,
        ]
    }
}
Shape{
    appearance Appearance {
        material  Material {
            diffuseColor 0.2235294117647059 0.2235294117647059 0.2235294117647059
            specularColor 0.11372549019607843 0.11372549019607843 0.11372549019607843
            ambientIntensity 0.2
            transparency 0
            shininess 0.5
        }
    }
    geometry IndexedFaceSet {
        ccw TRUE
        solid FALSE
        coord DEF co Coordinate {
            point [
                1.2132 -0.9409 2.1260, 1.2132 -0.9409 2.5984, 1.2132 -0.9803 2.1260, 1.2132 -0.9803 2.5984, 0.9770 -0.9803 2.7559, 1.0557 -0.9803 2.7559, 0.9770 -0.9409 2.7559, 1.0557 -0.9409 2.7559, 0.8195 -0.9409 2.5984, 0.8195 -0.9409 2.1260, 0.8195 -0.9803 2.5984, 0.8195 -0.9803 2.1260, 0.9770 -0.9409 1.9685, 1.0557 -0.9409 1.9685, 0.9770 -0.9803 1.9685, 1.0557 -0.9803 1.9685, 1.0557 -1.1378 2.1260, 1.0557 -1.1378 2.5984, 0.9770 -1.1378 2.1260, 0.9770 -1.1378 2.5984, 0.9362 -0.9409 2.7505, 0.9362 -0.9803 2.7505, 0.8982 -0.9409 2.7348, 0.8982 -0.9803 2.7348, 0.8656 -0.9409 2.7098, 0.8656 -0.9803 2.7098, 0.8406 -0.9409 2.6772, 0.8406 -0.9803 2.6772, 0.8249 -0.9409 2.6392, 0.8249 -0.9803 2.6392, 1.0557 -1.1324 2.6392, 0.9770 -1.1324 2.6392, 1.0557 -1.1167 2.6772, 0.9770 -1.1167 2.6772, 1.0557 -1.0917 2.7098, 0.9770 -1.0917 2.7098, 1.0557 -1.0591 2.7348, 0.9770 -1.0591 2.7348, 1.0557 -1.0211 2.7505, 0.9770 -1.0211 2.7505, 1.2078 -0.9409 2.6392, 1.2078 -0.9803 2.6392, 1.1921 -0.9409 2.6772, 1.1921 -0.9803 2.6772, 1.1671 -0.9409 2.7098, 1.1671 -0.9803 2.7098, 1.1345 -0.9409 2.7348, 1.1345 -0.9803 2.7348, 1.0965 -0.9409 2.7505, 1.0965 -0.9803 2.7505, 0.9376 -1.1272 2.6392, 0.9376 -1.0485 2.7348, 0.9566 -1.0156 2.7505, 0.9482 -1.0091 2.7505, 0.9376 -0.9909 2.7505, 0.9664 -1.0197 2.7505, 0.9566 -1.0564 2.7348, 0.9482 -1.0879 2.7098, 0.9213 -1.0360 2.7348, 0.9417 -1.0007 2.7505, 0.9088 -1.0197 2.7348, 0.9009 -1.0007 2.7348, 0.9213 -1.0768 2.7098, 0.8982 -1.0591 2.7098, 0.8805 -1.0360 2.7098, 0.8694 -1.0091 2.7098, 0.9417 -1.1120 2.6772, 0.9088 -1.0984 2.6772, 0.8805 -1.0768 2.6772, 0.8589 -1.0485 2.6772, 0.8452 -1.0156 2.6772, 0.9009 -1.1120 2.6392, 0.8694 -1.0879 2.6392, 0.8452 -1.0564 2.6392, 0.8300 -1.0197 2.6392, 0.9362 -1.1324 2.5984, 0.8982 -1.1167 2.5984, 0.8656 -1.0917 2.5984, 0.8406 -1.0591 2.5984, 0.8249 -1.0211 2.5984, 1.2026 -1.0197 2.6392, 1.1239 -1.0197 2.7348, 1.0910 -1.0007 2.7505, 1.0845 -1.0091 2.7505, 1.0663 -1.0197 2.7505, 1.0951 -0.9909 2.7505, 1.1318 -1.0007 2.7348, 1.1633 -1.0091 2.7098, 1.1114 -1.0360 2.7348, 1.0761 -1.0156 2.7505, 1.0951 -1.0485 2.7348, 1.0761 -1.0564 2.7348, 1.1522 -1.0360 2.7098, 1.1345 -1.0591 2.7098, 1.1114 -1.0768 2.7098, 1.0845 -1.0879 2.7098, 1.1875 -1.0156 2.6772, 1.1738 -1.0485 2.6772, 1.1522 -1.0768 2.6772, 1.1239 -1.0984 2.6772, 1.0910 -1.1120 2.6772, 1.1875 -1.0564 2.6392, 1.1633 -1.0879 2.6392, 1.1318 -1.1120 2.6392, 1.0951 -1.1272 2.6392, 1.2078 -1.0211 2.5984, 1.1921 -1.0591 2.5984, 1.1671 -1.0917 2.5984, 1.1345 -1.1167 2.5984, 1.0965 -1.1324 2.5984, 0.8249 -0.9409 2.0852, 0.8249 -0.9803 2.0852, 0.8406 -0.9409 2.0472, 0.8406 -0.9803 2.0472, 0.8656 -0.9409 2.0146, 0.8656 -0.9803 2.0146, 0.8982 -0.9409 1.9896, 0.8982 -0.9803 1.9896, 0.9362 -0.9409 1.9739, 0.9362 -0.9803 1.9739, 0.9362 -1.1324 2.1260, 0.8982 -1.1167 2.1260, 0.8656 -1.0917 2.1260, 0.8406 -1.0591 2.1260, 0.8249 -1.0211 2.1260, 1.0965 -1.1324 2.1260, 1.1345 -1.1167 2.1260, 1.1671 -1.0917 2.1260, 1.1921 -1.0591 2.1260, 1.2078 -1.0211 2.1260, 1.0965 -0.9409 1.9739, 1.0965 -0.9803 1.9739, 1.1345 -0.9409 1.9896, 1.1345 -0.9803 1.9896, 1.1671 -0.9409 2.0146, 1.1671 -0.9803 2.0146, 1.1921 -0.9409 2.0472, 1.1921 -0.9803 2.0472, 1.2078 -0.9409 2.0852, 1.2078 -0.9803 2.0852, 0.9376 -1.1272 2.0852, 0.9009 -1.1120 2.0852, 0.9417 -1.1120 2.0472, 0.9088 -1.0984 2.0472, 0.9482 -1.0879 2.0146, 0.9213 -1.0768 2.0146, 0.9566 -1.0564 1.9896, 0.9376 -1.0485 1.9896, 0.9664 -1.0197 1.9739, 0.9566 -1.0156 1.9739, 0.8694 -1.0879 2.0852, 0.8805 -1.0768 2.0472, 0.8982 -1.0591 2.0146, 0.9213 -1.0360 1.9896, 0.9482 -1.0091 1.9739, 0.9770 -1.1324 2.0852, 0.9770 -1.1167 2.0472, 0.9770 -1.0917 2.0146, 0.9770 -1.0591 1.9896, 0.9770 -1.0211 1.9739, 0.8452 -1.0564 2.0852, 0.8300 -1.0197 2.0852, 0.8589 -1.0485 2.0472, 0.8452 -1.0156 2.0472, 0.8805 -1.0360 2.0146, 0.8694 -1.0091 2.0146, 0.9088 -1.0197 1.9896, 0.9009 -1.0007 1.9896, 0.9417 -1.0007 1.9739, 0.9376 -0.9909 1.9739, 1.2026 -1.0197 2.0852, 1.1875 -1.0564 2.0852, 1.1875 -1.0156 2.0472, 1.1738 -1.0485 2.0472, 1.1633 -1.0091 2.0146, 1.1522 -1.0360 2.0146, 1.1318 -1.0007 1.9896, 1.1239 -1.0197 1.9896, 1.0951 -0.9909 1.9739, 1.0910 -1.0007 1.9739, 1.1633 -1.0879 2.0852, 1.1522 -1.0768 2.0472, 1.1345 -1.0591 2.0146, 1.1114 -1.0360 1.9896, 1.0845 -1.0091 1.9739, 1.1318 -1.1120 2.0852, 1.0951 -1.1272 2.0852, 1.1239 -1.0984 2.0472, 1.0910 -1.1120 2.0472, 1.1114 -1.0768 2.0146, 1.0845 -1.0879 2.0146, 1.0951 -1.0485 1.9896, 1.0761 -1.0564 1.9896, 1.0761 -1.0156 1.9739, 1.0663 -1.0197 1.9739, 1.0557 -1.1324 2.0852, 1.0557 -1.1167 2.0472, 1.0557 -1.0917 2.0146, 1.0557 -1.0591 1.9896, 1.0557 -1.0211 1.9739, -1.3091 -0.2126 2.5591, -1.3091 0.3386 2.5591, -1.5059 -0.0157 2.5591, -1.5059 0.1417 2.5591, -1.5059 -0.0157 2.1654, -1.5059 0.1417 2.1654, -1.3091 -0.2126 2.1654, -1.3091 0.3386 2.1654, -1.3091 0.3386 2.1654
            ]
        }
        coordIndex [
            0 1 2 -1,2 1 3 -1,4 5 6 -1,6 5 7 -1,8 9 10 -1,10 9 11 -1,12 13 14 -1,14 13 15 -1,16 17 18 -1,18 17 19 -1,4 6 20 -1,4 20 21 -1,21 20 22 -1,21 22 23 -1,23 22 24 -1,23 24 25 -1,25 24 26 -1,25 26 27 -1,27 26 28 -1,27 28 29 -1,29 28 8 -1,29 8 10 -1,19 17 30 -1,19 30 31 -1,31 30 32 -1,31 32 33 -1,33 32 34 -1,33 34 35 -1,35 34 36 -1,35 36 37 -1,37 36 38 -1,37 38 39 -1,39 38 5 -1,39 5 4 -1,3 1 40 -1,3 40 41 -1,41 40 42 -1,41 42 43 -1,43 42 44 -1,43 44 45 -1,45 44 46 -1,45 46 47 -1,47 46 48 -1,47 48 49 -1,49 48 7 -1,49 7 5 -1,19 31 50 -1,51 52 53 -1,4 21 54 -1,53 52 4 -1,55 4 52 -1,55 52 56 -1,56 52 51 -1,56 51 57 -1,39 4 55 -1,58 59 60 -1,60 59 54 -1,60 54 61 -1,61 54 21 -1,61 21 23 -1,39 55 37 -1,37 55 56 -1,37 56 35 -1,35 56 57 -1,35 57 33 -1,62 58 63 -1,63 58 60 -1,63 60 64 -1,64 60 61 -1,64 61 65 -1,65 61 23 -1,65 23 25 -1,66 62 67 -1,67 62 63 -1,67 63 68 -1,68 63 64 -1,68 64 69 -1,69 64 65 -1,69 65 70 -1,70 65 25 -1,70 25 27 -1,31 66 50 -1,50 66 67 -1,50 67 71 -1,71 67 68 -1,71 68 72 -1,72 68 69 -1,72 69 73 -1,73 69 70 -1,73 70 74 -1,74 70 27 -1,74 27 29 -1,19 50 75 -1,75 50 71 -1,75 71 76 -1,76 71 72 -1,76 72 77 -1,77 72 73 -1,77 73 78 -1,78 73 74 -1,78 74 79 -1,79 74 29 -1,79 29 10 -1,59 4 54 -1,31 33 66 -1,66 33 57 -1,66 57 62 -1,62 57 51 -1,62 51 58 -1,58 51 53 -1,58 53 59 -1,59 53 4 -1,3 41 80 -1,81 82 83 -1,5 38 84 -1,83 82 5 -1,85 5 82 -1,85 82 86 -1,86 82 81 -1,86 81 87 -1,49 5 85 -1,88 89 90 -1,90 89 84 -1,90 84 91 -1,91 84 38 -1,91 38 36 -1,49 85 47 -1,47 85 86 -1,47 86 45 -1,45 86 87 -1,45 87 43 -1,92 88 93 -1,93 88 90 -1,93 90 94 -1,94 90 91 -1,94 91 95 -1,95 91 36 -1,95 36 34 -1,96 92 97 -1,97 92 93 -1,97 93 98 -1,98 93 94 -1,98 94 99 -1,99 94 95 -1,99 95 100 -1,100 95 34 -1,100 34 32 -1,41 96 80 -1,80 96 97 -1,80 97 101 -1,101 97 98 -1,101 98 102 -1,102 98 99 -1,102 99 103 -1,103 99 100 -1,103 100 104 -1,104 100 32 -1,104 32 30 -1,3 80 105 -1,105 80 101 -1,105 101 106 -1,106 101 102 -1,106 102 107 -1,107 102 103 -1,107 103 108 -1,108 103 104 -1,108 104 109 -1,109 104 30 -1,109 30 17 -1,89 5 84 -1,41 43 96 -1,96 43 87 -1,96 87 92 -1,92 87 81 -1,92 81 88 -1,88 81 83 -1,88 83 89 -1,89 83 5 -1,11 9 110 -1,11 110 111 -1,111 110 112 -1,111 112 113 -1,113 112 114 -1,113 114 115 -1,115 114 116 -1,115 116 117 -1,117 116 118 -1,117 118 119 -1,119 118 12 -1,119 12 14 -1,18 19 75 -1,18 75 120 -1,120 75 76 -1,120 76 121 -1,121 76 77 -1,121 77 122 -1,122 77 78 -1,122 78 123 -1,123 78 79 -1,123 79 124 -1,124 79 10 -1,124 10 11 -1,17 16 125 -1,17 125 109 -1,109 125 126 -1,109 126 108 -1,108 126 127 -1,108 127 107 -1,107 127 128 -1,107 128 106 -1,106 128 129 -1,106 129 105 -1,105 129 2 -1,105 2 3 -1,15 13 130 -1,15 130 131 -1,131 130 132 -1,131 132 133 -1,133 132 134 -1,133 134 135 -1,135 134 136 -1,135 136 137 -1,137 136 138 -1,137 138 139 -1,139 138 0 -1,139 0 2 -1,120 121 140 -1,140 121 141 -1,140 141 142 -1,142 141 143 -1,142 143 144 -1,144 143 145 -1,144 145 146 -1,146 145 147 -1,146 147 148 -1,148 147 149 -1,148 149 14 -1,121 122 141 -1,141 122 150 -1,141 150 143 -1,143 150 151 -1,143 151 145 -1,145 151 152 -1,145 152 147 -1,147 152 153 -1,147 153 149 -1,149 153 154 -1,149 154 14 -1,18 120 155 -1,155 120 140 -1,155 140 156 -1,156 140 142 -1,156 142 157 -1,157 142 144 -1,157 144 158 -1,158 144 146 -1,158 146 159 -1,159 146 148 -1,159 148 14 -1,123 124 160 -1,160 124 161 -1,160 161 162 -1,162 161 163 -1,162 163 164 -1,164 163 165 -1,164 165 166 -1,166 165 167 -1,166 167 168 -1,168 167 169 -1,168 169 14 -1,124 11 161 -1,161 11 111 -1,161 111 163 -1,163 111 113 -1,163 113 165 -1,165 113 115 -1,165 115 167 -1,167 115 117 -1,167 117 169 -1,169 117 119 -1,169 119 14 -1,122 123 150 -1,150 123 160 -1,150 160 151 -1,151 160 162 -1,151 162 152 -1,152 162 164 -1,152 164 153 -1,153 164 166 -1,153 166 154 -1,154 166 168 -1,154 168 14 -1,129 128 170 -1,170 128 171 -1,170 171 172 -1,172 171 173 -1,172 173 174 -1,174 173 175 -1,174 175 176 -1,176 175 177 -1,176 177 178 -1,178 177 179 -1,178 179 15 -1,128 127 171 -1,171 127 180 -1,171 180 173 -1,173 180 181 -1,173 181 175 -1,175 181 182 -1,175 182 177 -1,177 182 183 -1,177 183 179 -1,179 183 184 -1,179 184 15 -1,2 129 139 -1,139 129 170 -1,139 170 137 -1,137 170 172 -1,137 172 135 -1,135 172 174 -1,135 174 133 -1,133 174 176 -1,133 176 131 -1,131 176 178 -1,131 178 15 -1,126 125 185 -1,185 125 186 -1,185 186 187 -1,187 186 188 -1,187 188 189 -1,189 188 190 -1,189 190 191 -1,191 190 192 -1,191 192 193 -1,193 192 194 -1,193 194 15 -1,125 16 186 -1,186 16 195 -1,186 195 188 -1,188 195 196 -1,188 196 190 -1,190 196 197 -1,190 197 192 -1,192 197 198 -1,192 198 194 -1,194 198 199 -1,194 199 15 -1,127 126 180 -1,180 126 185 -1,180 185 181 -1,181 185 187 -1,181 187 182 -1,182 187 189 -1,182 189 183 -1,183 189 191 -1,183 191 184 -1,184 191 193 -1,184 193 15 -1,16 18 155 -1,16 155 195 -1,195 155 156 -1,195 156 196 -1,196 156 157 -1,196 157 197 -1,197 157 158 -1,197 158 198 -1,198 158 159 -1,198 159 199 -1,199 159 14 -1,199 14 15 -1,200 201 202 -1,202 201 203 -1,204 205 206 -1,206 205 207 -1,202 203 204 -1,204 203 205 -1,204 206 202 -1,202 206 200 -1,203 201 205 -1,205 201 207 -1,
        ]
    }
}
Shape{
    appearance Appearance {
        material  Material {
            diffuseColor 0.8509803921568627 0.8509803921568627 0.8509803921568627
            specularColor 0.4235294117647059 0.4235294117647059 0.4235294117647059
            ambientIntensity 0.2
            transparency 0
            shininess 0.5
        }
    }
    geometry IndexedFaceSet {
        ccw TRUE
        solid FALSE
        coord DEF co Coordinate {
            point [
                -0.8858 0.0039 0.0984, -0.8858 0.0039 1.6535, -0.8858 -0.0748 0.0984, -0.8858 -0.0748 1.6535, -1.0827 -0.0748 1.6535, -1.0827 -0.0748 0.0984, -1.0793 -0.0748 0.0730, -1.0695 -0.0748 0.0492, -1.0538 -0.0748 0.0288, -1.0335 -0.0748 0.0132, -1.0097 -0.0748 0.0034, -0.9843 -0.0748 0.0000, -0.9588 -0.0748 0.0034, -0.9350 -0.0748 0.0132, -0.9147 -0.0748 0.0288, -0.8990 -0.0748 0.0492, -0.8892 -0.0748 0.0730, -1.0827 0.0039 0.0984, -1.0827 0.0039 1.6535, -0.8892 0.0039 0.0730, -0.8990 0.0039 0.0492, -0.9147 0.0039 0.0288, -0.9350 0.0039 0.0132, -0.9588 0.0039 0.0034, -0.9843 0.0039 0.0000, -1.0097 0.0039 0.0034, -1.0335 0.0039 0.0132, -1.0538 0.0039 0.0288, -1.0793 0.0039 0.0730, -1.0695 0.0039 0.0492, -1.0695 0.0039 0.0492
            ]
        }
        coordIndex [
            0 1 2 -1,2 1 3 -1,3 4 2 -1,2 4 5 -1,2 5 6 -1,6 7 2 -1,2 7 8 -1,2 8 9 -1,9 10 2 -1,2 10 11 -1,2 11 12 -1,12 13 14 -1,14 15 12 -1,12 15 16 -1,12 16 2 -1,5 4 17 -1,17 4 18 -1,18 1 17 -1,17 1 0 -1,17 0 19 -1,19 20 17 -1,17 20 21 -1,17 21 22 -1,22 23 17 -1,17 23 24 -1,17 24 25 -1,25 26 17 -1,17 26 27 -1,17 27 28 -1,28 27 29 -1,0 2 16 -1,0 16 19 -1,19 16 15 -1,19 15 20 -1,20 15 14 -1,20 14 21 -1,21 14 13 -1,21 13 22 -1,22 13 12 -1,22 12 23 -1,23 12 11 -1,23 11 24 -1,5 17 28 -1,5 28 6 -1,6 28 29 -1,6 29 7 -1,7 29 27 -1,7 27 8 -1,8 27 26 -1,8 26 9 -1,9 26 25 -1,9 25 10 -1,10 25 24 -1,10 24 11 -1,
        ]
    }
}
Shape{
    appearance Appearance {
        material  Material {
            diffuseColor 0.2235294117647059 0.2235294117647059 0.2235294117647059
            specularColor 0.11372549019607843 0.11372549019607843 0.11372549019607843
            ambientIntensity 0.2
            transparency 0
            shininess 0.5
        }
    }
    geometry IndexedFaceSet {
        ccw TRUE
        solid FALSE
        coord DEF co Coordinate {
            point [
                -1.2132 -0.9803 2.1260, -1.2132 -0.9803 2.5984, -1.2132 -0.9409 2.1260, -1.2132 -0.9409 2.5984, -0.9770 -0.9803 1.9685, -1.0557 -0.9803 1.9685, -0.9770 -0.9409 1.9685, -1.0557 -0.9409 1.9685, -0.8195 -0.9803 2.5984, -0.8195 -0.9803 2.1260, -0.8195 -0.9409 2.5984, -0.8195 -0.9409 2.1260, -0.9770 -0.9409 2.7559, -1.0557 -0.9409 2.7559, -0.9770 -0.9803 2.7559, -1.0557 -0.9803 2.7559, -1.0557 -1.1378 2.5984, -1.0557 -1.1378 2.1260, -0.9770 -1.1378 2.5984, -0.9770 -1.1378 2.1260, -1.2078 -0.9409 2.0852, -1.2078 -0.9803 2.0852, -1.1921 -0.9409 2.0472, -1.1921 -0.9803 2.0472, -1.1671 -0.9409 2.0146, -1.1671 -0.9803 2.0146, -1.1345 -0.9409 1.9896, -1.1345 -0.9803 1.9896, -1.0965 -0.9409 1.9739, -1.0965 -0.9803 1.9739, -0.9362 -0.9409 1.9739, -0.9362 -0.9803 1.9739, -0.8982 -0.9409 1.9896, -0.8982 -0.9803 1.9896, -0.8656 -0.9409 2.0146, -0.8656 -0.9803 2.0146, -0.8406 -0.9409 2.0472, -0.8406 -0.9803 2.0472, -0.8249 -0.9409 2.0852, -0.8249 -0.9803 2.0852, -1.0557 -1.1324 2.0852, -0.9770 -1.1324 2.0852, -1.0557 -1.1167 2.0472, -0.9770 -1.1167 2.0472, -1.0557 -1.0917 2.0146, -0.9770 -1.0917 2.0146, -1.0557 -1.0591 1.9896, -0.9770 -1.0591 1.9896, -1.0557 -1.0211 1.9739, -0.9770 -1.0211 1.9739, -1.0965 -1.1324 2.1260, -1.1345 -1.1167 2.1260, -1.0951 -1.1272 2.0852, -1.1318 -1.1120 2.0852, -1.0910 -1.1120 2.0472, -1.1239 -1.0984 2.0472, -1.0845 -1.0879 2.0146, -1.1114 -1.0768 2.0146, -1.0761 -1.0564 1.9896, -1.0951 -1.0485 1.9896, -1.0663 -1.0197 1.9739, -1.0761 -1.0156 1.9739, -1.1671 -1.0917 2.1260, -1.1633 -1.0879 2.0852, -1.1522 -1.0768 2.0472, -1.1345 -1.0591 2.0146, -1.1114 -1.0360 1.9896, -1.0845 -1.0091 1.9739, -1.1921 -1.0591 2.1260, -1.2078 -1.0211 2.1260, -1.1875 -1.0564 2.0852, -1.2026 -1.0197 2.0852, -1.1738 -1.0485 2.0472, -1.1875 -1.0156 2.0472, -1.1522 -1.0360 2.0146, -1.1633 -1.0091 2.0146, -1.1239 -1.0197 1.9896, -1.1318 -1.0007 1.9896, -1.0910 -1.0007 1.9739, -1.0951 -0.9909 1.9739, -0.8249 -1.0211 2.1260, -0.8406 -1.0591 2.1260, -0.8300 -1.0197 2.0852, -0.8452 -1.0564 2.0852, -0.8452 -1.0156 2.0472, -0.8589 -1.0485 2.0472, -0.8694 -1.0091 2.0146, -0.8805 -1.0360 2.0146, -0.9009 -1.0007 1.9896, -0.9088 -1.0197 1.9896, -0.9376 -0.9909 1.9739, -0.9417 -1.0007 1.9739, -0.8656 -1.0917 2.1260, -0.8694 -1.0879 2.0852, -0.8805 -1.0768 2.0472, -0.8982 -1.0591 2.0146, -0.9213 -1.0360 1.9896, -0.9482 -1.0091 1.9739, -0.8982 -1.1167 2.1260, -0.9362 -1.1324 2.1260, -0.9009 -1.1120 2.0852, -0.9376 -1.1272 2.0852, -0.9088 -1.0984 2.0472, -0.9417 -1.1120 2.0472, -0.9213 -1.0768 2.0146, -0.9482 -1.0879 2.0146, -0.9376 -1.0485 1.9896, -0.9566 -1.0564 1.9896, -0.9566 -1.0156 1.9739, -0.9664 -1.0197 1.9739, -1.0965 -1.1324 2.5984, -1.1345 -1.1167 2.5984, -1.1671 -1.0917 2.5984, -1.1921 -1.0591 2.5984, -1.2078 -1.0211 2.5984, -1.0965 -0.9409 2.7505, -1.0965 -0.9803 2.7505, -1.1345 -0.9409 2.7348, -1.1345 -0.9803 2.7348, -1.1671 -0.9409 2.7098, -1.1671 -0.9803 2.7098, -1.1921 -0.9409 2.6772, -1.1921 -0.9803 2.6772, -1.2078 -0.9409 2.6392, -1.2078 -0.9803 2.6392, -0.8249 -0.9409 2.6392, -0.8249 -0.9803 2.6392, -0.8406 -0.9409 2.6772, -0.8406 -0.9803 2.6772, -0.8656 -0.9409 2.7098, -0.8656 -0.9803 2.7098, -0.8982 -0.9409 2.7348, -0.8982 -0.9803 2.7348, -0.9362 -0.9409 2.7505, -0.9362 -0.9803 2.7505, -0.9362 -1.1324 2.5984, -0.8982 -1.1167 2.5984, -0.8656 -1.0917 2.5984, -0.8406 -1.0591 2.5984, -0.8249 -1.0211 2.5984, -1.0557 -1.1324 2.6392, -1.0951 -1.1272 2.6392, -1.0951 -1.0485 2.7348, -1.0761 -1.0156 2.7505, -1.0845 -1.0091 2.7505, -1.0951 -0.9909 2.7505, -1.0663 -1.0197 2.7505, -1.0761 -1.0564 2.7348, -1.0845 -1.0879 2.7098, -1.0557 -1.0211 2.7505, -1.1114 -1.0360 2.7348, -1.0910 -1.0007 2.7505, -1.1239 -1.0197 2.7348, -1.1318 -1.0007 2.7348, -1.0557 -1.0591 2.7348, -1.0557 -1.0917 2.7098, -1.0557 -1.1167 2.6772, -1.1114 -1.0768 2.7098, -1.1345 -1.0591 2.7098, -1.1522 -1.0360 2.7098, -1.1633 -1.0091 2.7098, -1.0910 -1.1120 2.6772, -1.1239 -1.0984 2.6772, -1.1522 -1.0768 2.6772, -1.1738 -1.0485 2.6772, -1.1875 -1.0156 2.6772, -1.1318 -1.1120 2.6392, -1.1633 -1.0879 2.6392, -1.1875 -1.0564 2.6392, -1.2026 -1.0197 2.6392, -0.8300 -1.0197 2.6392, -0.9088 -1.0197 2.7348, -0.9417 -1.0007 2.7505, -0.9482 -1.0091 2.7505, -0.9770 -1.0211 2.7505, -0.9664 -1.0197 2.7505, -0.9376 -0.9909 2.7505, -0.9009 -1.0007 2.7348, -0.8694 -1.0091 2.7098, -0.9213 -1.0360 2.7348, -0.9566 -1.0156 2.7505, -0.9376 -1.0485 2.7348, -0.9566 -1.0564 2.7348, -0.9770 -1.0591 2.7348, -0.8805 -1.0360 2.7098, -0.8982 -1.0591 2.7098, -0.9213 -1.0768 2.7098, -0.9482 -1.0879 2.7098, -0.9770 -1.0917 2.7098, -0.8452 -1.0156 2.6772, -0.8589 -1.0485 2.6772, -0.8805 -1.0768 2.6772, -0.9088 -1.0984 2.6772, -0.9417 -1.1120 2.6772, -0.9770 -1.1167 2.6772, -0.8452 -1.0564 2.6392, -0.8694 -1.0879 2.6392, -0.9009 -1.1120 2.6392, -0.9376 -1.1272 2.6392, -0.9770 -1.1324 2.6392, -0.9770 -1.1324 2.6392
            ]
        }
        coordIndex [
            0 1 2 -1,2 1 3 -1,4 5 6 -1,6 5 7 -1,8 9 10 -1,10 9 11 -1,12 13 14 -1,14 13 15 -1,16 17 18 -1,18 17 19 -1,0 2 20 -1,0 20 21 -1,21 20 22 -1,21 22 23 -1,23 22 24 -1,23 24 25 -1,25 24 26 -1,25 26 27 -1,27 26 28 -1,27 28 29 -1,29 28 7 -1,29 7 5 -1,4 6 30 -1,4 30 31 -1,31 30 32 -1,31 32 33 -1,33 32 34 -1,33 34 35 -1,35 34 36 -1,35 36 37 -1,37 36 38 -1,37 38 39 -1,39 38 11 -1,39 11 9 -1,19 17 40 -1,19 40 41 -1,41 40 42 -1,41 42 43 -1,43 42 44 -1,43 44 45 -1,45 44 46 -1,45 46 47 -1,47 46 48 -1,47 48 49 -1,49 48 5 -1,49 5 4 -1,50 51 52 -1,52 51 53 -1,52 53 54 -1,54 53 55 -1,54 55 56 -1,56 55 57 -1,56 57 58 -1,58 57 59 -1,58 59 60 -1,60 59 61 -1,60 61 5 -1,51 62 53 -1,53 62 63 -1,53 63 55 -1,55 63 64 -1,55 64 57 -1,57 64 65 -1,57 65 59 -1,59 65 66 -1,59 66 61 -1,61 66 67 -1,61 67 5 -1,17 50 40 -1,40 50 52 -1,40 52 42 -1,42 52 54 -1,42 54 44 -1,44 54 56 -1,44 56 46 -1,46 56 58 -1,46 58 48 -1,48 58 60 -1,48 60 5 -1,68 69 70 -1,70 69 71 -1,70 71 72 -1,72 71 73 -1,72 73 74 -1,74 73 75 -1,74 75 76 -1,76 75 77 -1,76 77 78 -1,78 77 79 -1,78 79 5 -1,69 0 71 -1,71 0 21 -1,71 21 73 -1,73 21 23 -1,73 23 75 -1,75 23 25 -1,75 25 77 -1,77 25 27 -1,77 27 79 -1,79 27 29 -1,79 29 5 -1,62 68 63 -1,63 68 70 -1,63 70 64 -1,64 70 72 -1,64 72 65 -1,65 72 74 -1,65 74 66 -1,66 74 76 -1,66 76 67 -1,67 76 78 -1,67 78 5 -1,80 81 82 -1,82 81 83 -1,82 83 84 -1,84 83 85 -1,84 85 86 -1,86 85 87 -1,86 87 88 -1,88 87 89 -1,88 89 90 -1,90 89 91 -1,90 91 4 -1,81 92 83 -1,83 92 93 -1,83 93 85 -1,85 93 94 -1,85 94 87 -1,87 94 95 -1,87 95 89 -1,89 95 96 -1,89 96 91 -1,91 96 97 -1,91 97 4 -1,9 80 39 -1,39 80 82 -1,39 82 37 -1,37 82 84 -1,37 84 35 -1,35 84 86 -1,35 86 33 -1,33 86 88 -1,33 88 31 -1,31 88 90 -1,31 90 4 -1,98 99 100 -1,100 99 101 -1,100 101 102 -1,102 101 103 -1,102 103 104 -1,104 103 105 -1,104 105 106 -1,106 105 107 -1,106 107 108 -1,108 107 109 -1,108 109 4 -1,99 19 101 -1,101 19 41 -1,101 41 103 -1,103 41 43 -1,103 43 105 -1,105 43 45 -1,105 45 107 -1,107 45 47 -1,107 47 109 -1,109 47 49 -1,109 49 4 -1,92 98 93 -1,93 98 100 -1,93 100 94 -1,94 100 102 -1,94 102 95 -1,95 102 104 -1,95 104 96 -1,96 104 106 -1,96 106 97 -1,97 106 108 -1,97 108 4 -1,17 16 110 -1,17 110 50 -1,50 110 111 -1,50 111 51 -1,51 111 112 -1,51 112 62 -1,62 112 113 -1,62 113 68 -1,68 113 114 -1,68 114 69 -1,69 114 1 -1,69 1 0 -1,15 13 115 -1,15 115 116 -1,116 115 117 -1,116 117 118 -1,118 117 119 -1,118 119 120 -1,120 119 121 -1,120 121 122 -1,122 121 123 -1,122 123 124 -1,124 123 3 -1,124 3 1 -1,8 10 125 -1,8 125 126 -1,126 125 127 -1,126 127 128 -1,128 127 129 -1,128 129 130 -1,130 129 131 -1,130 131 132 -1,132 131 133 -1,132 133 134 -1,134 133 12 -1,134 12 14 -1,18 19 99 -1,18 99 135 -1,135 99 98 -1,135 98 136 -1,136 98 92 -1,136 92 137 -1,137 92 81 -1,137 81 138 -1,138 81 80 -1,138 80 139 -1,139 80 9 -1,139 9 8 -1,16 140 141 -1,142 143 144 -1,15 116 145 -1,144 143 15 -1,146 15 143 -1,146 143 147 -1,147 143 142 -1,147 142 148 -1,149 15 146 -1,150 151 152 -1,152 151 145 -1,152 145 153 -1,153 145 116 -1,153 116 118 -1,149 146 154 -1,154 146 147 -1,154 147 155 -1,155 147 148 -1,155 148 156 -1,157 150 158 -1,158 150 152 -1,158 152 159 -1,159 152 153 -1,159 153 160 -1,160 153 118 -1,160 118 120 -1,161 157 162 -1,162 157 158 -1,162 158 163 -1,163 158 159 -1,163 159 164 -1,164 159 160 -1,164 160 165 -1,165 160 120 -1,165 120 122 -1,140 161 141 -1,141 161 162 -1,141 162 166 -1,166 162 163 -1,166 163 167 -1,167 163 164 -1,167 164 168 -1,168 164 165 -1,168 165 169 -1,169 165 122 -1,169 122 124 -1,16 141 110 -1,110 141 166 -1,110 166 111 -1,111 166 167 -1,111 167 112 -1,112 167 168 -1,112 168 113 -1,113 168 169 -1,113 169 114 -1,114 169 124 -1,114 124 1 -1,151 15 145 -1,140 156 161 -1,161 156 148 -1,161 148 157 -1,157 148 142 -1,157 142 150 -1,150 142 144 -1,150 144 151 -1,151 144 15 -1,8 126 170 -1,171 172 173 -1,14 174 175 -1,173 172 14 -1,176 14 172 -1,176 172 177 -1,177 172 171 -1,177 171 178 -1,134 14 176 -1,179 180 181 -1,181 180 175 -1,181 175 182 -1,182 175 174 -1,182 174 183 -1,134 176 132 -1,132 176 177 -1,132 177 130 -1,130 177 178 -1,130 178 128 -1,184 179 185 -1,185 179 181 -1,185 181 186 -1,186 181 182 -1,186 182 187 -1,187 182 183 -1,187 183 188 -1,189 184 190 -1,190 184 185 -1,190 185 191 -1,191 185 186 -1,191 186 192 -1,192 186 187 -1,192 187 193 -1,193 187 188 -1,193 188 194 -1,126 189 170 -1,170 189 190 -1,170 190 195 -1,195 190 191 -1,195 191 196 -1,196 191 192 -1,196 192 197 -1,197 192 193 -1,197 193 198 -1,198 193 194 -1,198 194 199 -1,8 170 139 -1,139 170 195 -1,139 195 138 -1,138 195 196 -1,138 196 137 -1,137 196 197 -1,137 197 136 -1,136 197 198 -1,136 198 135 -1,135 198 199 -1,135 199 18 -1,180 14 175 -1,126 128 189 -1,189 128 178 -1,189 178 184 -1,184 178 171 -1,184 171 179 -1,179 171 173 -1,179 173 180 -1,180 173 14 -1,16 18 199 -1,16 199 140 -1,140 199 194 -1,140 194 156 -1,156 194 188 -1,156 188 155 -1,155 188 183 -1,155 183 154 -1,154 183 174 -1,154 174 149 -1,149 174 14 -1,149 14 15 -1,
        ]
    }
}
Shape{
    appearance Appearance {
        material  Material {
            diffuseColor 0.2627450980392157 0.29411764705882354 0.29411764705882354
            specularColor 0.13333333333333333 0.14901960784313725 0.14901960784313725
            ambientIntensity 0.2
            transparency 0
            shininess 0.5
        }
    }
    geometry IndexedFaceSet {
        ccw TRUE
        solid FALSE
        coord DEF co Coordinate {
            point [
                0.5906 -0.9409 2.1260, 0.5906 -0.9409 2.5984, 0.5906 -1.4409 2.1260, 0.5906 -1.4409 2.5984, -0.5315 -1.4409 2.6575, 0.5315 -1.4409 2.6575, -0.5315 -0.9409 2.6575, 0.5315 -0.9409 2.6575, -0.5906 -0.9409 2.5984, -0.5906 -0.9409 2.1260, -0.5906 -1.4409 2.5984, -0.5906 -1.4409 2.1260, -0.5315 -0.9409 2.0669, 0.5315 -0.9409 2.0669, -0.5315 -1.4409 2.0669, 0.5315 -1.4409 2.0669, 0.5315 -1.5000 2.1260, 0.5315 -1.5000 2.5984, -0.5315 -1.5000 2.1260, -0.5315 -1.5000 2.5984, -0.5468 -0.9409 2.6555, -0.5468 -1.4409 2.6555, -0.5610 -0.9409 2.6496, -0.5610 -1.4409 2.6496, -0.5733 -0.9409 2.6402, -0.5733 -1.4409 2.6402, -0.5826 -0.9409 2.6280, -0.5826 -1.4409 2.6280, -0.5885 -0.9409 2.6137, -0.5885 -1.4409 2.6137, -0.5315 -1.4562 2.6555, 0.5315 -1.4562 2.6555, -0.5315 -1.4705 2.6496, 0.5315 -1.4705 2.6496, -0.5315 -1.4827 2.6402, 0.5315 -1.4827 2.6402, -0.5315 -1.4921 2.6280, 0.5315 -1.4921 2.6280, -0.5315 -1.4980 2.6137, 0.5315 -1.4980 2.6137, 0.5885 -0.9409 2.6137, 0.5885 -1.4409 2.6137, 0.5826 -0.9409 2.6280, 0.5826 -1.4409 2.6280, 0.5733 -0.9409 2.6402, 0.5733 -1.4409 2.6402, 0.5610 -0.9409 2.6496, 0.5610 -1.4409 2.6496, 0.5468 -0.9409 2.6555, 0.5468 -1.4409 2.6555, -0.5463 -1.4960 2.6137, -0.5463 -1.4665 2.6496, -0.5391 -1.4542 2.6555, -0.5423 -1.4518 2.6555, -0.5463 -1.4449 2.6555, -0.5355 -1.4557 2.6555, -0.5391 -1.4695 2.6496, -0.5423 -1.4813 2.6402, -0.5524 -1.4618 2.6496, -0.5447 -1.4486 2.6555, -0.5571 -1.4557 2.6496, -0.5600 -1.4486 2.6496, -0.5524 -1.4771 2.6402, -0.5610 -1.4705 2.6402, -0.5677 -1.4618 2.6402, -0.5718 -1.4518 2.6402, -0.5447 -1.4903 2.6280, -0.5571 -1.4852 2.6280, -0.5677 -1.4771 2.6280, -0.5758 -1.4665 2.6280, -0.5809 -1.4542 2.6280, -0.5600 -1.4903 2.6137, -0.5718 -1.4813 2.6137, -0.5809 -1.4695 2.6137, -0.5866 -1.4557 2.6137, -0.5468 -1.4980 2.5984, -0.5610 -1.4921 2.5984, -0.5733 -1.4827 2.5984, -0.5826 -1.4705 2.5984, -0.5885 -1.4562 2.5984, 0.5866 -1.4557 2.6137, 0.5571 -1.4557 2.6496, 0.5447 -1.4486 2.6555, 0.5423 -1.4518 2.6555, 0.5355 -1.4557 2.6555, 0.5463 -1.4449 2.6555, 0.5600 -1.4486 2.6496, 0.5718 -1.4518 2.6402, 0.5524 -1.4618 2.6496, 0.5391 -1.4542 2.6555, 0.5463 -1.4665 2.6496, 0.5391 -1.4695 2.6496, 0.5677 -1.4618 2.6402, 0.5610 -1.4705 2.6402, 0.5524 -1.4771 2.6402, 0.5423 -1.4813 2.6402, 0.5809 -1.4542 2.6280, 0.5758 -1.4665 2.6280, 0.5677 -1.4771 2.6280, 0.5571 -1.4852 2.6280, 0.5447 -1.4903 2.6280, 0.5809 -1.4695 2.6137, 0.5718 -1.4813 2.6137, 0.5600 -1.4903 2.6137, 0.5463 -1.4960 2.6137, 0.5885 -1.4562 2.5984, 0.5826 -1.4705 2.5984, 0.5733 -1.4827 2.5984, 0.5610 -1.4921 2.5984, 0.5468 -1.4980 2.5984, -0.5885 -0.9409 2.1107, -0.5885 -1.4409 2.1107, -0.5826 -0.9409 2.0965, -0.5826 -1.4409 2.0965, -0.5733 -0.9409 2.0842, -0.5733 -1.4409 2.0842, -0.5610 -0.9409 2.0748, -0.5610 -1.4409 2.0748, -0.5468 -0.9409 2.0689, -0.5468 -1.4409 2.0689, -0.5885 -1.4562 2.1260, -0.5826 -1.4705 2.1260, -0.5733 -1.4827 2.1260, -0.5610 -1.4921 2.1260, -0.5468 -1.4980 2.1260, 0.5885 -1.4562 2.1260, 0.5826 -1.4705 2.1260, 0.5733 -1.4827 2.1260, 0.5610 -1.4921 2.1260, 0.5468 -1.4980 2.1260, 0.5468 -0.9409 2.0689, 0.5468 -1.4409 2.0689, 0.5610 -0.9409 2.0748, 0.5610 -1.4409 2.0748, 0.5733 -0.9409 2.0842, 0.5733 -1.4409 2.0842, 0.5826 -0.9409 2.0965, 0.5826 -1.4409 2.0965, 0.5885 -0.9409 2.1107, 0.5885 -1.4409 2.1107, -0.5463 -1.4960 2.1107, -0.5600 -1.4903 2.1107, -0.5447 -1.4903 2.0965, -0.5571 -1.4852 2.0965, -0.5423 -1.4813 2.0842, -0.5524 -1.4771 2.0842, -0.5391 -1.4695 2.0748, -0.5463 -1.4665 2.0748, -0.5355 -1.4557 2.0689, -0.5391 -1.4542 2.0689, -0.5718 -1.4813 2.1107, -0.5677 -1.4771 2.0965, -0.5610 -1.4705 2.0842, -0.5524 -1.4618 2.0748, -0.5423 -1.4518 2.0689, -0.5315 -1.4980 2.1107, -0.5315 -1.4921 2.0965, -0.5315 -1.4827 2.0842, -0.5315 -1.4705 2.0748, -0.5315 -1.4562 2.0689, -0.5809 -1.4695 2.1107, -0.5866 -1.4557 2.1107, -0.5758 -1.4665 2.0965, -0.5809 -1.4542 2.0965, -0.5677 -1.4618 2.0842, -0.5718 -1.4518 2.0842, -0.5571 -1.4557 2.0748, -0.5600 -1.4486 2.0748, -0.5447 -1.4486 2.0689, -0.5463 -1.4449 2.0689, 0.5866 -1.4557 2.1107, 0.5809 -1.4695 2.1107, 0.5809 -1.4542 2.0965, 0.5758 -1.4665 2.0965, 0.5718 -1.4518 2.0842, 0.5677 -1.4618 2.0842, 0.5600 -1.4486 2.0748, 0.5571 -1.4557 2.0748, 0.5463 -1.4449 2.0689, 0.5447 -1.4486 2.0689, 0.5718 -1.4813 2.1107, 0.5677 -1.4771 2.0965, 0.5610 -1.4705 2.0842, 0.5524 -1.4618 2.0748, 0.5423 -1.4518 2.0689, 0.5600 -1.4903 2.1107, 0.5463 -1.4960 2.1107, 0.5571 -1.4852 2.0965, 0.5447 -1.4903 2.0965, 0.5524 -1.4771 2.0842, 0.5423 -1.4813 2.0842, 0.5463 -1.4665 2.0748, 0.5391 -1.4695 2.0748, 0.5391 -1.4542 2.0689, 0.5355 -1.4557 2.0689, 0.5315 -1.4980 2.1107, 0.5315 -1.4921 2.0965, 0.5315 -1.4827 2.0842, 0.5315 -1.4705 2.0748, 0.5315 -1.4562 2.0689, 0.5315 -1.4562 2.0689
            ]
        }
        coordIndex [
            0 1 2 -1,2 1 3 -1,4 5 6 -1,6 5 7 -1,8 9 10 -1,10 9 11 -1,12 13 14 -1,14 13 15 -1,16 17 18 -1,18 17 19 -1,4 6 20 -1,4 20 21 -1,21 20 22 -1,21 22 23 -1,23 22 24 -1,23 24 25 -1,25 24 26 -1,25 26 27 -1,27 26 28 -1,27 28 29 -1,29 28 8 -1,29 8 10 -1,5 4 30 -1,5 30 31 -1,31 30 32 -1,31 32 33 -1,33 32 34 -1,33 34 35 -1,35 34 36 -1,35 36 37 -1,37 36 38 -1,37 38 39 -1,39 38 19 -1,39 19 17 -1,3 1 40 -1,3 40 41 -1,41 40 42 -1,41 42 43 -1,43 42 44 -1,43 44 45 -1,45 44 46 -1,45 46 47 -1,47 46 48 -1,47 48 49 -1,49 48 7 -1,49 7 5 -1,19 38 50 -1,51 52 53 -1,4 21 54 -1,53 52 4 -1,55 4 52 -1,55 52 56 -1,56 52 51 -1,56 51 57 -1,30 4 55 -1,58 59 60 -1,60 59 54 -1,60 54 61 -1,61 54 21 -1,61 21 23 -1,30 55 32 -1,32 55 56 -1,32 56 34 -1,34 56 57 -1,34 57 36 -1,62 58 63 -1,63 58 60 -1,63 60 64 -1,64 60 61 -1,64 61 65 -1,65 61 23 -1,65 23 25 -1,66 62 67 -1,67 62 63 -1,67 63 68 -1,68 63 64 -1,68 64 69 -1,69 64 65 -1,69 65 70 -1,70 65 25 -1,70 25 27 -1,38 66 50 -1,50 66 67 -1,50 67 71 -1,71 67 68 -1,71 68 72 -1,72 68 69 -1,72 69 73 -1,73 69 70 -1,73 70 74 -1,74 70 27 -1,74 27 29 -1,19 50 75 -1,75 50 71 -1,75 71 76 -1,76 71 72 -1,76 72 77 -1,77 72 73 -1,77 73 78 -1,78 73 74 -1,78 74 79 -1,79 74 29 -1,79 29 10 -1,59 4 54 -1,38 36 66 -1,66 36 57 -1,66 57 62 -1,62 57 51 -1,62 51 58 -1,58 51 53 -1,58 53 59 -1,59 53 4 -1,3 41 80 -1,81 82 83 -1,5 31 84 -1,83 82 5 -1,85 5 82 -1,85 82 86 -1,86 82 81 -1,86 81 87 -1,49 5 85 -1,88 89 90 -1,90 89 84 -1,90 84 91 -1,91 84 31 -1,91 31 33 -1,49 85 47 -1,47 85 86 -1,47 86 45 -1,45 86 87 -1,45 87 43 -1,92 88 93 -1,93 88 90 -1,93 90 94 -1,94 90 91 -1,94 91 95 -1,95 91 33 -1,95 33 35 -1,96 92 97 -1,97 92 93 -1,97 93 98 -1,98 93 94 -1,98 94 99 -1,99 94 95 -1,99 95 100 -1,100 95 35 -1,100 35 37 -1,41 96 80 -1,80 96 97 -1,80 97 101 -1,101 97 98 -1,101 98 102 -1,102 98 99 -1,102 99 103 -1,103 99 100 -1,103 100 104 -1,104 100 37 -1,104 37 39 -1,3 80 105 -1,105 80 101 -1,105 101 106 -1,106 101 102 -1,106 102 107 -1,107 102 103 -1,107 103 108 -1,108 103 104 -1,108 104 109 -1,109 104 39 -1,109 39 17 -1,89 5 84 -1,41 43 96 -1,96 43 87 -1,96 87 92 -1,92 87 81 -1,92 81 88 -1,88 81 83 -1,88 83 89 -1,89 83 5 -1,11 9 110 -1,11 110 111 -1,111 110 112 -1,111 112 113 -1,113 112 114 -1,113 114 115 -1,115 114 116 -1,115 116 117 -1,117 116 118 -1,117 118 119 -1,119 118 12 -1,119 12 14 -1,10 11 120 -1,10 120 79 -1,79 120 121 -1,79 121 78 -1,78 121 122 -1,78 122 77 -1,77 122 123 -1,77 123 76 -1,76 123 124 -1,76 124 75 -1,75 124 18 -1,75 18 19 -1,2 3 105 -1,2 105 125 -1,125 105 106 -1,125 106 126 -1,126 106 107 -1,126 107 127 -1,127 107 108 -1,127 108 128 -1,128 108 109 -1,128 109 129 -1,129 109 17 -1,129 17 16 -1,15 13 130 -1,15 130 131 -1,131 130 132 -1,131 132 133 -1,133 132 134 -1,133 134 135 -1,135 134 136 -1,135 136 137 -1,137 136 138 -1,137 138 139 -1,139 138 0 -1,139 0 2 -1,124 123 140 -1,140 123 141 -1,140 141 142 -1,142 141 143 -1,142 143 144 -1,144 143 145 -1,144 145 146 -1,146 145 147 -1,146 147 148 -1,148 147 149 -1,148 149 14 -1,123 122 141 -1,141 122 150 -1,141 150 143 -1,143 150 151 -1,143 151 145 -1,145 151 152 -1,145 152 147 -1,147 152 153 -1,147 153 149 -1,149 153 154 -1,149 154 14 -1,18 124 155 -1,155 124 140 -1,155 140 156 -1,156 140 142 -1,156 142 157 -1,157 142 144 -1,157 144 158 -1,158 144 146 -1,158 146 159 -1,159 146 148 -1,159 148 14 -1,121 120 160 -1,160 120 161 -1,160 161 162 -1,162 161 163 -1,162 163 164 -1,164 163 165 -1,164 165 166 -1,166 165 167 -1,166 167 168 -1,168 167 169 -1,168 169 14 -1,120 11 161 -1,161 11 111 -1,161 111 163 -1,163 111 113 -1,163 113 165 -1,165 113 115 -1,165 115 167 -1,167 115 117 -1,167 117 169 -1,169 117 119 -1,169 119 14 -1,122 121 150 -1,150 121 160 -1,150 160 151 -1,151 160 162 -1,151 162 152 -1,152 162 164 -1,152 164 153 -1,153 164 166 -1,153 166 154 -1,154 166 168 -1,154 168 14 -1,125 126 170 -1,170 126 171 -1,170 171 172 -1,172 171 173 -1,172 173 174 -1,174 173 175 -1,174 175 176 -1,176 175 177 -1,176 177 178 -1,178 177 179 -1,178 179 15 -1,126 127 171 -1,171 127 180 -1,171 180 173 -1,173 180 181 -1,173 181 175 -1,175 181 182 -1,175 182 177 -1,177 182 183 -1,177 183 179 -1,179 183 184 -1,179 184 15 -1,2 125 139 -1,139 125 170 -1,139 170 137 -1,137 170 172 -1,137 172 135 -1,135 172 174 -1,135 174 133 -1,133 174 176 -1,133 176 131 -1,131 176 178 -1,131 178 15 -1,128 129 185 -1,185 129 186 -1,185 186 187 -1,187 186 188 -1,187 188 189 -1,189 188 190 -1,189 190 191 -1,191 190 192 -1,191 192 193 -1,193 192 194 -1,193 194 15 -1,129 16 186 -1,186 16 195 -1,186 195 188 -1,188 195 196 -1,188 196 190 -1,190 196 197 -1,190 197 192 -1,192 197 198 -1,192 198 194 -1,194 198 199 -1,194 199 15 -1,127 128 180 -1,180 128 185 -1,180 185 181 -1,181 185 187 -1,181 187 182 -1,182 187 189 -1,182 189 183 -1,183 189 191 -1,183 191 184 -1,184 191 193 -1,184 193 15 -1,14 15 199 -1,14 199 159 -1,159 199 198 -1,159 198 158 -1,158 198 197 -1,158 197 157 -1,157 197 196 -1,157 196 156 -1,156 196 195 -1,156 195 155 -1,155 195 16 -1,155 16 18 -1,
        ]
    }
}
Shape{
    appearance Appearance {
        material  Material {
            diffuseColor 0.8509803921568627 0.8509803921568627 0.8509803921568627
            specularColor 0.4235294117647059 0.4235294117647059 0.4235294117647059
            ambientIntensity 0.2
            transparency 0
            shininess 0.5
        }
    }
    geometry IndexedFaceSet {
        ccw TRUE
        solid FALSE
        coord DEF co Coordinate {
            point [
                -0.3337 -0.1146 1.6575, -0.4105 -0.3115 1.6575, -0.3337 -0.1146 1.6535, -0.4105 -0.3115 1.6535, -0.3817 -0.3115 1.6575, -0.3817 -0.3115 1.6535, -0.3618 -0.2563 1.6575, -0.3618 -0.2563 1.6535, -0.2805 -0.2563 1.6575, -0.2805 -0.2563 1.6535, -0.2805 -0.2563 1.6535
            ]
        }
        coordIndex [
            0 1 2 -1,2 1 3 -1,1 4 3 -1,3 4 5 -1,4 6 5 -1,5 6 7 -1,6 8 7 -1,7 8 9 -1,
        ]
    }
}
Shape{
    appearance Appearance {
        material  Material {
            diffuseColor 1.0 1.0 1.0
            specularColor 0.8784313725490196 0.8784313725490196 0.8784313725490196
            ambientIntensity 0.2
            transparency 0
            shininess 0.5
        }
    }
    geometry IndexedFaceSet {
        ccw TRUE
        solid FALSE
        coord DEF co Coordinate {
            point [
                -0.2805 -0.2563 1.6575, -0.2617 -0.3115 1.6575, -0.2805 -0.2563 1.6535, -0.2617 -0.3115 1.6535, -0.2617 -0.3115 1.6535
            ]
        }
        coordIndex [
            0 1 2 -1,2 1 3 -1,
        ]
    }
}
Shape{
    appearance Appearance {
        material  Material {
            diffuseColor 0.8509803921568627 0.8509803921568627 0.8509803921568627
            specularColor 0.4235294117647059 0.4235294117647059 0.4235294117647059
            ambientIntensity 0.2
            transparency 0
            shininess 0.5
        }
    }
    geometry IndexedFaceSet {
        ccw TRUE
        solid FALSE
        coord DEF co Coordinate {
            point [
                -0.2617 -0.3115 1.6575, -0.2329 -0.3115 1.6575, -0.2617 -0.3115 1.6535, -0.2329 -0.3115 1.6535, -0.3073 -0.1146 1.6575, -0.3073 -0.1146 1.6535, -0.3337 -0.1146 1.6575, -0.3337 -0.1146 1.6535, -0.3337 -0.1146 1.6535
            ]
        }
        coordIndex [
            0 1 2 -1,2 1 3 -1,1 4 3 -1,3 4 5 -1,4 6 5 -1,5 6 7 -1,
        ]
    }
}
Shape{
    appearance Appearance {
        material  Material {
            diffuseColor 1.0 1.0 1.0
            specularColor 0.8784313725490196 0.8784313725490196 0.8784313725490196
            ambientIntensity 0.2
            transparency 0
            shininess 0.5
        }
    }
    geometry IndexedFaceSet {
        ccw TRUE
        solid FALSE
        coord DEF co Coordinate {
            point [
                -0.2871 -0.2347 1.6575, -0.2805 -0.2563 1.6575, -0.3529 -0.2347 1.6575, -0.3618 -0.2563 1.6575, -0.3165 -0.1524 1.6575, -0.3073 -0.1146 1.6575, -0.2329 -0.3115 1.6575, -0.2617 -0.3115 1.6575, -0.3184 -0.1456 1.6575, -0.3196 -0.1386 1.6575, -0.3337 -0.1146 1.6575, -0.3203 -0.1386 1.6575, -0.3215 -0.1456 1.6575, -0.3233 -0.1524 1.6575, -0.4105 -0.3115 1.6575, -0.3817 -0.3115 1.6575, -0.2871 -0.2347 1.6535, -0.3529 -0.2347 1.6535, -0.3165 -0.1524 1.6535, -0.3184 -0.1456 1.6535, -0.3196 -0.1386 1.6535, -0.3203 -0.1386 1.6535, -0.3215 -0.1456 1.6535, -0.3233 -0.1524 1.6535, -0.1135 -0.3115 1.6575, -0.0600 -0.3115 1.6575, -0.1135 -0.3115 1.6535, -0.0600 -0.3115 1.6535, -0.0600 -0.3115 1.6535
            ]
        }
        coordIndex [
            0 1 2 -1,2 1 3 -1,4 5 0 -1,0 5 6 -1,0 6 1 -1,1 6 7 -1,4 8 5 -1,5 8 9 -1,5 9 10 -1,10 9 11 -1,10 11 12 -1,12 13 10 -1,10 13 2 -1,10 2 14 -1,14 2 3 -1,14 3 15 -1,0 2 16 -1,16 2 17 -1,4 0 18 -1,18 0 16 -1,4 18 19 -1,4 19 8 -1,8 19 20 -1,8 20 9 -1,11 9 21 -1,21 9 20 -1,11 21 22 -1,11 22 12 -1,12 22 23 -1,12 23 13 -1,2 13 17 -1,17 13 23 -1,24 25 26 -1,26 25 27 -1,
        ]
    }
}
Shape{
    appearance Appearance {
        material  Material {
            diffuseColor 0.8509803921568627 0.8509803921568627 0.8509803921568627
            specularColor 0.4235294117647059 0.4235294117647059 0.4235294117647059
            ambientIntensity 0.2
            transparency 0
            shininess 0.5
        }
    }
    geometry IndexedFaceSet {
        ccw TRUE
        solid FALSE
        coord DEF co Coordinate {
            point [
                -0.0600 -0.3115 1.6575, -0.0600 -0.1146 1.6575, -0.0600 -0.3115 1.6535, -0.0600 -0.1146 1.6535, -0.0600 -0.1146 1.6535
            ]
        }
        coordIndex [
            0 1 2 -1,2 1 3 -1,
        ]
    }
}
Shape{
    appearance Appearance {
        material  Material {
            diffuseColor 1.0 1.0 1.0
            specularColor 0.8784313725490196 0.8784313725490196 0.8784313725490196
            ambientIntensity 0.2
            transparency 0
            shininess 0.5
        }
    }
    geometry IndexedFaceSet {
        ccw TRUE
        solid FALSE
        coord DEF co Coordinate {
            point [
                -0.0600 -0.1146 1.6575, -0.1156 -0.1146 1.6575, -0.0600 -0.1146 1.6535, -0.1156 -0.1146 1.6535, -0.1156 -0.1146 1.6535
            ]
        }
        coordIndex [
            0 1 2 -1,2 1 3 -1,
        ]
    }
}
Shape{
    appearance Appearance {
        material  Material {
            diffuseColor 0.8509803921568627 0.8509803921568627 0.8509803921568627
            specularColor 0.4235294117647059 0.4235294117647059 0.4235294117647059
            ambientIntensity 0.2
            transparency 0
            shininess 0.5
        }
    }
    geometry IndexedFaceSet {
        ccw TRUE
        solid FALSE
        coord DEF co Coordinate {
            point [
                -0.2185 -0.2106 1.6575, -0.2185 -0.2106 1.6535, -0.2170 -0.1921 1.6535, -0.2170 -0.1921 1.6575, -0.2117 -0.1727 1.6535, -0.2117 -0.1727 1.6575, -0.2026 -0.1557 1.6535, -0.2026 -0.1557 1.6575, -0.1887 -0.1403 1.6535, -0.1887 -0.1403 1.6575, -0.1885 -0.1401 1.6535, -0.1885 -0.1401 1.6575, -0.1670 -0.1258 1.6535, -0.1670 -0.1258 1.6575, -0.1440 -0.1177 1.6535, -0.1440 -0.1177 1.6575, -0.1156 -0.1146 1.6535, -0.1156 -0.1146 1.6575, -0.1135 -0.3115 1.6575, -0.1135 -0.3115 1.6535, -0.1379 -0.3094 1.6535, -0.1379 -0.3094 1.6575, -0.1606 -0.3026 1.6535, -0.1606 -0.3026 1.6575, -0.1811 -0.2907 1.6535, -0.1811 -0.2907 1.6575, -0.1973 -0.2751 1.6535, -0.1973 -0.2751 1.6575, -0.2086 -0.2575 1.6535, -0.2086 -0.2575 1.6575, -0.2157 -0.2369 1.6535, -0.2157 -0.2369 1.6575, -0.1789 -0.1638 1.6575, -0.1694 -0.1537 1.6575, -0.1550 -0.1444 1.6575, -0.1388 -0.1387 1.6575, -0.1155 -0.1362 1.6575, -0.0864 -0.1362 1.6575, -0.0600 -0.1146 1.6575, -0.0864 -0.2899 1.6575, -0.0600 -0.3115 1.6575, -0.1144 -0.2899 1.6575, -0.1351 -0.2879 1.6575, -0.1517 -0.2828 1.6575, -0.1651 -0.2748 1.6575, -0.1762 -0.2639 1.6575, -0.1845 -0.2503 1.6575, -0.1902 -0.2318 1.6575, -0.1920 -0.2111 1.6575, -0.1904 -0.1916 1.6575, -0.1858 -0.1760 1.6575, -0.1155 -0.1362 1.6535, -0.0864 -0.1362 1.6535, -0.1388 -0.1387 1.6535, -0.1550 -0.1444 1.6535, -0.1694 -0.1537 1.6535, -0.1789 -0.1638 1.6535, -0.1858 -0.1760 1.6535, -0.1904 -0.1916 1.6535, -0.1920 -0.2111 1.6535, -0.1920 -0.2111 1.6535
            ]
        }
        coordIndex [
            0 1 2 -1,0 2 3 -1,3 2 4 -1,3 4 5 -1,5 4 6 -1,5 6 7 -1,7 6 8 -1,7 8 9 -1,9 8 10 -1,9 10 11 -1,11 10 12 -1,11 12 13 -1,13 12 14 -1,13 14 15 -1,15 14 16 -1,15 16 17 -1,18 19 20 -1,18 20 21 -1,21 20 22 -1,21 22 23 -1,23 22 24 -1,23 24 25 -1,25 24 26 -1,25 26 27 -1,27 26 28 -1,27 28 29 -1,29 28 30 -1,29 30 31 -1,31 30 1 -1,31 1 0 -1,5 7 32 -1,32 7 9 -1,32 9 33 -1,33 9 11 -1,33 11 34 -1,34 11 13 -1,34 13 35 -1,35 13 15 -1,35 15 36 -1,36 15 17 -1,36 17 37 -1,37 17 38 -1,37 38 39 -1,39 38 40 -1,39 40 41 -1,41 40 18 -1,41 18 42 -1,42 18 21 -1,42 21 43 -1,43 21 23 -1,43 23 44 -1,44 23 25 -1,44 25 45 -1,45 25 27 -1,45 27 46 -1,46 27 29 -1,46 29 47 -1,47 29 31 -1,47 31 48 -1,48 31 0 -1,48 0 49 -1,49 0 3 -1,49 3 50 -1,50 3 5 -1,50 5 32 -1,36 37 51 -1,51 37 52 -1,36 51 53 -1,36 53 35 -1,35 53 54 -1,35 54 34 -1,34 54 55 -1,34 55 33 -1,33 55 56 -1,33 56 32 -1,32 56 57 -1,32 57 50 -1,50 57 58 -1,50 58 49 -1,49 58 59 -1,49 59 48 -1,
        ]
    }
}
Shape{
    appearance Appearance {
        material  Material {
            diffuseColor 1.0 1.0 1.0
            specularColor 0.8784313725490196 0.8784313725490196 0.8784313725490196
            ambientIntensity 0.2
            transparency 0
            shininess 0.5
        }
    }
    geometry IndexedFaceSet {
        ccw TRUE
        solid FALSE
        coord DEF co Coordinate {
            point [
                -0.1920 -0.2111 1.6575, -0.1920 -0.2111 1.6535, -0.1902 -0.2318 1.6535, -0.1902 -0.2318 1.6575, -0.1845 -0.2503 1.6535, -0.1845 -0.2503 1.6575, -0.1762 -0.2639 1.6535, -0.1762 -0.2639 1.6575, -0.1651 -0.2748 1.6535, -0.1651 -0.2748 1.6575, -0.1517 -0.2828 1.6535, -0.1517 -0.2828 1.6575, -0.1351 -0.2879 1.6535, -0.1351 -0.2879 1.6575, -0.1144 -0.2899 1.6535, -0.1144 -0.2899 1.6575, -0.0864 -0.2899 1.6575, -0.0864 -0.2899 1.6535, -0.0864 -0.2899 1.6535
            ]
        }
        coordIndex [
            0 1 2 -1,0 2 3 -1,3 2 4 -1,3 4 5 -1,5 4 6 -1,5 6 7 -1,7 6 8 -1,7 8 9 -1,9 8 10 -1,9 10 11 -1,11 10 12 -1,11 12 13 -1,13 12 14 -1,13 14 15 -1,16 15 17 -1,17 15 14 -1,
        ]
    }
}
Shape{
    appearance Appearance {
        material  Material {
            diffuseColor 0.8509803921568627 0.8509803921568627 0.8509803921568627
            specularColor 0.4235294117647059 0.4235294117647059 0.4235294117647059
            ambientIntensity 0.2
            transparency 0
            shininess 0.5
        }
    }
    geometry IndexedFaceSet {
        ccw TRUE
        solid FALSE
        coord DEF co Coordinate {
            point [
                -0.0864 -0.1362 1.6575, -0.0864 -0.2899 1.6575, -0.0864 -0.1362 1.6535, -0.0864 -0.2899 1.6535, -0.0864 -0.2899 1.6535
            ]
        }
        coordIndex [
            0 1 2 -1,2 1 3 -1,
        ]
    }
}
Shape{
    appearance Appearance {
        material  Material {
            diffuseColor 1.0 1.0 1.0
            specularColor 0.8784313725490196 0.8784313725490196 0.8784313725490196
            ambientIntensity 0.2
            transparency 0
            shininess 0.5
        }
    }
    geometry IndexedFaceSet {
        ccw TRUE
        solid FALSE
        coord DEF co Coordinate {
            point [
                -0.0216 -0.2899 1.6575, -0.0216 -0.3115 1.6575, -0.0216 -0.2899 1.6535, -0.0216 -0.3115 1.6535, -0.0216 -0.3115 1.6535
            ]
        }
        coordIndex [
            0 1 2 -1,2 1 3 -1,
        ]
    }
}
Shape{
    appearance Appearance {
        material  Material {
            diffuseColor 0.8509803921568627 0.8509803921568627 0.8509803921568627
            specularColor 0.4235294117647059 0.4235294117647059 0.4235294117647059
            ambientIntensity 0.2
            transparency 0
            shininess 0.5
        }
    }
    geometry IndexedFaceSet {
        ccw TRUE
        solid FALSE
        coord DEF co Coordinate {
            point [
                -0.0216 -0.3115 1.6575, 0.0840 -0.3115 1.6575, -0.0216 -0.3115 1.6535, 0.0840 -0.3115 1.6535, 0.0840 -0.3115 1.6535
            ]
        }
        coordIndex [
            0 1 2 -1,2 1 3 -1,
        ]
    }
}
Shape{
    appearance Appearance {
        material  Material {
            diffuseColor 1.0 1.0 1.0
            specularColor 0.8784313725490196 0.8784313725490196 0.8784313725490196
            ambientIntensity 0.2
            transparency 0
            shininess 0.5
        }
    }
    geometry IndexedFaceSet {
        ccw TRUE
        solid FALSE
        coord DEF co Coordinate {
            point [
                0.0840 -0.3115 1.6575, 0.0840 -0.1146 1.6575, 0.0840 -0.3115 1.6535, 0.0840 -0.1146 1.6535, -0.0168 -0.1146 1.6575, -0.0168 -0.1146 1.6535, -0.0168 -0.1362 1.6575, -0.0168 -0.1362 1.6535, 0.0576 -0.1362 1.6575, 0.0576 -0.1362 1.6535, 0.0576 -0.1362 1.6535
            ]
        }
        coordIndex [
            0 1 2 -1,2 1 3 -1,1 4 3 -1,3 4 5 -1,4 6 5 -1,5 6 7 -1,6 8 7 -1,7 8 9 -1,
        ]
    }
}
Shape{
    appearance Appearance {
        material  Material {
            diffuseColor 0.8509803921568627 0.8509803921568627 0.8509803921568627
            specularColor 0.4235294117647059 0.4235294117647059 0.4235294117647059
            ambientIntensity 0.2
            transparency 0
            shininess 0.5
        }
    }
    geometry IndexedFaceSet {
        ccw TRUE
        solid FALSE
        coord DEF co Coordinate {
            point [
                0.0576 -0.1362 1.6575, 0.0576 -0.2011 1.6575, 0.0576 -0.1362 1.6535, 0.0576 -0.2011 1.6535, 0.0576 -0.2011 1.6535
            ]
        }
        coordIndex [
            0 1 2 -1,2 1 3 -1,
        ]
    }
}
Shape{
    appearance Appearance {
        material  Material {
            diffuseColor 1.0 1.0 1.0
            specularColor 0.8784313725490196 0.8784313725490196 0.8784313725490196
            ambientIntensity 0.2
            transparency 0
            shininess 0.5
        }
    }
    geometry IndexedFaceSet {
        ccw TRUE
        solid FALSE
        coord DEF co Coordinate {
            point [
                0.0576 -0.2011 1.6575, -0.0120 -0.2011 1.6575, 0.0576 -0.2011 1.6535, -0.0120 -0.2011 1.6535, -0.0120 -0.2227 1.6575, -0.0120 -0.2227 1.6535, -0.0120 -0.2227 1.6535
            ]
        }
        coordIndex [
            0 1 2 -1,2 1 3 -1,1 4 3 -1,3 4 5 -1,
        ]
    }
}
Shape{
    appearance Appearance {
        material  Material {
            diffuseColor 0.8509803921568627 0.8509803921568627 0.8509803921568627
            specularColor 0.4235294117647059 0.4235294117647059 0.4235294117647059
            ambientIntensity 0.2
            transparency 0
            shininess 0.5
        }
    }
    geometry IndexedFaceSet {
        ccw TRUE
        solid FALSE
        coord DEF co Coordinate {
            point [
                -0.0120 -0.2227 1.6575, 0.0576 -0.2227 1.6575, -0.0120 -0.2227 1.6535, 0.0576 -0.2227 1.6535, 0.0576 -0.2227 1.6535
            ]
        }
        coordIndex [
            0 1 2 -1,2 1 3 -1,
        ]
    }
}
Shape{
    appearance Appearance {
        material  Material {
            diffuseColor 1.0 1.0 1.0
            specularColor 0.8784313725490196 0.8784313725490196 0.8784313725490196
            ambientIntensity 0.2
            transparency 0
            shininess 0.5
        }
    }
    geometry IndexedFaceSet {
        ccw TRUE
        solid FALSE
        coord DEF co Coordinate {
            point [
                0.0576 -0.2227 1.6575, 0.0576 -0.2899 1.6575, 0.0576 -0.2227 1.6535, 0.0576 -0.2899 1.6535, -0.0216 -0.2899 1.6575, -0.0216 -0.2899 1.6535, 0.0840 -0.3115 1.6575, -0.0216 -0.3115 1.6575, 0.0840 -0.1146 1.6575, -0.0168 -0.1362 1.6575, -0.0168 -0.1146 1.6575, 0.0576 -0.1362 1.6575, 0.0576 -0.2011 1.6575, -0.0120 -0.2011 1.6575, -0.0120 -0.2227 1.6575, 0.1224 -0.2797 1.6575, 0.1224 -0.3013 1.6575, 0.1224 -0.2797 1.6535, 0.1224 -0.3013 1.6535, 0.1434 -0.3099 1.6575, 0.1766 -0.3139 1.6575, 0.1766 -0.3139 1.6535, 0.1712 -0.3138 1.6535, 0.1712 -0.3138 1.6575, 0.1633 -0.3127 1.6535, 0.1434 -0.3099 1.6535, 0.2689 -0.2168 1.6575, 0.2689 -0.2168 1.6535, 0.2670 -0.2396 1.6535, 0.2670 -0.2396 1.6575, 0.2610 -0.2604 1.6535, 0.2610 -0.2604 1.6575, 0.2506 -0.2791 1.6535, 0.2506 -0.2791 1.6575, 0.2358 -0.2947 1.6535, 0.2358 -0.2947 1.6575, 0.2199 -0.3048 1.6535, 0.2199 -0.3048 1.6575, 0.2009 -0.3114 1.6535, 0.2009 -0.3114 1.6575, 0.1882 -0.3127 1.6535, 0.1688 -0.1122 1.6575, 0.1688 -0.1122 1.6535, 0.1885 -0.1138 1.6575, 0.1835 -0.1134 1.6535, 0.1885 -0.1138 1.6535, 0.2105 -0.1202 1.6535, 0.2105 -0.1202 1.6575, 0.2292 -0.1310 1.6535, 0.2292 -0.1310 1.6575, 0.2469 -0.1481 1.6535, 0.2469 -0.1481 1.6575, 0.2585 -0.1665 1.6535, 0.2585 -0.1665 1.6575, 0.2660 -0.1888 1.6535, 0.2660 -0.1888 1.6575, 0.1514 -0.1134 1.6535, 0.1452 -0.1139 1.6575, 0.1452 -0.1139 1.6535, 0.1224 -0.1200 1.6575, 0.1224 -0.1200 1.6535, 0.1224 -0.1464 1.6575, 0.1224 -0.1464 1.6535, 0.1685 -0.1338 1.6575, 0.1685 -0.1338 1.6535, 0.1446 -0.1369 1.6535, 0.1446 -0.1369 1.6575, 0.2425 -0.2152 1.6575, 0.2425 -0.2152 1.6535, 0.2415 -0.1998 1.6535, 0.2415 -0.1998 1.6575, 0.2363 -0.1788 1.6535, 0.2363 -0.1788 1.6575, 0.2282 -0.1636 1.6535, 0.2282 -0.1636 1.6575, 0.2163 -0.1504 1.6535, 0.2163 -0.1504 1.6575, 0.2026 -0.1413 1.6535, 0.2026 -0.1413 1.6575, 0.1879 -0.1360 1.6535, 0.1879 -0.1360 1.6575, 0.1730 -0.2923 1.6575, 0.1730 -0.2923 1.6535, 0.1913 -0.2902 1.6535, 0.1913 -0.2902 1.6575, 0.2057 -0.2849 1.6535, 0.2057 -0.2849 1.6575, 0.2177 -0.2768 1.6535, 0.2177 -0.2768 1.6575, 0.2270 -0.2670 1.6535, 0.2270 -0.2670 1.6575, 0.2351 -0.2534 1.6535, 0.2351 -0.2534 1.6575, 0.2405 -0.2365 1.6535, 0.2405 -0.2365 1.6575, 0.1260 -0.2816 1.6535, 0.1260 -0.2816 1.6575, 0.1468 -0.2894 1.6535, 0.1468 -0.2894 1.6575, 0.2857 -0.2899 1.6575, 0.2857 -0.3115 1.6575, 0.2857 -0.2899 1.6535, 0.2857 -0.3115 1.6535, 0.3865 -0.3115 1.6575, 0.3865 -0.3115 1.6535, 0.3865 -0.1146 1.6575, 0.3865 -0.1146 1.6535, 0.3601 -0.1146 1.6575, 0.3601 -0.1146 1.6535, 0.3601 -0.2899 1.6575, 0.3601 -0.2899 1.6535, 0.3601 -0.2899 1.6535
            ]
        }
        coordIndex [
            0 1 2 -1,2 1 3 -1,1 4 3 -1,3 4 5 -1,6 7 4 -1,4 1 6 -1,6 1 0 -1,6 0 8 -1,9 10 11 -1,11 10 8 -1,11 8 12 -1,12 8 0 -1,12 0 13 -1,13 0 14 -1,15 16 17 -1,17 16 18 -1,18 16 19 -1,20 21 22 -1,20 22 23 -1,23 22 24 -1,23 24 19 -1,19 24 25 -1,19 25 18 -1,26 27 28 -1,26 28 29 -1,29 28 30 -1,29 30 31 -1,31 30 32 -1,31 32 33 -1,33 32 34 -1,33 34 35 -1,35 34 36 -1,35 36 37 -1,37 36 38 -1,37 38 39 -1,39 38 20 -1,20 38 40 -1,20 40 21 -1,41 42 43 -1,43 42 44 -1,44 45 43 -1,43 45 46 -1,43 46 47 -1,47 46 48 -1,47 48 49 -1,49 48 50 -1,49 50 51 -1,51 50 52 -1,51 52 53 -1,53 52 54 -1,53 54 55 -1,55 54 27 -1,55 27 26 -1,42 41 56 -1,56 41 57 -1,56 57 58 -1,58 57 59 -1,58 59 60 -1,59 61 60 -1,60 61 62 -1,63 64 65 -1,63 65 66 -1,66 65 62 -1,66 62 61 -1,67 68 69 -1,67 69 70 -1,70 69 71 -1,70 71 72 -1,72 71 73 -1,72 73 74 -1,74 73 75 -1,74 75 76 -1,76 75 77 -1,76 77 78 -1,78 77 79 -1,78 79 80 -1,80 79 64 -1,80 64 63 -1,81 82 83 -1,81 83 84 -1,84 83 85 -1,84 85 86 -1,86 85 87 -1,86 87 88 -1,88 87 89 -1,88 89 90 -1,90 89 91 -1,90 91 92 -1,92 91 93 -1,92 93 94 -1,94 93 68 -1,94 68 67 -1,15 17 95 -1,15 95 96 -1,96 95 97 -1,96 97 98 -1,98 97 82 -1,98 82 81 -1,84 20 81 -1,81 20 23 -1,81 23 98 -1,98 23 19 -1,98 19 96 -1,96 19 16 -1,96 16 15 -1,61 59 66 -1,66 59 57 -1,66 57 63 -1,63 57 41 -1,63 41 80 -1,80 41 43 -1,80 43 78 -1,78 43 47 -1,78 47 76 -1,76 47 49 -1,76 49 74 -1,74 49 51 -1,74 51 72 -1,72 51 53 -1,72 53 70 -1,70 53 55 -1,70 55 67 -1,67 55 26 -1,67 26 94 -1,94 26 29 -1,94 29 92 -1,92 29 31 -1,92 31 90 -1,90 31 33 -1,90 33 88 -1,88 33 35 -1,88 35 86 -1,86 35 37 -1,86 37 84 -1,84 37 39 -1,84 39 20 -1,99 100 101 -1,101 100 102 -1,100 103 102 -1,102 103 104 -1,103 105 104 -1,104 105 106 -1,105 107 106 -1,106 107 108 -1,107 109 108 -1,108 109 110 -1,109 99 110 -1,110 99 101 -1,107 105 109 -1,109 105 103 -1,109 103 99 -1,99 103 100 -1,
        ]
    }
}
Shape{
    appearance Appearance {
        material  Material {
            diffuseColor 0.2235294117647059 0.2235294117647059 0.2235294117647059
            specularColor 0.11372549019607843 0.11372549019607843 0.11372549019607843
            ambientIntensity 0.2
            transparency 0
            shininess 0.5
        }
    }
    geometry IndexedFaceSet {
        ccw TRUE
        solid FALSE
        coord DEF co Coordinate {
            point [
                -0.2871 -0.2347 1.6535, -0.3529 -0.2347 1.6535, -0.3165 -0.1524 1.6535, -0.3233 -0.1524 1.6535, -0.3184 -0.1456 1.6535, -0.3215 -0.1456 1.6535, -0.3196 -0.1386 1.6535, -0.3203 -0.1386 1.6535, -0.0864 -0.1362 1.6535, -0.0864 -0.2899 1.6535, -0.1155 -0.1362 1.6535, -0.1144 -0.2899 1.6535, -0.1351 -0.2879 1.6535, -0.1920 -0.2111 1.6535, -0.1904 -0.1916 1.6535, -0.1858 -0.1760 1.6535, -0.1388 -0.1387 1.6535, -0.1517 -0.2828 1.6535, -0.1651 -0.2748 1.6535, -0.1762 -0.2639 1.6535, -0.1845 -0.2503 1.6535, -0.1902 -0.2318 1.6535, -0.1789 -0.1638 1.6535, -0.1694 -0.1537 1.6535, -0.1550 -0.1444 1.6535, -0.1550 -0.1444 1.6535
            ]
        }
        coordIndex [
            0 1 2 -1,2 1 3 -1,2 3 4 -1,4 3 5 -1,4 5 6 -1,6 5 7 -1,8 9 10 -1,10 9 11 -1,10 11 12 -1,13 14 10 -1,10 14 15 -1,10 15 16 -1,12 17 10 -1,10 17 18 -1,10 18 19 -1,19 20 10 -1,10 20 21 -1,10 21 13 -1,22 23 15 -1,15 23 24 -1,15 24 16 -1,
        ]
    }
}